timestamp,device_id,raw_pm2_5,temperature,humidity
2026-01-01 00:00:00,D01,39.6484138220918,21.867742579344693,73.2732693951707
2026-01-01 00:00:00,D02,40.11199460079547,21.867742579344693,73.2732693951707
2026-01-01 00:00:00,D03,42.84209137498902,21.867742579344693,73.2732693951707
2026-01-01 00:00:00,D04,40.76920084389428,21.867742579344693,73.2732693951707
2026-01-01 00:00:00,D05,41.43786505763505,21.867742579344693,73.2732693951707
2026-01-01 00:05:00,D01,39.08057057583767,20.999258682397077,70.73900228157095
2026-01-01 00:05:00,D02,40.041855605522336,20.999258682397077,70.73900228157095
2026-01-01 00:05:00,D03,38.63397766690981,20.999258682397077,70.73900228157095
2026-01-01 00:05:00,D04,39.44151774526627,20.999258682397077,70.73900228157095
2026-01-01 00:05:00,D05,37.61276113967139,20.999258682397077,70.73900228157095
2026-01-01 00:10:00,D01,43.1087518863593,22.322467907195325,73.77641098419444
2026-01-01 00:10:00,D02,42.915833807015325,22.322467907195325,73.77641098419444
2026-01-01 00:10:00,D03,42.00523106906724,22.322467907195325,73.77641098419444
2026-01-01 00:10:00,D04,44.386304847271965,22.322467907195325,73.77641098419444
2026-01-01 00:10:00,D05,40.74871852145081,22.322467907195325,73.77641098419444
2026-01-01 00:15:00,D01,44.72012751201957,21.391076186380246,76.41364401196454
2026-01-01 00:15:00,D02,44.655544437769315,21.391076186380246,76.41364401196454
2026-01-01 00:15:00,D03,45.26694571233127,21.391076186380246,76.41364401196454
2026-01-01 00:15:00,D04,43.909470957907125,21.391076186380246,76.41364401196454
2026-01-01 00:15:00,D05,42.561976675399364,21.391076186380246,76.41364401196454
2026-01-01 00:20:00,D01,40.040119031212825,22.04899282467444,75.73736675454002
2026-01-01 00:20:00,D02,40.47728629984936,22.04899282467444,75.73736675454002
2026-01-01 00:20:00,D03,41.00234043729372,22.04899282467444,75.73736675454002
2026-01-01 00:20:00,D04,40.59617075300513,22.04899282467444,75.73736675454002
2026-01-01 00:20:00,D05,41.404815390242625,22.04899282467444,75.73736675454002
2026-01-01 00:25:00,D01,41.474796835742005,22.1684067778675,74.60829348779501
2026-01-01 00:25:00,D02,40.307523623302494,22.1684067778675,74.60829348779501
2026-01-01 00:25:00,D03,40.796068547113066,22.1684067778675,74.60829348779501
2026-01-01 00:25:00,D04,40.068438121385455,22.1684067778675,74.60829348779501
2026-01-01 00:25:00,D05,41.98243689163959,22.1684067778675,74.60829348779501
2026-01-01 00:30:00,D01,44.80490339570733,22.723104991050274,74.88099818816102
2026-01-01 00:30:00,D02,45.47075281166679,22.723104991050274,74.88099818816102
2026-01-01 00:30:00,D03,43.4952039062534,22.723104991050274,74.88099818816102
2026-01-01 00:30:00,D04,47.52916208027151,22.723104991050274,74.88099818816102
2026-01-01 00:30:00,D05,46.40309488412561,22.723104991050274,74.88099818816102
2026-01-01 00:35:00,D01,44.55637792920598,21.403782248101642,73.8502867908145
2026-01-01 00:35:00,D02,43.800277206202196,21.403782248101642,73.8502867908145
2026-01-01 00:35:00,D03,41.67433413163729,21.403782248101642,73.8502867908145
2026-01-01 00:35:00,D04,42.13215553840425,21.403782248101642,73.8502867908145
2026-01-01 00:35:00,D05,43.71250464230553,21.403782248101642,73.8502867908145
2026-01-01 00:40:00,D01,40.87204259862617,20.566205157028545,75.15521585372475
2026-01-01 00:40:00,D02,40.258572451256505,20.566205157028545,75.15521585372475
2026-01-01 00:40:00,D03,41.567583113716985,20.566205157028545,75.15521585372475
2026-01-01 00:40:00,D04,40.32382326638565,20.566205157028545,75.15521585372475
2026-01-01 00:40:00,D05,41.788799294827896,20.566205157028545,75.15521585372475
2026-01-01 00:45:00,D01,44.06165542120579,22.187998370360695,75.95667022325323
2026-01-01 00:45:00,D02,42.330459685145414,22.187998370360695,75.95667022325323
2026-01-01 00:45:00,D03,44.54217054810815,22.187998370360695,75.95667022325323
2026-01-01 00:45:00,D04,44.035234015237535,22.187998370360695,75.95667022325323
2026-01-01 00:45:00,D05,43.24162418479431,22.187998370360695,75.95667022325323
2026-01-01 00:50:00,D01,43.87957266424872,23.018775555155763,72.33912989008363
2026-01-01 00:50:00,D02,39.26446115518665,23.018775555155763,72.33912989008363
2026-01-01 00:50:00,D03,40.79871076327793,23.018775555155763,72.33912989008363
2026-01-01 00:50:00,D04,41.43991215206742,23.018775555155763,72.33912989008363
2026-01-01 00:50:00,D05,40.862321485544314,23.018775555155763,72.33912989008363
2026-01-01 00:55:00,D01,42.043498571168676,22.762762827403414,75.16289222988863
2026-01-01 00:55:00,D02,41.70861239924401,22.762762827403414,75.16289222988863
2026-01-01 00:55:00,D03,40.30633790850486,22.762762827403414,75.16289222988863
2026-01-01 00:55:00,D04,40.17236352127376,22.762762827403414,75.16289222988863
2026-01-01 00:55:00,D05,40.50226754781535,22.762762827403414,75.16289222988863
2026-01-01 01:00:00,D01,43.121443159952115,22.275200576191974,76.05791056932269
2026-01-01 01:00:00,D02,43.108523948890735,22.275200576191974,76.05791056932269
2026-01-01 01:00:00,D03,40.613945563608254,22.275200576191974,76.05791056932269
2026-01-01 01:00:00,D04,43.09940737081609,22.275200576191974,76.05791056932269
2026-01-01 01:00:00,D05,42.05178703604941,22.275200576191974,76.05791056932269
2026-01-01 01:05:00,D01,39.6941766362153,21.953932635254333,73.97784811041423
2026-01-01 01:05:00,D02,40.23695328370139,21.953932635254333,73.97784811041423
2026-01-01 01:05:00,D03,37.99096480733179,21.953932635254333,73.97784811041423
2026-01-01 01:05:00,D04,39.651414297414945,21.953932635254333,73.97784811041423
2026-01-01 01:05:00,D05,37.76182321127427,21.953932635254333,73.97784811041423
2026-01-01 01:10:00,D01,39.19194147181278,22.634976544577523,75.58822042566314
2026-01-01 01:10:00,D02,40.0552352398742,22.634976544577523,75.58822042566314
2026-01-01 01:10:00,D03,39.443565487517624,22.634976544577523,75.58822042566314
2026-01-01 01:10:00,D04,40.069241934314554,22.634976544577523,75.58822042566314
2026-01-01 01:10:00,D05,40.46202874470904,22.634976544577523,75.58822042566314
2026-01-01 01:15:00,D01,44.477787300074404,21.778576252672238,78.6912829616599
2026-01-01 01:15:00,D02,43.57293216341219,21.778576252672238,78.6912829616599
2026-01-01 01:15:00,D03,43.688942835386406,21.778576252672238,78.6912829616599
2026-01-01 01:15:00,D04,42.751003820815455,21.778576252672238,78.6912829616599
2026-01-01 01:15:00,D05,41.86599245498719,21.778576252672238,78.6912829616599
2026-01-01 01:20:00,D01,41.57461023028382,22.53971578074857,74.24041201837875
2026-01-01 01:20:00,D02,40.85598389767415,22.53971578074857,74.24041201837875
2026-01-01 01:20:00,D03,42.0676728848208,22.53971578074857,74.24041201837875
2026-01-01 01:20:00,D04,43.58023708167602,22.53971578074857,74.24041201837875
2026-01-01 01:20:00,D05,40.86950849509963,22.53971578074857,74.24041201837875
2026-01-01 01:25:00,D01,43.97994172780205,22.592695733169318,74.91003926783597
2026-01-01 01:25:00,D02,45.559759870310316,22.592695733169318,74.91003926783597
2026-01-01 01:25:00,D03,44.557960452734314,22.592695733169318,74.91003926783597
2026-01-01 01:25:00,D04,44.52440514085058,22.592695733169318,74.91003926783597
2026-01-01 01:25:00,D05,42.436630391216354,22.592695733169318,74.91003926783597
2026-01-01 01:30:00,D01,41.17509716758844,22.91070729119301,73.13170969962077
2026-01-01 01:30:00,D02,41.66052984313161,22.91070729119301,73.13170969962077
2026-01-01 01:30:00,D03,41.61066651130734,22.91070729119301,73.13170969962077
2026-01-01 01:30:00,D04,42.806430631148835,22.91070729119301,73.13170969962077
2026-01-01 01:30:00,D05,41.32093850727931,22.91070729119301,73.13170969962077
2026-01-01 01:35:00,D01,42.30007968752323,23.803272623858305,74.42499153509755
2026-01-01 01:35:00,D02,42.16904116564951,23.803272623858305,74.42499153509755
2026-01-01 01:35:00,D03,40.61969377866083,23.803272623858305,74.42499153509755
2026-01-01 01:35:00,D04,38.77868149208891,23.803272623858305,74.42499153509755
2026-01-01 01:35:00,D05,41.15148597364232,23.803272623858305,74.42499153509755
2026-01-01 01:40:00,D01,48.02466756807784,22.664669048406132,74.75348530783995
2026-01-01 01:40:00,D02,45.89723292897251,22.664669048406132,74.75348530783995
2026-01-01 01:40:00,D03,48.563127752758064,22.664669048406132,74.75348530783995
2026-01-01 01:40:00,D04,49.02304505593733,22.664669048406132,74.75348530783995
2026-01-01 01:40:00,D05,45.869209601826256,22.664669048406132,74.75348530783995
2026-01-01 01:45:00,D01,43.47397992980285,22.26115447948281,74.26099092573209
2026-01-01 01:45:00,D02,44.41490632514889,22.26115447948281,74.26099092573209
2026-01-01 01:45:00,D03,44.17207284197533,22.26115447948281,74.26099092573209
2026-01-01 01:45:00,D04,44.0363337070472,22.26115447948281,74.26099092573209
2026-01-01 01:45:00,D05,46.89187614502298,22.26115447948281,74.26099092573209
2026-01-01 01:50:00,D01,45.32899388684861,22.552158678012894,72.34056535221893
2026-01-01 01:50:00,D02,42.98621688315868,22.552158678012894,72.34056535221893
2026-01-01 01:50:00,D03,42.64994184980517,22.552158678012894,72.34056535221893
2026-01-01 01:50:00,D04,43.88453690621554,22.552158678012894,72.34056535221893
2026-01-01 01:50:00,D05,43.6851475874033,22.552158678012894,72.34056535221893
2026-01-01 01:55:00,D01,40.45183534855411,21.731828269017903,74.07681021406324
2026-01-01 01:55:00,D02,41.92154167201628,21.731828269017903,74.07681021406324
2026-01-01 01:55:00,D03,41.28685166886972,21.731828269017903,74.07681021406324
2026-01-01 01:55:00,D04,41.765163172063076,21.731828269017903,74.07681021406324
2026-01-01 01:55:00,D05,43.398338361842896,21.731828269017903,74.07681021406324
2026-01-01 02:00:00,D01,44.096205126022795,22.322516415533276,75.85354794592085
2026-01-01 02:00:00,D02,44.58980194433127,22.322516415533276,75.85354794592085
2026-01-01 02:00:00,D03,43.05301851917801,22.322516415533276,75.85354794592085
2026-01-01 02:00:00,D04,44.57375642011767,22.322516415533276,75.85354794592085
2026-01-01 02:00:00,D05,44.088478109722445,22.322516415533276,75.85354794592085
2026-01-01 02:05:00,D01,45.862334113101646,22.52079942757872,74.22207235350125
2026-01-01 02:05:00,D02,45.136748167610236,22.52079942757872,74.22207235350125
2026-01-01 02:05:00,D03,44.863313751847485,22.52079942757872,74.22207235350125
2026-01-01 02:05:00,D04,46.44432628691976,22.52079942757872,74.22207235350125
2026-01-01 02:05:00,D05,45.15328471128342,22.52079942757872,74.22207235350125
2026-01-01 02:10:00,D01,44.77833873818285,22.520998571968274,74.87689524173662
2026-01-01 02:10:00,D02,42.2786358159967,22.520998571968274,74.87689524173662
2026-01-01 02:10:00,D03,43.63391958890872,22.520998571968274,74.87689524173662
2026-01-01 02:10:00,D04,42.975761539836164,22.520998571968274,74.87689524173662
2026-01-01 02:10:00,D05,43.144158835366035,22.520998571968274,74.87689524173662
2026-01-01 02:15:00,D01,45.536279564158676,22.91882937450413,72.95917816800652
2026-01-01 02:15:00,D02,47.42120691062498,22.91882937450413,72.95917816800652
2026-01-01 02:15:00,D03,46.199653485093116,22.91882937450413,72.95917816800652
2026-01-01 02:15:00,D04,46.90854033881084,22.91882937450413,72.95917816800652
2026-01-01 02:15:00,D05,46.65614669712744,22.91882937450413,72.95917816800652
2026-01-01 02:20:00,D01,43.256134354870525,22.493029812363936,74.31637080202549
2026-01-01 02:20:00,D02,44.70893982658027,22.493029812363936,74.31637080202549
2026-01-01 02:20:00,D03,44.45762157666919,22.493029812363936,74.31637080202549
2026-01-01 02:20:00,D04,44.27126996927325,22.493029812363936,74.31637080202549
2026-01-01 02:20:00,D05,45.10839780124748,22.493029812363936,74.31637080202549
2026-01-01 02:25:00,D01,44.434281023124235,23.528292312324822,73.48334779999962
2026-01-01 02:25:00,D02,45.127979528085596,23.528292312324822,73.48334779999962
2026-01-01 02:25:00,D03,46.64318214537451,23.528292312324822,73.48334779999962
2026-01-01 02:25:00,D04,45.82133634827251,23.528292312324822,73.48334779999962
2026-01-01 02:25:00,D05,44.707581993369516,23.528292312324822,73.48334779999962
2026-01-01 02:30:00,D01,43.54763256531349,23.033336831002927,71.5071673083815
2026-01-01 02:30:00,D02,45.22386373616234,23.033336831002927,71.5071673083815
2026-01-01 02:30:00,D03,44.18773997584172,23.033336831002927,71.5071673083815
2026-01-01 02:30:00,D04,45.09047405782402,23.033336831002927,71.5071673083815
2026-01-01 02:30:00,D05,45.815730332819605,23.033336831002927,71.5071673083815
2026-01-01 02:35:00,D01,51.300448448617445,23.095927423966284,73.27662633812713
2026-01-01 02:35:00,D02,52.90815254049636,23.095927423966284,73.27662633812713
2026-01-01 02:35:00,D03,51.827990616745815,23.095927423966284,73.27662633812713
2026-01-01 02:35:00,D04,50.26461709790406,23.095927423966284,73.27662633812713
2026-01-01 02:35:00,D05,50.06909924788617,23.095927423966284,73.27662633812713
2026-01-01 02:40:00,D01,47.949520942413564,23.005830426148655,71.17289943602931
2026-01-01 02:40:00,D02,47.87200236317604,23.005830426148655,71.17289943602931
2026-01-01 02:40:00,D03,45.729574056018436,23.005830426148655,71.17289943602931
2026-01-01 02:40:00,D04,46.08991738959939,23.005830426148655,71.17289943602931
2026-01-01 02:40:00,D05,45.46664134243382,23.005830426148655,71.17289943602931
2026-01-01 02:45:00,D01,44.79825287103772,23.318396304534602,71.56907766246259
2026-01-01 02:45:00,D02,45.96815338559435,23.318396304534602,71.56907766246259
2026-01-01 02:45:00,D03,44.56723448970146,23.318396304534602,71.56907766246259
2026-01-01 02:45:00,D04,44.88169460306847,23.318396304534602,71.56907766246259
2026-01-01 02:45:00,D05,44.459633180381736,23.318396304534602,71.56907766246259
2026-01-01 02:50:00,D01,49.62228684604813,23.7261624482832,72.6567658290398
2026-01-01 02:50:00,D02,49.17400720198562,23.7261624482832,72.6567658290398
2026-01-01 02:50:00,D03,48.11978830496022,23.7261624482832,72.6567658290398
2026-01-01 02:50:00,D04,47.57444530047874,23.7261624482832,72.6567658290398
2026-01-01 02:50:00,D05,50.242518789897105,23.7261624482832,72.6567658290398
2026-01-01 02:55:00,D01,44.60740163846088,22.954615081845773,72.66950603066773
2026-01-01 02:55:00,D02,44.98732307140072,22.954615081845773,72.66950603066773
2026-01-01 02:55:00,D03,44.596862391381606,22.954615081845773,72.66950603066773
2026-01-01 02:55:00,D04,44.668061905750655,22.954615081845773,72.66950603066773
2026-01-01 02:55:00,D05,45.1271169233116,22.954615081845773,72.66950603066773
2026-01-01 03:00:00,D01,47.393683354174215,23.135407849529635,70.28721911424978
2026-01-01 03:00:00,D02,45.450032812800146,23.135407849529635,70.28721911424978
2026-01-01 03:00:00,D03,47.933386996948116,23.135407849529635,70.28721911424978
2026-01-01 03:00:00,D04,46.85432763132983,23.135407849529635,70.28721911424978
2026-01-01 03:00:00,D05,47.94001332401674,23.135407849529635,70.28721911424978
2026-01-01 03:05:00,D01,42.97126175378424,23.39057170670032,73.49610921459701
2026-01-01 03:05:00,D02,42.99256468394311,23.39057170670032,73.49610921459701
2026-01-01 03:05:00,D03,43.73813461292688,23.39057170670032,73.49610921459701
2026-01-01 03:05:00,D04,42.310636291287096,23.39057170670032,73.49610921459701
2026-01-01 03:05:00,D05,43.36565013365885,23.39057170670032,73.49610921459701
2026-01-01 03:10:00,D01,44.406010278926814,22.949113500185092,72.6139114936073
2026-01-01 03:10:00,D02,44.6129980729828,22.949113500185092,72.6139114936073
2026-01-01 03:10:00,D03,43.9632839396838,22.949113500185092,72.6139114936073
2026-01-01 03:10:00,D04,44.01083847134957,22.949113500185092,72.6139114936073
2026-01-01 03:10:00,D05,44.86875955037163,22.949113500185092,72.6139114936073
2026-01-01 03:15:00,D01,46.36431899021898,23.29364199463891,70.53636549758437
2026-01-01 03:15:00,D02,46.42432525667403,23.29364199463891,70.53636549758437
2026-01-01 03:15:00,D03,46.78920586908045,23.29364199463891,70.53636549758437
2026-01-01 03:15:00,D04,47.70409532355893,23.29364199463891,70.53636549758437
2026-01-01 03:15:00,D05,48.61609617242493,23.29364199463891,70.53636549758437
2026-01-01 03:20:00,D01,49.40163235478794,23.547951514794974,69.12149890219163
2026-01-01 03:20:00,D02,48.376984133471375,23.547951514794974,69.12149890219163
2026-01-01 03:20:00,D03,51.64054938208631,23.547951514794974,69.12149890219163
2026-01-01 03:20:00,D04,48.608905621190864,23.547951514794974,69.12149890219163
2026-01-01 03:20:00,D05,49.36817429188215,23.547951514794974,69.12149890219163
2026-01-01 03:25:00,D01,48.10124748309471,24.30757722943607,71.04187785321844
2026-01-01 03:25:00,D02,46.56769281320498,24.30757722943607,71.04187785321844
2026-01-01 03:25:00,D03,47.6575970537082,24.30757722943607,71.04187785321844
2026-01-01 03:25:00,D04,48.53786770405107,24.30757722943607,71.04187785321844
2026-01-01 03:25:00,D05,49.10437813051186,24.30757722943607,71.04187785321844
2026-01-01 03:30:00,D01,48.44759756221375,24.08747351945736,70.41869871929546
2026-01-01 03:30:00,D02,48.08078645157002,24.08747351945736,70.41869871929546
2026-01-01 03:30:00,D03,48.40144927680786,24.08747351945736,70.41869871929546
2026-01-01 03:30:00,D04,47.78192879812139,24.08747351945736,70.41869871929546
2026-01-01 03:30:00,D05,48.54658658179101,24.08747351945736,70.41869871929546
2026-01-01 03:35:00,D01,47.55576214793485,24.14024671386586,71.08280716921536
2026-01-01 03:35:00,D02,48.707803629789225,24.14024671386586,71.08280716921536
2026-01-01 03:35:00,D03,45.854597340973044,24.14024671386586,71.08280716921536
2026-01-01 03:35:00,D04,48.47679910085417,24.14024671386586,71.08280716921536
2026-01-01 03:35:00,D05,46.80276540121708,24.14024671386586,71.08280716921536
2026-01-01 03:40:00,D01,45.07177276058597,24.557566799328754,70.19108937177711
2026-01-01 03:40:00,D02,46.77797554653622,24.557566799328754,70.19108937177711
2026-01-01 03:40:00,D03,44.95486374225039,24.557566799328754,70.19108937177711
2026-01-01 03:40:00,D04,45.15001410819547,24.557566799328754,70.19108937177711
2026-01-01 03:40:00,D05,46.30825503256906,24.557566799328754,70.19108937177711
2026-01-01 03:45:00,D01,46.00381467622841,24.153462940702287,67.54451703907851
2026-01-01 03:45:00,D02,47.73644229238476,24.153462940702287,67.54451703907851
2026-01-01 03:45:00,D03,46.7478083222536,24.153462940702287,67.54451703907851
2026-01-01 03:45:00,D04,47.05569476476842,24.153462940702287,67.54451703907851
2026-01-01 03:45:00,D05,46.47872499029114,24.153462940702287,67.54451703907851
2026-01-01 03:50:00,D01,47.584790153031044,24.50873438323033,69.7904756760165
2026-01-01 03:50:00,D02,47.00581625739285,24.50873438323033,69.7904756760165
2026-01-01 03:50:00,D03,47.985451986137114,24.50873438323033,69.7904756760165
2026-01-01 03:50:00,D04,49.37855815682196,24.50873438323033,69.7904756760165
2026-01-01 03:50:00,D05,47.08763175269725,24.50873438323033,69.7904756760165
2026-01-01 03:55:00,D01,51.40160038998346,24.354522832731146,69.72930391500275
2026-01-01 03:55:00,D02,49.197799241342125,24.354522832731146,69.72930391500275
2026-01-01 03:55:00,D03,47.94090901817536,24.354522832731146,69.72930391500275
2026-01-01 03:55:00,D04,50.22452766057966,24.354522832731146,69.72930391500275
2026-01-01 03:55:00,D05,51.221221788661126,24.354522832731146,69.72930391500275
2026-01-01 04:00:00,D01,48.204151625897445,24.63268117469982,70.95049153716108
2026-01-01 04:00:00,D02,48.067048716587244,24.63268117469982,70.95049153716108
2026-01-01 04:00:00,D03,49.51363123005964,24.63268117469982,70.95049153716108
2026-01-01 04:00:00,D04,49.06233834662787,24.63268117469982,70.95049153716108
2026-01-01 04:00:00,D05,50.20123265846747,24.63268117469982,70.95049153716108
2026-01-01 04:05:00,D01,45.328661000030344,24.303676826597272,68.7625881772773
2026-01-01 04:05:00,D02,44.45855702641521,24.303676826597272,68.7625881772773
2026-01-01 04:05:00,D03,44.09144579098171,24.303676826597272,68.7625881772773
2026-01-01 04:05:00,D04,,24.303676826597272,68.7625881772773
2026-01-01 04:05:00,D05,46.46405350023666,24.303676826597272,68.7625881772773
2026-01-01 04:10:00,D01,49.751319222101294,23.471848354686617,72.13549814240919
2026-01-01 04:10:00,D02,49.12569448816889,23.471848354686617,72.13549814240919
2026-01-01 04:10:00,D03,49.84262198176673,23.471848354686617,72.13549814240919
2026-01-01 04:10:00,D04,48.561449388586894,23.471848354686617,72.13549814240919
2026-01-01 04:10:00,D05,47.98228908765738,23.471848354686617,72.13549814240919
2026-01-01 04:15:00,D01,47.48049807087598,24.721416967811845,66.55542607621238
2026-01-01 04:15:00,D02,48.545017830448074,24.721416967811845,66.55542607621238
2026-01-01 04:15:00,D03,47.16223365765609,24.721416967811845,66.55542607621238
2026-01-01 04:15:00,D04,49.513937097228286,24.721416967811845,66.55542607621238
2026-01-01 04:15:00,D05,49.62056468300057,24.721416967811845,66.55542607621238
2026-01-01 04:20:00,D01,47.12137756484658,25.59828275934647,71.19293386411093
2026-01-01 04:20:00,D02,47.21119868388568,25.59828275934647,71.19293386411093
2026-01-01 04:20:00,D03,117.24527241304315,25.59828275934647,71.19293386411093
2026-01-01 04:20:00,D04,47.47233637904978,25.59828275934647,71.19293386411093
2026-01-01 04:20:00,D05,48.767057199299664,25.59828275934647,71.19293386411093
2026-01-01 04:25:00,D01,50.60707821764242,25.449374251827113,68.69098844227021
2026-01-01 04:25:00,D02,51.241497853115185,25.449374251827113,68.69098844227021
2026-01-01 04:25:00,D03,50.102839758482936,25.449374251827113,68.69098844227021
2026-01-01 04:25:00,D04,49.54316561633404,25.449374251827113,68.69098844227021
2026-01-01 04:25:00,D05,50.30793383802717,25.449374251827113,68.69098844227021
2026-01-01 04:30:00,D01,50.167373351812145,25.569281580470136,70.11621163216623
2026-01-01 04:30:00,D02,51.60450101618867,25.569281580470136,70.11621163216623
2026-01-01 04:30:00,D03,50.248464900501574,25.569281580470136,70.11621163216623
2026-01-01 04:30:00,D04,52.206010699172374,25.569281580470136,70.11621163216623
2026-01-01 04:30:00,D05,51.734443670074135,25.569281580470136,70.11621163216623
2026-01-01 04:35:00,D01,51.53256264630977,25.8058751694846,68.74408260892511
2026-01-01 04:35:00,D02,51.73909034999743,25.8058751694846,68.74408260892511
2026-01-01 04:35:00,D03,50.70710448432503,25.8058751694846,68.74408260892511
2026-01-01 04:35:00,D04,50.93151262562106,25.8058751694846,68.74408260892511
2026-01-01 04:35:00,D05,52.06312027341345,25.8058751694846,68.74408260892511
2026-01-01 04:40:00,D01,46.8231367877546,25.33422807885238,70.12953473729489
2026-01-01 04:40:00,D02,49.41457297959369,25.33422807885238,70.12953473729489
2026-01-01 04:40:00,D03,46.52511539287049,25.33422807885238,70.12953473729489
2026-01-01 04:40:00,D04,49.54277866675058,25.33422807885238,70.12953473729489
2026-01-01 04:40:00,D05,44.92350017403029,25.33422807885238,70.12953473729489
2026-01-01 04:45:00,D01,49.91373023628184,25.49146052718699,67.6333517062024
2026-01-01 04:45:00,D02,48.236401632869594,25.49146052718699,67.6333517062024
2026-01-01 04:45:00,D03,47.0177060915499,25.49146052718699,67.6333517062024
2026-01-01 04:45:00,D04,48.932034195321805,25.49146052718699,67.6333517062024
2026-01-01 04:45:00,D05,48.30704779093363,25.49146052718699,67.6333517062024
2026-01-01 04:50:00,D01,52.5375241156777,25.18764505476146,66.35912735727601
2026-01-01 04:50:00,D02,51.19408333071576,25.18764505476146,66.35912735727601
2026-01-01 04:50:00,D03,51.217653422718755,25.18764505476146,66.35912735727601
2026-01-01 04:50:00,D04,50.27358237955168,25.18764505476146,66.35912735727601
2026-01-01 04:50:00,D05,52.08057459241014,25.18764505476146,66.35912735727601
2026-01-01 04:55:00,D01,50.69083199640219,25.442818501831518,69.92904657121652
2026-01-01 04:55:00,D02,52.12322351007458,25.442818501831518,69.92904657121652
2026-01-01 04:55:00,D03,50.255540105280076,25.442818501831518,69.92904657121652
2026-01-01 04:55:00,D04,50.96548627638064,25.442818501831518,69.92904657121652
2026-01-01 04:55:00,D05,51.681218561984004,25.442818501831518,69.92904657121652
2026-01-01 05:00:00,D01,49.235117649574775,26.013790349372968,67.41796948220198
2026-01-01 05:00:00,D02,48.96295700498971,26.013790349372968,67.41796948220198
2026-01-01 05:00:00,D03,48.52222889959212,26.013790349372968,67.41796948220198
2026-01-01 05:00:00,D04,48.554145490201314,26.013790349372968,67.41796948220198
2026-01-01 05:00:00,D05,49.359405133801424,26.013790349372968,67.41796948220198
2026-01-01 05:05:00,D01,48.615360839922964,26.413512756953544,67.70919663369806
2026-01-01 05:05:00,D02,50.83281812274291,26.413512756953544,67.70919663369806
2026-01-01 05:05:00,D03,50.09499382629877,26.413512756953544,67.70919663369806
2026-01-01 05:05:00,D04,49.06945893691498,26.413512756953544,67.70919663369806
2026-01-01 05:05:00,D05,49.982278244173884,26.413512756953544,67.70919663369806
2026-01-01 05:10:00,D01,48.59124429698506,25.848078792468986,69.01652401044822
2026-01-01 05:10:00,D02,49.04468889312889,25.848078792468986,69.01652401044822
2026-01-01 05:10:00,D03,46.93534602067123,25.848078792468986,69.01652401044822
2026-01-01 05:10:00,D04,48.8816724846147,25.848078792468986,69.01652401044822
2026-01-01 05:10:00,D05,49.03417366395583,25.848078792468986,69.01652401044822
2026-01-01 05:15:00,D01,46.150181146785755,25.799453757493655,65.40297035701963
2026-01-01 05:15:00,D02,47.09425893357981,25.799453757493655,65.40297035701963
2026-01-01 05:15:00,D03,46.59027365612543,25.799453757493655,65.40297035701963
2026-01-01 05:15:00,D04,47.70504212191746,25.799453757493655,65.40297035701963
2026-01-01 05:15:00,D05,47.790435454128456,25.799453757493655,65.40297035701963
2026-01-01 05:20:00,D01,51.953715933338195,26.132023091093647,67.62971812312819
2026-01-01 05:20:00,D02,51.926204323062485,26.132023091093647,67.62971812312819
2026-01-01 05:20:00,D03,51.699367263577905,26.132023091093647,67.62971812312819
2026-01-01 05:20:00,D04,52.178679922296524,26.132023091093647,67.62971812312819
2026-01-01 05:20:00,D05,51.945014106982086,26.132023091093647,67.62971812312819
2026-01-01 05:25:00,D01,51.7231061949299,26.539986443514973,65.63639172720482
2026-01-01 05:25:00,D02,53.5224681347259,26.539986443514973,65.63639172720482
2026-01-01 05:25:00,D03,53.7140289845464,26.539986443514973,65.63639172720482
2026-01-01 05:25:00,D04,52.69459215648142,26.539986443514973,65.63639172720482
2026-01-01 05:25:00,D05,53.59312406445022,26.539986443514973,65.63639172720482
2026-01-01 05:30:00,D01,49.563443781479066,25.625441630832967,66.10700788873396
2026-01-01 05:30:00,D02,50.15250847119009,25.625441630832967,66.10700788873396
2026-01-01 05:30:00,D03,48.60111310549097,25.625441630832967,66.10700788873396
2026-01-01 05:30:00,D04,49.35947630256291,25.625441630832967,66.10700788873396
2026-01-01 05:30:00,D05,51.43593761995424,25.625441630832967,66.10700788873396
2026-01-01 05:35:00,D01,50.91660390285994,25.307575149171562,66.19708719659607
2026-01-01 05:35:00,D02,53.19766291724293,25.307575149171562,66.19708719659607
2026-01-01 05:35:00,D03,51.79748134598981,25.307575149171562,66.19708719659607
2026-01-01 05:35:00,D04,52.31862010180318,25.307575149171562,66.19708719659607
2026-01-01 05:35:00,D05,53.94198039864035,25.307575149171562,66.19708719659607
2026-01-01 05:40:00,D01,51.50756950190848,26.288952861515916,63.62122463530617
2026-01-01 05:40:00,D02,51.64134901418355,26.288952861515916,63.62122463530617
2026-01-01 05:40:00,D03,48.95272443604539,26.288952861515916,63.62122463530617
2026-01-01 05:40:00,D04,52.27596581473929,26.288952861515916,63.62122463530617
2026-01-01 05:40:00,D05,51.2099190022852,26.288952861515916,63.62122463530617
2026-01-01 05:45:00,D01,47.8513693687362,26.06262814089221,64.48577572807078
2026-01-01 05:45:00,D02,51.205774487105,26.06262814089221,64.48577572807078
2026-01-01 05:45:00,D03,48.295148719493596,26.06262814089221,64.48577572807078
2026-01-01 05:45:00,D04,47.63995678693768,26.06262814089221,64.48577572807078
2026-01-01 05:45:00,D05,49.05353439157614,26.06262814089221,64.48577572807078
2026-01-01 05:50:00,D01,51.265237686167225,26.527832964349667,67.46280321227306
2026-01-01 05:50:00,D02,49.87778337279147,26.527832964349667,67.46280321227306
2026-01-01 05:50:00,D03,50.747478111373475,26.527832964349667,67.46280321227306
2026-01-01 05:50:00,D04,51.132754656773216,26.527832964349667,67.46280321227306
2026-01-01 05:50:00,D05,51.435500761084526,26.527832964349667,67.46280321227306
2026-01-01 05:55:00,D01,52.7295953754687,26.81703541541846,66.54743563322279
2026-01-01 05:55:00,D02,53.65597205418214,26.81703541541846,66.54743563322279
2026-01-01 05:55:00,D03,52.21906876197596,26.81703541541846,66.54743563322279
2026-01-01 05:55:00,D04,54.57027480479648,26.81703541541846,66.54743563322279
2026-01-01 05:55:00,D05,55.28962991797669,26.81703541541846,66.54743563322279
2026-01-01 06:00:00,D01,49.81387554998123,26.773375795488494,64.90604063400914
2026-01-01 06:00:00,D02,49.734485608779075,26.773375795488494,64.90604063400914
2026-01-01 06:00:00,D03,49.47135608795486,26.773375795488494,64.90604063400914
2026-01-01 06:00:00,D04,49.11357514518949,26.773375795488494,64.90604063400914
2026-01-01 06:00:00,D05,51.59993979517753,26.773375795488494,64.90604063400914
2026-01-01 06:05:00,D01,53.27466348982723,27.835308192408178,65.14653633742373
2026-01-01 06:05:00,D02,54.455580794689965,27.835308192408178,65.14653633742373
2026-01-01 06:05:00,D03,51.71868081411965,27.835308192408178,65.14653633742373
2026-01-01 06:05:00,D04,54.048918907674434,27.835308192408178,65.14653633742373
2026-01-01 06:05:00,D05,53.5528519626522,27.835308192408178,65.14653633742373
2026-01-01 06:10:00,D01,43.989167335980234,27.381469319127838,64.12244236789195
2026-01-01 06:10:00,D02,43.86831143273001,27.381469319127838,64.12244236789195
2026-01-01 06:10:00,D03,44.82807061902058,27.381469319127838,64.12244236789195
2026-01-01 06:10:00,D04,45.67416284221627,27.381469319127838,64.12244236789195
2026-01-01 06:10:00,D05,44.055060026504066,27.381469319127838,64.12244236789195
2026-01-01 06:15:00,D01,51.83276135467737,27.47725282595613,66.38084378644055
2026-01-01 06:15:00,D02,52.7131238248105,27.47725282595613,66.38084378644055
2026-01-01 06:15:00,D03,52.67808849001963,27.47725282595613,66.38084378644055
2026-01-01 06:15:00,D04,50.32811357917237,27.47725282595613,66.38084378644055
2026-01-01 06:15:00,D05,53.65988420062281,27.47725282595613,66.38084378644055
2026-01-01 06:20:00,D01,51.66637568174821,27.74688228575999,63.82791370583217
2026-01-01 06:20:00,D02,50.26033511780724,27.74688228575999,63.82791370583217
2026-01-01 06:20:00,D03,49.03889724762333,27.74688228575999,63.82791370583217
2026-01-01 06:20:00,D04,51.24647758646348,27.74688228575999,63.82791370583217
2026-01-01 06:20:00,D05,52.29821929287121,27.74688228575999,63.82791370583217
2026-01-01 06:25:00,D01,48.56445389545875,26.974917815369437,64.25909438968263
2026-01-01 06:25:00,D02,49.37265480524489,26.974917815369437,64.25909438968263
2026-01-01 06:25:00,D03,48.719876914739075,26.974917815369437,64.25909438968263
2026-01-01 06:25:00,D04,48.74843068072899,26.974917815369437,64.25909438968263
2026-01-01 06:25:00,D05,49.18696667858778,26.974917815369437,64.25909438968263
2026-01-01 06:30:00,D01,51.26978031008295,28.1721868548104,65.41378329401257
2026-01-01 06:30:00,D02,49.42566551165552,28.1721868548104,65.41378329401257
2026-01-01 06:30:00,D03,50.600516413263286,28.1721868548104,65.41378329401257
2026-01-01 06:30:00,D04,50.45682005675287,28.1721868548104,65.41378329401257
2026-01-01 06:30:00,D05,50.6205097517557,28.1721868548104,65.41378329401257
2026-01-01 06:35:00,D01,47.4065749089636,27.722734787681855,62.31270891083197
2026-01-01 06:35:00,D02,46.22752043597457,27.722734787681855,62.31270891083197
2026-01-01 06:35:00,D03,47.120567994798556,27.722734787681855,62.31270891083197
2026-01-01 06:35:00,D04,46.93261845812788,27.722734787681855,62.31270891083197
2026-01-01 06:35:00,D05,47.76514796411164,27.722734787681855,62.31270891083197
2026-01-01 06:40:00,D01,48.59257876541901,28.203481196955256,65.60170200007605
2026-01-01 06:40:00,D02,51.28727894975039,28.203481196955256,65.60170200007605
2026-01-01 06:40:00,D03,47.91554394223812,28.203481196955256,65.60170200007605
2026-01-01 06:40:00,D04,50.6088149433844,28.203481196955256,65.60170200007605
2026-01-01 06:40:00,D05,50.78708900349015,28.203481196955256,65.60170200007605
2026-01-01 06:45:00,D01,49.067023341965246,27.439522993560566,60.75340466522365
2026-01-01 06:45:00,D02,51.30085948685138,27.439522993560566,60.75340466522365
2026-01-01 06:45:00,D03,50.35329320963985,27.439522993560566,60.75340466522365
2026-01-01 06:45:00,D04,48.98622843239508,27.439522993560566,60.75340466522365
2026-01-01 06:45:00,D05,49.53272778947378,27.439522993560566,60.75340466522365
2026-01-01 06:50:00,D01,53.020709060854124,27.30531868668248,65.28006705728818
2026-01-01 06:50:00,D02,54.16032436019455,27.30531868668248,65.28006705728818
2026-01-01 06:50:00,D03,53.00187898300189,27.30531868668248,65.28006705728818
2026-01-01 06:50:00,D04,54.5073506638069,27.30531868668248,65.28006705728818
2026-01-01 06:50:00,D05,122.2891877303997,27.30531868668248,65.28006705728818
2026-01-01 06:55:00,D01,48.12947273881845,28.597374290643383,62.0641277008103
2026-01-01 06:55:00,D02,51.16534342350197,28.597374290643383,62.0641277008103
2026-01-01 06:55:00,D03,48.57482387095648,28.597374290643383,62.0641277008103
2026-01-01 06:55:00,D04,50.094808489274364,28.597374290643383,62.0641277008103
2026-01-01 06:55:00,D05,50.288278949603196,28.597374290643383,62.0641277008103
2026-01-01 07:00:00,D01,49.91087427626731,28.482299988561362,62.04776142723687
2026-01-01 07:00:00,D02,49.139773540189914,28.482299988561362,62.04776142723687
2026-01-01 07:00:00,D03,45.56547899022722,28.482299988561362,62.04776142723687
2026-01-01 07:00:00,D04,49.094205177470926,28.482299988561362,62.04776142723687
2026-01-01 07:00:00,D05,49.333662871313976,28.482299988561362,62.04776142723687
2026-01-01 07:05:00,D01,48.63179199719005,27.948119292976205,59.366694602915665
2026-01-01 07:05:00,D02,48.881857341203556,27.948119292976205,59.366694602915665
2026-01-01 07:05:00,D03,49.098074465998984,27.948119292976205,59.366694602915665
2026-01-01 07:05:00,D04,48.958462420285954,27.948119292976205,59.366694602915665
2026-01-01 07:05:00,D05,50.31758552131476,27.948119292976205,59.366694602915665
2026-01-01 07:10:00,D01,50.56577433485124,28.068697456884017,61.31074992889073
2026-01-01 07:10:00,D02,52.68882397295754,28.068697456884017,61.31074992889073
2026-01-01 07:10:00,D03,52.887310093977064,28.068697456884017,61.31074992889073
2026-01-01 07:10:00,D04,50.932275862937104,28.068697456884017,61.31074992889073
2026-01-01 07:10:00,D05,53.21553854231747,28.068697456884017,61.31074992889073
2026-01-01 07:15:00,D01,48.97964400325871,29.169914718723195,60.225895550428056
2026-01-01 07:15:00,D02,50.446030941157126,29.169914718723195,60.225895550428056
2026-01-01 07:15:00,D03,50.24346526543993,29.169914718723195,60.225895550428056
2026-01-01 07:15:00,D04,49.04362168011663,29.169914718723195,60.225895550428056
2026-01-01 07:15:00,D05,51.44791572337035,29.169914718723195,60.225895550428056
2026-01-01 07:20:00,D01,49.42731075941583,28.11539477019468,60.668329048683105
2026-01-01 07:20:00,D02,48.706432248541475,28.11539477019468,60.668329048683105
2026-01-01 07:20:00,D03,47.306299747030735,28.11539477019468,60.668329048683105
2026-01-01 07:20:00,D04,46.71356546224008,28.11539477019468,60.668329048683105
2026-01-01 07:20:00,D05,49.849595643803596,28.11539477019468,60.668329048683105
2026-01-01 07:25:00,D01,49.77542958497051,29.63352666804649,61.16965316847966
2026-01-01 07:25:00,D02,49.71009544926201,29.63352666804649,61.16965316847966
2026-01-01 07:25:00,D03,49.83348631269041,29.63352666804649,61.16965316847966
2026-01-01 07:25:00,D04,50.99114956528923,29.63352666804649,61.16965316847966
2026-01-01 07:25:00,D05,50.881244812545084,29.63352666804649,61.16965316847966
2026-01-01 07:30:00,D01,49.476779223269375,28.46310679450152,62.60985309805845
2026-01-01 07:30:00,D02,51.252508163032296,28.46310679450152,62.60985309805845
2026-01-01 07:30:00,D03,51.20286349146454,28.46310679450152,62.60985309805845
2026-01-01 07:30:00,D04,50.484381179971436,28.46310679450152,62.60985309805845
2026-01-01 07:30:00,D05,50.66382064882067,28.46310679450152,62.60985309805845
2026-01-01 07:35:00,D01,52.04620751737273,29.33292941209788,61.28393812851356
2026-01-01 07:35:00,D02,51.60762800306242,29.33292941209788,61.28393812851356
2026-01-01 07:35:00,D03,52.00036731312081,29.33292941209788,61.28393812851356
2026-01-01 07:35:00,D04,51.00578345040105,29.33292941209788,61.28393812851356
2026-01-01 07:35:00,D05,52.53290203173463,29.33292941209788,61.28393812851356
2026-01-01 07:40:00,D01,47.17471333068096,28.948782070829008,61.23533236269467
2026-01-01 07:40:00,D02,48.754221293191925,28.948782070829008,61.23533236269467
2026-01-01 07:40:00,D03,48.29899830099612,28.948782070829008,61.23533236269467
2026-01-01 07:40:00,D04,47.19799717623086,28.948782070829008,61.23533236269467
2026-01-01 07:40:00,D05,50.50636777880985,28.948782070829008,61.23533236269467
2026-01-01 07:45:00,D01,48.26747429339119,29.513037166636177,58.93383401454164
2026-01-01 07:45:00,D02,48.20051811660163,29.513037166636177,58.93383401454164
2026-01-01 07:45:00,D03,48.66981570566573,29.513037166636177,58.93383401454164
2026-01-01 07:45:00,D04,48.38331595962923,29.513037166636177,58.93383401454164
2026-01-01 07:45:00,D05,48.64266330410135,29.513037166636177,58.93383401454164
2026-01-01 07:50:00,D01,48.06932361569539,29.036686065118076,59.06138273324556
2026-01-01 07:50:00,D02,49.45484213662296,29.036686065118076,59.06138273324556
2026-01-01 07:50:00,D03,47.424754913326936,29.036686065118076,59.06138273324556
2026-01-01 07:50:00,D04,47.44550379580066,29.036686065118076,59.06138273324556
2026-01-01 07:50:00,D05,49.97599150051014,29.036686065118076,59.06138273324556
2026-01-01 07:55:00,D01,46.52356217232693,29.32354739156079,62.88819983833309
2026-01-01 07:55:00,D02,46.02122446237799,29.32354739156079,62.88819983833309
2026-01-01 07:55:00,D03,45.63966648015507,29.32354739156079,62.88819983833309
2026-01-01 07:55:00,D04,45.86184735668408,29.32354739156079,62.88819983833309
2026-01-01 07:55:00,D05,46.90334215657186,29.32354739156079,62.88819983833309
2026-01-01 08:00:00,D01,49.84323892748387,29.52045958769786,58.89719844785513
2026-01-01 08:00:00,D02,50.06363946828661,29.52045958769786,58.89719844785513
2026-01-01 08:00:00,D03,49.17457185629503,29.52045958769786,58.89719844785513
2026-01-01 08:00:00,D04,48.554729013410395,29.52045958769786,58.89719844785513
2026-01-01 08:00:00,D05,51.188252751464425,29.52045958769786,58.89719844785513
2026-01-01 08:05:00,D01,48.851115519834416,29.092772562911872,62.29657979648073
2026-01-01 08:05:00,D02,50.91183443865591,29.092772562911872,62.29657979648073
2026-01-01 08:05:00,D03,49.620803567153686,29.092772562911872,62.29657979648073
2026-01-01 08:05:00,D04,49.6832685655653,29.092772562911872,62.29657979648073
2026-01-01 08:05:00,D05,50.154335782172964,29.092772562911872,62.29657979648073
2026-01-01 08:10:00,D01,48.507790432910305,30.05691021444418,59.26241211821046
2026-01-01 08:10:00,D02,50.20760539828652,30.05691021444418,59.26241211821046
2026-01-01 08:10:00,D03,49.95306026568069,30.05691021444418,59.26241211821046
2026-01-01 08:10:00,D04,,30.05691021444418,59.26241211821046
2026-01-01 08:10:00,D05,125.08331553946347,30.05691021444418,59.26241211821046
2026-01-01 08:15:00,D01,47.47374284475167,29.52124438186222,59.44772957401923
2026-01-01 08:15:00,D02,48.80612205671107,29.52124438186222,59.44772957401923
2026-01-01 08:15:00,D03,48.96385999306828,29.52124438186222,59.44772957401923
2026-01-01 08:15:00,D04,48.35402823151566,29.52124438186222,59.44772957401923
2026-01-01 08:15:00,D05,48.33126501994106,29.52124438186222,59.44772957401923
2026-01-01 08:20:00,D01,43.88316655186964,29.75358222408522,60.869783376834434
2026-01-01 08:20:00,D02,44.58520375734788,29.75358222408522,60.869783376834434
2026-01-01 08:20:00,D03,43.94139460299305,29.75358222408522,60.869783376834434
2026-01-01 08:20:00,D04,45.28031349410493,29.75358222408522,60.869783376834434
2026-01-01 08:20:00,D05,46.74368968289497,29.75358222408522,60.869783376834434
2026-01-01 08:25:00,D01,47.480756254542236,29.45937355451366,60.99474214927215
2026-01-01 08:25:00,D02,51.21844735678291,29.45937355451366,60.99474214927215
2026-01-01 08:25:00,D03,47.44715036604515,29.45937355451366,60.99474214927215
2026-01-01 08:25:00,D04,48.21228610829604,29.45937355451366,60.99474214927215
2026-01-01 08:25:00,D05,48.91562810899634,29.45937355451366,60.99474214927215
2026-01-01 08:30:00,D01,49.14029613069188,28.76264031564595,58.74616686949416
2026-01-01 08:30:00,D02,50.006370288022765,28.76264031564595,58.74616686949416
2026-01-01 08:30:00,D03,47.98486771502671,28.76264031564595,58.74616686949416
2026-01-01 08:30:00,D04,47.26701068285163,28.76264031564595,58.74616686949416
2026-01-01 08:30:00,D05,47.832291126010745,28.76264031564595,58.74616686949416
2026-01-01 08:35:00,D01,45.31057115179452,30.03410347962021,58.1584006978771
2026-01-01 08:35:00,D02,47.93929762357736,30.03410347962021,58.1584006978771
2026-01-01 08:35:00,D03,46.81315062263022,30.03410347962021,58.1584006978771
2026-01-01 08:35:00,D04,47.15163901613981,30.03410347962021,58.1584006978771
2026-01-01 08:35:00,D05,47.77685183758099,30.03410347962021,58.1584006978771
2026-01-01 08:40:00,D01,46.56484329825506,31.420245759239158,58.48824323035128
2026-01-01 08:40:00,D02,47.616927290782925,31.420245759239158,58.48824323035128
2026-01-01 08:40:00,D03,46.70863924447035,31.420245759239158,58.48824323035128
2026-01-01 08:40:00,D04,46.70172904710863,31.420245759239158,58.48824323035128
2026-01-01 08:40:00,D05,49.635117094348345,31.420245759239158,58.48824323035128
2026-01-01 08:45:00,D01,47.45577201677511,30.689031219449358,58.91347814134749
2026-01-01 08:45:00,D02,49.25509124954567,30.689031219449358,58.91347814134749
2026-01-01 08:45:00,D03,51.24060900418721,30.689031219449358,58.91347814134749
2026-01-01 08:45:00,D04,47.819762364473924,30.689031219449358,58.91347814134749
2026-01-01 08:45:00,D05,49.56211069569198,30.689031219449358,58.91347814134749
2026-01-01 08:50:00,D01,51.86973694924543,30.368320848211102,59.581053454148034
2026-01-01 08:50:00,D02,51.65383392188723,30.368320848211102,59.581053454148034
2026-01-01 08:50:00,D03,49.868060608191186,30.368320848211102,59.581053454148034
2026-01-01 08:50:00,D04,50.1563303301254,30.368320848211102,59.581053454148034
2026-01-01 08:50:00,D05,53.21076671232255,30.368320848211102,59.581053454148034
2026-01-01 08:55:00,D01,48.021280700457666,30.326119864307213,58.091214230668534
2026-01-01 08:55:00,D02,49.89868592481171,30.326119864307213,58.091214230668534
2026-01-01 08:55:00,D03,46.48960679959518,30.326119864307213,58.091214230668534
2026-01-01 08:55:00,D04,47.107319455244586,30.326119864307213,58.091214230668534
2026-01-01 08:55:00,D05,48.226038259665906,30.326119864307213,58.091214230668534
2026-01-01 09:00:00,D01,47.42763090089454,30.54676685233876,58.85726163516925
2026-01-01 09:00:00,D02,48.920631781929586,30.54676685233876,58.85726163516925
2026-01-01 09:00:00,D03,47.81976367457258,30.54676685233876,58.85726163516925
2026-01-01 09:00:00,D04,48.567565158208126,30.54676685233876,58.85726163516925
2026-01-01 09:00:00,D05,47.82967254497785,30.54676685233876,58.85726163516925
2026-01-01 09:05:00,D01,45.848219664651396,30.88537936788638,60.23389997780886
2026-01-01 09:05:00,D02,47.06396072400993,30.88537936788638,60.23389997780886
2026-01-01 09:05:00,D03,48.883041781254214,30.88537936788638,60.23389997780886
2026-01-01 09:05:00,D04,45.894491091001306,30.88537936788638,60.23389997780886
2026-01-01 09:05:00,D05,48.814071548788085,30.88537936788638,60.23389997780886
2026-01-01 09:10:00,D01,43.01073643719844,30.095980276396197,58.19919105029594
2026-01-01 09:10:00,D02,43.5394159608258,30.095980276396197,58.19919105029594
2026-01-01 09:10:00,D03,42.08216479485435,30.095980276396197,58.19919105029594
2026-01-01 09:10:00,D04,40.613799605184205,30.095980276396197,58.19919105029594
2026-01-01 09:10:00,D05,43.72393837154092,30.095980276396197,58.19919105029594
2026-01-01 09:15:00,D01,44.97580827276645,31.316359884729327,57.94908120921739
2026-01-01 09:15:00,D02,48.76335551537687,31.316359884729327,57.94908120921739
2026-01-01 09:15:00,D03,46.27460203445526,31.316359884729327,57.94908120921739
2026-01-01 09:15:00,D04,46.12591579325418,31.316359884729327,57.94908120921739
2026-01-01 09:15:00,D05,46.2408825814639,31.316359884729327,57.94908120921739
2026-01-01 09:20:00,D01,46.69176308360494,31.18791287331551,55.061189331175115
2026-01-01 09:20:00,D02,49.260096894585296,31.18791287331551,55.061189331175115
2026-01-01 09:20:00,D03,47.62563018976314,31.18791287331551,55.061189331175115
2026-01-01 09:20:00,D04,45.37460736950435,31.18791287331551,55.061189331175115
2026-01-01 09:20:00,D05,47.1776651410682,31.18791287331551,55.061189331175115
2026-01-01 09:25:00,D01,52.0572433328991,31.258515278318377,53.255059963827584
2026-01-01 09:25:00,D02,53.83563859962744,31.258515278318377,53.255059963827584
2026-01-01 09:25:00,D03,51.167856791923434,31.258515278318377,53.255059963827584
2026-01-01 09:25:00,D04,50.68130787966728,31.258515278318377,53.255059963827584
2026-01-01 09:25:00,D05,53.93528280623586,31.258515278318377,53.255059963827584
2026-01-01 09:30:00,D01,44.45169322389128,31.18600457086104,57.6490301909329
2026-01-01 09:30:00,D02,47.59143807322162,31.18600457086104,57.6490301909329
2026-01-01 09:30:00,D03,45.36828850599467,31.18600457086104,57.6490301909329
2026-01-01 09:30:00,D04,47.80976188451759,31.18600457086104,57.6490301909329
2026-01-01 09:30:00,D05,48.17755114445651,31.18600457086104,57.6490301909329
2026-01-01 09:35:00,D01,44.98367289147339,31.04203135018441,56.79331761040386
2026-01-01 09:35:00,D02,47.405005505455755,31.04203135018441,56.79331761040386
2026-01-01 09:35:00,D03,47.081824070189775,31.04203135018441,56.79331761040386
2026-01-01 09:35:00,D04,45.62722171656718,31.04203135018441,56.79331761040386
2026-01-01 09:35:00,D05,46.822569905687885,31.04203135018441,56.79331761040386
2026-01-01 09:40:00,D01,47.245778715794835,31.43219083942837,56.03630554473797
2026-01-01 09:40:00,D02,43.57619176303884,31.43219083942837,56.03630554473797
2026-01-01 09:40:00,D03,45.93885881432957,31.43219083942837,56.03630554473797
2026-01-01 09:40:00,D04,46.29987475607763,31.43219083942837,56.03630554473797
2026-01-01 09:40:00,D05,45.643861825653595,31.43219083942837,56.03630554473797
2026-01-01 09:45:00,D01,42.60658661545237,31.453255128383418,57.05059918325406
2026-01-01 09:45:00,D02,44.67679660134583,31.453255128383418,57.05059918325406
2026-01-01 09:45:00,D03,44.248785040593745,31.453255128383418,57.05059918325406
2026-01-01 09:45:00,D04,43.138130999625965,31.453255128383418,57.05059918325406
2026-01-01 09:45:00,D05,44.26072345547728,31.453255128383418,57.05059918325406
2026-01-01 09:50:00,D01,48.794589558442105,31.039936873593916,56.47547994807579
2026-01-01 09:50:00,D02,48.82802883454748,31.039936873593916,56.47547994807579
2026-01-01 09:50:00,D03,48.950110601563644,31.039936873593916,56.47547994807579
2026-01-01 09:50:00,D04,48.03112237569303,31.039936873593916,56.47547994807579
2026-01-01 09:50:00,D05,50.16312081942883,31.039936873593916,56.47547994807579
2026-01-01 09:55:00,D01,46.53760098178093,30.98775846691628,58.14255166922139
2026-01-01 09:55:00,D02,48.01272218250608,30.98775846691628,58.14255166922139
2026-01-01 09:55:00,D03,46.99860170698413,30.98775846691628,58.14255166922139
2026-01-01 09:55:00,D04,46.18233831395005,30.98775846691628,58.14255166922139
2026-01-01 09:55:00,D05,47.97229184494986,30.98775846691628,58.14255166922139
2026-01-01 10:00:00,D01,46.420109077144765,31.38105516655319,56.46891226454408
2026-01-01 10:00:00,D02,47.82702823863791,31.38105516655319,56.46891226454408
2026-01-01 10:00:00,D03,46.8737966194644,31.38105516655319,56.46891226454408
2026-01-01 10:00:00,D04,47.743410226794445,31.38105516655319,56.46891226454408
2026-01-01 10:00:00,D05,47.88349205622069,31.38105516655319,56.46891226454408
2026-01-01 10:05:00,D01,43.429525479101045,32.158143854285136,55.11234751531967
2026-01-01 10:05:00,D02,42.8658431734865,32.158143854285136,55.11234751531967
2026-01-01 10:05:00,D03,43.20522376189054,32.158143854285136,55.11234751531967
2026-01-01 10:05:00,D04,43.41796012125774,32.158143854285136,55.11234751531967
2026-01-01 10:05:00,D05,43.87822061856981,32.158143854285136,55.11234751531967
2026-01-01 10:10:00,D01,46.539075897476096,30.81550062806416,57.615141026656715
2026-01-01 10:10:00,D02,49.19140142521764,30.81550062806416,57.615141026656715
2026-01-01 10:10:00,D03,47.91220531087182,30.81550062806416,57.615141026656715
2026-01-01 10:10:00,D04,47.87771014728428,30.81550062806416,57.615141026656715
2026-01-01 10:10:00,D05,48.66520164017842,30.81550062806416,57.615141026656715
2026-01-01 10:15:00,D01,41.7516819201011,30.75060107478722,55.70557597225381
2026-01-01 10:15:00,D02,43.472244763093876,30.75060107478722,55.70557597225381
2026-01-01 10:15:00,D03,41.67435541447691,30.75060107478722,55.70557597225381
2026-01-01 10:15:00,D04,41.71807873570002,30.75060107478722,55.70557597225381
2026-01-01 10:15:00,D05,43.99264760259784,30.75060107478722,55.70557597225381
2026-01-01 10:20:00,D01,45.018407390183434,31.613919355801507,56.726727155141965
2026-01-01 10:20:00,D02,47.31300481783642,31.613919355801507,56.726727155141965
2026-01-01 10:20:00,D03,45.39928832268524,31.613919355801507,56.726727155141965
2026-01-01 10:20:00,D04,46.65585804064535,31.613919355801507,56.726727155141965
2026-01-01 10:20:00,D05,47.02361589947054,31.613919355801507,56.726727155141965
2026-01-01 10:25:00,D01,47.08788470680229,31.602001246525244,55.13076914951633
2026-01-01 10:25:00,D02,50.5956499428626,31.602001246525244,55.13076914951633
2026-01-01 10:25:00,D03,49.60500527103457,31.602001246525244,55.13076914951633
2026-01-01 10:25:00,D04,48.96852976088226,31.602001246525244,55.13076914951633
2026-01-01 10:25:00,D05,49.75738368912674,31.602001246525244,55.13076914951633
2026-01-01 10:30:00,D01,42.18324374811593,31.706068494741636,54.786464346640976
2026-01-01 10:30:00,D02,43.70043366570569,31.706068494741636,54.786464346640976
2026-01-01 10:30:00,D03,43.361877853744566,31.706068494741636,54.786464346640976
2026-01-01 10:30:00,D04,42.21666638965538,31.706068494741636,54.786464346640976
2026-01-01 10:30:00,D05,44.0597268251185,31.706068494741636,54.786464346640976
2026-01-01 10:35:00,D01,42.22847711675355,31.782015945368244,55.80617365245056
2026-01-01 10:35:00,D02,43.34230141779976,31.782015945368244,55.80617365245056
2026-01-01 10:35:00,D03,40.984231978998054,31.782015945368244,55.80617365245056
2026-01-01 10:35:00,D04,43.14443006642204,31.782015945368244,55.80617365245056
2026-01-01 10:35:00,D05,44.1390608536011,31.782015945368244,55.80617365245056
2026-01-01 10:40:00,D01,43.462479334987265,31.586861976612138,55.622316757456446
2026-01-01 10:40:00,D02,44.81913877953573,31.586861976612138,55.622316757456446
2026-01-01 10:40:00,D03,43.629525315172536,31.586861976612138,55.622316757456446
2026-01-01 10:40:00,D04,41.85952627169231,31.586861976612138,55.622316757456446
2026-01-01 10:40:00,D05,46.157825185815334,31.586861976612138,55.622316757456446
2026-01-01 10:45:00,D01,40.997282401385064,32.47958236677657,56.25043925809919
2026-01-01 10:45:00,D02,43.57896523438511,32.47958236677657,56.25043925809919
2026-01-01 10:45:00,D03,41.51874891135399,32.47958236677657,56.25043925809919
2026-01-01 10:45:00,D04,42.39520384848792,32.47958236677657,56.25043925809919
2026-01-01 10:45:00,D05,43.12792709907333,32.47958236677657,56.25043925809919
2026-01-01 10:50:00,D01,41.49713150067327,30.968132764502876,55.05986186255312
2026-01-01 10:50:00,D02,41.30375316266225,30.968132764502876,55.05986186255312
2026-01-01 10:50:00,D03,39.594759666424395,30.968132764502876,55.05986186255312
2026-01-01 10:50:00,D04,39.84170738251101,30.968132764502876,55.05986186255312
2026-01-01 10:50:00,D05,41.79070425735293,30.968132764502876,55.05986186255312
2026-01-01 10:55:00,D01,43.81213027630809,31.38600075953952,52.64496178048512
2026-01-01 10:55:00,D02,45.23388188485152,31.38600075953952,52.64496178048512
2026-01-01 10:55:00,D03,43.3379322996573,31.38600075953952,52.64496178048512
2026-01-01 10:55:00,D04,44.104000266962764,31.38600075953952,52.64496178048512
2026-01-01 10:55:00,D05,45.44829786641929,31.38600075953952,52.64496178048512
2026-01-01 11:00:00,D01,41.427738907744974,31.77800175137082,54.69158091172673
2026-01-01 11:00:00,D02,42.417425473865954,31.77800175137082,54.69158091172673
2026-01-01 11:00:00,D03,41.13302139511546,31.77800175137082,54.69158091172673
2026-01-01 11:00:00,D04,39.76255402618671,31.77800175137082,54.69158091172673
2026-01-01 11:00:00,D05,43.654670583453004,31.77800175137082,54.69158091172673
2026-01-01 11:05:00,D01,43.01859908209042,31.035115943489224,56.47730700258311
2026-01-01 11:05:00,D02,46.721486479685176,31.035115943489224,56.47730700258311
2026-01-01 11:05:00,D03,43.211917340920756,31.035115943489224,56.47730700258311
2026-01-01 11:05:00,D04,43.52514954452415,31.035115943489224,56.47730700258311
2026-01-01 11:05:00,D05,43.88051685006613,31.035115943489224,56.47730700258311
2026-01-01 11:10:00,D01,38.59636478141001,31.79355283338363,54.79097580993601
2026-01-01 11:10:00,D02,43.86204146469388,31.79355283338363,54.79097580993601
2026-01-01 11:10:00,D03,38.412207336190626,31.79355283338363,54.79097580993601
2026-01-01 11:10:00,D04,42.24938816627907,31.79355283338363,54.79097580993601
2026-01-01 11:10:00,D05,41.81435669961559,31.79355283338363,54.79097580993601
2026-01-01 11:15:00,D01,47.00368941268587,32.734661484880164,54.82257209219587
2026-01-01 11:15:00,D02,46.47037198501872,32.734661484880164,54.82257209219587
2026-01-01 11:15:00,D03,44.08572644962018,32.734661484880164,54.82257209219587
2026-01-01 11:15:00,D04,45.02505698976525,32.734661484880164,54.82257209219587
2026-01-01 11:15:00,D05,45.40978006305733,32.734661484880164,54.82257209219587
2026-01-01 11:20:00,D01,40.10887768399096,31.934482009209024,56.63148722873682
2026-01-01 11:20:00,D02,37.68319557405855,31.934482009209024,56.63148722873682
2026-01-01 11:20:00,D03,41.06647486219699,31.934482009209024,56.63148722873682
2026-01-01 11:20:00,D04,38.83970139470344,31.934482009209024,56.63148722873682
2026-01-01 11:20:00,D05,40.88751926325935,31.934482009209024,56.63148722873682
2026-01-01 11:25:00,D01,40.12831103346777,32.05715800519814,54.04842505443401
2026-01-01 11:25:00,D02,43.47374478444883,32.05715800519814,54.04842505443401
2026-01-01 11:25:00,D03,38.13668440745289,32.05715800519814,54.04842505443401
2026-01-01 11:25:00,D04,43.05105088051895,32.05715800519814,54.04842505443401
2026-01-01 11:25:00,D05,42.59537886372281,32.05715800519814,54.04842505443401
2026-01-01 11:30:00,D01,43.34909793142297,31.32714192428276,52.77134655889755
2026-01-01 11:30:00,D02,43.761647065099204,31.32714192428276,52.77134655889755
2026-01-01 11:30:00,D03,44.11972350862185,31.32714192428276,52.77134655889755
2026-01-01 11:30:00,D04,42.21674941983037,31.32714192428276,52.77134655889755
2026-01-01 11:30:00,D05,42.61748640028322,31.32714192428276,52.77134655889755
2026-01-01 11:35:00,D01,39.79406090365503,31.662100987091858,54.81848993848856
2026-01-01 11:35:00,D02,39.205108799279785,31.662100987091858,54.81848993848856
2026-01-01 11:35:00,D03,39.14817010629628,31.662100987091858,54.81848993848856
2026-01-01 11:35:00,D04,37.58716212775037,31.662100987091858,54.81848993848856
2026-01-01 11:35:00,D05,40.77084398570424,31.662100987091858,54.81848993848856
2026-01-01 11:40:00,D01,41.30342674059938,31.79337530029676,54.311792092209444
2026-01-01 11:40:00,D02,42.31761018546719,31.79337530029676,54.311792092209444
2026-01-01 11:40:00,D03,42.64265337821487,31.79337530029676,54.311792092209444
2026-01-01 11:40:00,D04,40.326117034386876,31.79337530029676,54.311792092209444
2026-01-01 11:40:00,D05,43.620621584916,31.79337530029676,54.311792092209444
2026-01-01 11:45:00,D01,44.54689196880566,31.830437067814902,53.572041287984085
2026-01-01 11:45:00,D02,44.22117747613605,31.830437067814902,53.572041287984085
2026-01-01 11:45:00,D03,43.06974761398533,31.830437067814902,53.572041287984085
2026-01-01 11:45:00,D04,43.99598129481219,31.830437067814902,53.572041287984085
2026-01-01 11:45:00,D05,44.941283602518716,31.830437067814902,53.572041287984085
2026-01-01 11:50:00,D01,38.30422734304778,32.636063005411174,54.74645010033339
2026-01-01 11:50:00,D02,39.24292649503332,32.636063005411174,54.74645010033339
2026-01-01 11:50:00,D03,35.159821980508,32.636063005411174,54.74645010033339
2026-01-01 11:50:00,D04,38.51900737818739,32.636063005411174,54.74645010033339
2026-01-01 11:50:00,D05,38.1426176660169,32.636063005411174,54.74645010033339
2026-01-01 11:55:00,D01,39.51103538000817,32.277655665762104,55.739638200071084
2026-01-01 11:55:00,D02,40.44733562699368,32.277655665762104,55.739638200071084
2026-01-01 11:55:00,D03,41.01777920891672,32.277655665762104,55.739638200071084
2026-01-01 11:55:00,D04,42.347819581362856,32.277655665762104,55.739638200071084
2026-01-01 11:55:00,D05,42.11769340006558,32.277655665762104,55.739638200071084
2026-01-01 12:00:00,D01,39.84597548283737,31.444271021531485,54.98606715764828
2026-01-01 12:00:00,D02,40.871325239727575,31.444271021531485,54.98606715764828
2026-01-01 12:00:00,D03,41.79441871253519,31.444271021531485,54.98606715764828
2026-01-01 12:00:00,D04,40.535085717558,31.444271021531485,54.98606715764828
2026-01-01 12:00:00,D05,44.422993917947416,31.444271021531485,54.98606715764828
2026-01-01 12:05:00,D01,42.303034056488784,32.122062524615544,55.462851338230266
2026-01-01 12:05:00,D02,43.12786140274142,32.122062524615544,55.462851338230266
2026-01-01 12:05:00,D03,42.27021869872244,32.122062524615544,55.462851338230266
2026-01-01 12:05:00,D04,40.3586231962138,32.122062524615544,55.462851338230266
2026-01-01 12:05:00,D05,42.624129557208626,32.122062524615544,55.462851338230266
2026-01-01 12:10:00,D01,34.37729214078004,32.24435198215768,57.72962933195456
2026-01-01 12:10:00,D02,39.16198024865143,32.24435198215768,57.72962933195456
2026-01-01 12:10:00,D03,36.42721322110245,32.24435198215768,57.72962933195456
2026-01-01 12:10:00,D04,36.51995977257531,32.24435198215768,57.72962933195456
2026-01-01 12:10:00,D05,38.11345531766221,32.24435198215768,57.72962933195456
2026-01-01 12:15:00,D01,36.55559978836503,32.55936913545365,54.50709247527762
2026-01-01 12:15:00,D02,38.805654198426325,32.55936913545365,54.50709247527762
2026-01-01 12:15:00,D03,36.791816556992664,32.55936913545365,54.50709247527762
2026-01-01 12:15:00,D04,36.73863956425925,32.55936913545365,54.50709247527762
2026-01-01 12:15:00,D05,36.21674302654197,32.55936913545365,54.50709247527762
2026-01-01 12:20:00,D01,38.74149450213255,32.771243833742915,55.45557597104955
2026-01-01 12:20:00,D02,40.85427205509687,32.771243833742915,55.45557597104955
2026-01-01 12:20:00,D03,39.63948943497729,32.771243833742915,55.45557597104955
2026-01-01 12:20:00,D04,40.15114073239652,32.771243833742915,55.45557597104955
2026-01-01 12:20:00,D05,43.05243644752179,32.771243833742915,55.45557597104955
2026-01-01 12:25:00,D01,39.028746796513204,31.462734595197663,54.2956165738781
2026-01-01 12:25:00,D02,40.005943137266094,31.462734595197663,54.2956165738781
2026-01-01 12:25:00,D03,38.68603413375736,31.462734595197663,54.2956165738781
2026-01-01 12:25:00,D04,40.813598764658856,31.462734595197663,54.2956165738781
2026-01-01 12:25:00,D05,40.113727410559065,31.462734595197663,54.2956165738781
2026-01-01 12:30:00,D01,38.89690368946203,31.551795551263883,53.81601180643144
2026-01-01 12:30:00,D02,40.17792269160158,31.551795551263883,53.81601180643144
2026-01-01 12:30:00,D03,40.15111234967109,31.551795551263883,53.81601180643144
2026-01-01 12:30:00,D04,37.878110088358476,31.551795551263883,53.81601180643144
2026-01-01 12:30:00,D05,41.14498432041663,31.551795551263883,53.81601180643144
2026-01-01 12:35:00,D01,38.81341817918728,31.313018622881497,54.23902341519574
2026-01-01 12:35:00,D02,40.910294614590434,31.313018622881497,54.23902341519574
2026-01-01 12:35:00,D03,37.97413024582963,31.313018622881497,54.23902341519574
2026-01-01 12:35:00,D04,,31.313018622881497,54.23902341519574
2026-01-01 12:35:00,D05,43.151790628978226,31.313018622881497,54.23902341519574
2026-01-01 12:40:00,D01,36.35120752806111,31.807028835507552,54.43378461259538
2026-01-01 12:40:00,D02,39.89763101296984,31.807028835507552,54.43378461259538
2026-01-01 12:40:00,D03,36.0096523495921,31.807028835507552,54.43378461259538
2026-01-01 12:40:00,D04,36.59365899301172,31.807028835507552,54.43378461259538
2026-01-01 12:40:00,D05,39.15864115979047,31.807028835507552,54.43378461259538
2026-01-01 12:45:00,D01,37.41646052453191,32.13710558923932,55.731360892288386
2026-01-01 12:45:00,D02,37.9847774102262,32.13710558923932,55.731360892288386
2026-01-01 12:45:00,D03,37.40957854068834,32.13710558923932,55.731360892288386
2026-01-01 12:45:00,D04,38.88280831665182,32.13710558923932,55.731360892288386
2026-01-01 12:45:00,D05,40.770055700376496,32.13710558923932,55.731360892288386
2026-01-01 12:50:00,D01,40.713660074035026,32.375147293894216,58.760653608851804
2026-01-01 12:50:00,D02,39.729556030406854,32.375147293894216,58.760653608851804
2026-01-01 12:50:00,D03,36.93150128391729,32.375147293894216,58.760653608851804
2026-01-01 12:50:00,D04,,32.375147293894216,58.760653608851804
2026-01-01 12:50:00,D05,40.00662853825385,32.375147293894216,58.760653608851804
2026-01-01 12:55:00,D01,38.06190024484689,31.818734837245042,54.21251414745363
2026-01-01 12:55:00,D02,36.400221338121874,31.818734837245042,54.21251414745363
2026-01-01 12:55:00,D03,36.34085253252814,31.818734837245042,54.21251414745363
2026-01-01 12:55:00,D04,35.67035533153517,31.818734837245042,54.21251414745363
2026-01-01 12:55:00,D05,38.43132609639999,31.818734837245042,54.21251414745363
2026-01-01 13:00:00,D01,39.98129275100803,31.66970536981792,54.71580377868612
2026-01-01 13:00:00,D02,41.03950299068501,31.66970536981792,54.71580377868612
2026-01-01 13:00:00,D03,42.30486161974628,31.66970536981792,54.71580377868612
2026-01-01 13:00:00,D04,42.317104990571295,31.66970536981792,54.71580377868612
2026-01-01 13:00:00,D05,43.15451998061489,31.66970536981792,54.71580377868612
2026-01-01 13:05:00,D01,39.73149245281723,31.876128268054014,55.30481693647384
2026-01-01 13:05:00,D02,40.67464500194533,31.876128268054014,55.30481693647384
2026-01-01 13:05:00,D03,37.964498945268396,31.876128268054014,55.30481693647384
2026-01-01 13:05:00,D04,38.62132875790155,31.876128268054014,55.30481693647384
2026-01-01 13:05:00,D05,40.6375947226822,31.876128268054014,55.30481693647384
2026-01-01 13:10:00,D01,34.210869520079115,31.351013302926123,56.05652876558235
2026-01-01 13:10:00,D02,36.72319779845081,31.351013302926123,56.05652876558235
2026-01-01 13:10:00,D03,33.104587209987805,31.351013302926123,56.05652876558235
2026-01-01 13:10:00,D04,33.62561223307989,31.351013302926123,56.05652876558235
2026-01-01 13:10:00,D05,34.15412550293374,31.351013302926123,56.05652876558235
2026-01-01 13:15:00,D01,38.22790003756775,32.779420008322916,55.92602492298113
2026-01-01 13:15:00,D02,40.126309851895456,32.779420008322916,55.92602492298113
2026-01-01 13:15:00,D03,38.938657103978066,32.779420008322916,55.92602492298113
2026-01-01 13:15:00,D04,37.58900426338295,32.779420008322916,55.92602492298113
2026-01-01 13:15:00,D05,40.450921613660604,32.779420008322916,55.92602492298113
2026-01-01 13:20:00,D01,34.56716126639175,30.894632590370513,57.52921748306309
2026-01-01 13:20:00,D02,37.13955039604448,30.894632590370513,57.52921748306309
2026-01-01 13:20:00,D03,36.31613698032364,30.894632590370513,57.52921748306309
2026-01-01 13:20:00,D04,35.147252261012156,30.894632590370513,57.52921748306309
2026-01-01 13:20:00,D05,37.04901578774364,30.894632590370513,57.52921748306309
2026-01-01 13:25:00,D01,37.29004018339393,31.752409635861856,52.0403332013692
2026-01-01 13:25:00,D02,39.06808481621922,31.752409635861856,52.0403332013692
2026-01-01 13:25:00,D03,37.3035465005013,31.752409635861856,52.0403332013692
2026-01-01 13:25:00,D04,36.68876647885977,31.752409635861856,52.0403332013692
2026-01-01 13:25:00,D05,42.494646644868396,31.752409635861856,52.0403332013692
2026-01-01 13:30:00,D01,39.47420917797005,32.631200772171255,52.180809869593624
2026-01-01 13:30:00,D02,39.665659764680505,32.631200772171255,52.180809869593624
2026-01-01 13:30:00,D03,38.01180256764619,32.631200772171255,52.180809869593624
2026-01-01 13:30:00,D04,39.0010899552825,32.631200772171255,52.180809869593624
2026-01-01 13:30:00,D05,40.496000538061914,32.631200772171255,52.180809869593624
2026-01-01 13:35:00,D01,34.457054995285866,31.579957317877234,55.103067950790305
2026-01-01 13:35:00,D02,38.13476508639456,31.579957317877234,55.103067950790305
2026-01-01 13:35:00,D03,34.846829094792604,31.579957317877234,55.103067950790305
2026-01-01 13:35:00,D04,33.98737037845806,31.579957317877234,55.103067950790305
2026-01-01 13:35:00,D05,36.57514255041656,31.579957317877234,55.103067950790305
2026-01-01 13:40:00,D01,37.22401821786241,31.4365194176825,57.582872410949065
2026-01-01 13:40:00,D02,39.08179015009751,31.4365194176825,57.582872410949065
2026-01-01 13:40:00,D03,39.3224433888667,31.4365194176825,57.582872410949065
2026-01-01 13:40:00,D04,,31.4365194176825,57.582872410949065
2026-01-01 13:40:00,D05,40.1316388317438,31.4365194176825,57.582872410949065
2026-01-01 13:45:00,D01,35.098085507882516,31.305640996258226,53.682800537264725
2026-01-01 13:45:00,D02,38.77552418632517,31.305640996258226,53.682800537264725
2026-01-01 13:45:00,D03,35.88284080595776,31.305640996258226,53.682800537264725
2026-01-01 13:45:00,D04,,31.305640996258226,53.682800537264725
2026-01-01 13:45:00,D05,38.87432837696735,31.305640996258226,53.682800537264725
2026-01-01 13:50:00,D01,36.133039173919514,31.344858325009902,51.61844315867715
2026-01-01 13:50:00,D02,38.680658408502694,31.344858325009902,51.61844315867715
2026-01-01 13:50:00,D03,35.69418440664043,31.344858325009902,51.61844315867715
2026-01-01 13:50:00,D04,35.909279873029284,31.344858325009902,51.61844315867715
2026-01-01 13:50:00,D05,37.85256601882747,31.344858325009902,51.61844315867715
2026-01-01 13:55:00,D01,37.34231816051192,32.0700580158758,57.08950155225374
2026-01-01 13:55:00,D02,38.793007984249,32.0700580158758,57.08950155225374
2026-01-01 13:55:00,D03,39.615116882386424,32.0700580158758,57.08950155225374
2026-01-01 13:55:00,D04,38.347078569226944,32.0700580158758,57.08950155225374
2026-01-01 13:55:00,D05,41.8740552082024,32.0700580158758,57.08950155225374
2026-01-01 14:00:00,D01,34.52144731640943,30.224196063257438,56.705231797709686
2026-01-01 14:00:00,D02,34.13208856071904,30.224196063257438,56.705231797709686
2026-01-01 14:00:00,D03,35.30829184113656,30.224196063257438,56.705231797709686
2026-01-01 14:00:00,D04,35.956624766344135,30.224196063257438,56.705231797709686
2026-01-01 14:00:00,D05,35.67620354587143,30.224196063257438,56.705231797709686
2026-01-01 14:05:00,D01,32.1081294973954,32.041276204012895,54.81556868307139
2026-01-01 14:05:00,D02,34.40323022457861,32.041276204012895,54.81556868307139
2026-01-01 14:05:00,D03,33.31092654011503,32.041276204012895,54.81556868307139
2026-01-01 14:05:00,D04,35.67611689776765,32.041276204012895,54.81556868307139
2026-01-01 14:05:00,D05,35.80822054215595,32.041276204012895,54.81556868307139
2026-01-01 14:10:00,D01,32.58241454476217,30.504978652839355,55.08777614078975
2026-01-01 14:10:00,D02,35.59142122210206,30.504978652839355,55.08777614078975
2026-01-01 14:10:00,D03,32.28984179762326,30.504978652839355,55.08777614078975
2026-01-01 14:10:00,D04,31.10073286959533,30.504978652839355,55.08777614078975
2026-01-01 14:10:00,D05,34.09803747858798,30.504978652839355,55.08777614078975
2026-01-01 14:15:00,D01,34.18277895348348,31.02402189689552,55.23068829752253
2026-01-01 14:15:00,D02,35.298239227973134,31.02402189689552,55.23068829752253
2026-01-01 14:15:00,D03,33.80705583086515,31.02402189689552,55.23068829752253
2026-01-01 14:15:00,D04,33.85580021587325,31.02402189689552,55.23068829752253
2026-01-01 14:15:00,D05,34.71181487816228,31.02402189689552,55.23068829752253
2026-01-01 14:20:00,D01,35.30933179058292,30.881138011295633,56.97428253332099
2026-01-01 14:20:00,D02,36.73130541166204,30.881138011295633,56.97428253332099
2026-01-01 14:20:00,D03,34.6380682222093,30.881138011295633,56.97428253332099
2026-01-01 14:20:00,D04,34.40564895644647,30.881138011295633,56.97428253332099
2026-01-01 14:20:00,D05,35.773599802084014,30.881138011295633,56.97428253332099
2026-01-01 14:25:00,D01,34.73693057189485,31.326499656222776,55.99608104305066
2026-01-01 14:25:00,D02,35.49928287515048,31.326499656222776,55.99608104305066
2026-01-01 14:25:00,D03,34.00077194909397,31.326499656222776,55.99608104305066
2026-01-01 14:25:00,D04,,31.326499656222776,55.99608104305066
2026-01-01 14:25:00,D05,36.66661977957142,31.326499656222776,55.99608104305066
2026-01-01 14:30:00,D01,34.37868258242969,30.1677045255143,57.80756247555093
2026-01-01 14:30:00,D02,37.808686945097136,30.1677045255143,57.80756247555093
2026-01-01 14:30:00,D03,34.51486203987851,30.1677045255143,57.80756247555093
2026-01-01 14:30:00,D04,33.907255464483164,30.1677045255143,57.80756247555093
2026-01-01 14:30:00,D05,36.541548244150505,30.1677045255143,57.80756247555093
2026-01-01 14:35:00,D01,37.27500632565248,31.130508748505378,52.9192151747146
2026-01-01 14:35:00,D02,36.16721118075972,31.130508748505378,52.9192151747146
2026-01-01 14:35:00,D03,34.04342424420682,31.130508748505378,52.9192151747146
2026-01-01 14:35:00,D04,36.29341557678184,31.130508748505378,52.9192151747146
2026-01-01 14:35:00,D05,37.938661555724785,31.130508748505378,52.9192151747146
2026-01-01 14:40:00,D01,34.118883807249134,31.842377027238317,56.05427777111852
2026-01-01 14:40:00,D02,35.557850348587685,31.842377027238317,56.05427777111852
2026-01-01 14:40:00,D03,34.28401814332834,31.842377027238317,56.05427777111852
2026-01-01 14:40:00,D04,33.29548444053403,31.842377027238317,56.05427777111852
2026-01-01 14:40:00,D05,35.68557824848896,31.842377027238317,56.05427777111852
2026-01-01 14:45:00,D01,35.98580354343743,30.077612035098483,55.79252098384365
2026-01-01 14:45:00,D02,38.06008153474616,30.077612035098483,55.79252098384365
2026-01-01 14:45:00,D03,36.05137643393109,30.077612035098483,55.79252098384365
2026-01-01 14:45:00,D04,37.59501321378639,30.077612035098483,55.79252098384365
2026-01-01 14:45:00,D05,39.38415745453026,30.077612035098483,55.79252098384365
2026-01-01 14:50:00,D01,31.28876614024703,30.781239767855816,57.24271561434003
2026-01-01 14:50:00,D02,34.30765981670551,30.781239767855816,57.24271561434003
2026-01-01 14:50:00,D03,32.27907342498275,30.781239767855816,57.24271561434003
2026-01-01 14:50:00,D04,35.02607212218685,30.781239767855816,57.24271561434003
2026-01-01 14:50:00,D05,34.38965763311728,30.781239767855816,57.24271561434003
2026-01-01 14:55:00,D01,38.91908099352129,30.28082872140047,56.96928874166724
2026-01-01 14:55:00,D02,41.64047485161742,30.28082872140047,56.96928874166724
2026-01-01 14:55:00,D03,38.492333290204115,30.28082872140047,56.96928874166724
2026-01-01 14:55:00,D04,38.73827299633527,30.28082872140047,56.96928874166724
2026-01-01 14:55:00,D05,41.17576312623389,30.28082872140047,56.96928874166724
2026-01-01 15:00:00,D01,35.0095906562474,30.748477509029257,59.125697857978174
2026-01-01 15:00:00,D02,35.26175685977649,30.748477509029257,59.125697857978174
2026-01-01 15:00:00,D03,34.220574582994786,30.748477509029257,59.125697857978174
2026-01-01 15:00:00,D04,,30.748477509029257,59.125697857978174
2026-01-01 15:00:00,D05,35.581029140362475,30.748477509029257,59.125697857978174
2026-01-01 15:05:00,D01,30.43039374205624,30.467139167619223,55.29586428468722
2026-01-01 15:05:00,D02,31.508966065448526,30.467139167619223,55.29586428468722
2026-01-01 15:05:00,D03,31.956975328135442,30.467139167619223,55.29586428468722
2026-01-01 15:05:00,D04,,30.467139167619223,55.29586428468722
2026-01-01 15:05:00,D05,35.09032303822858,30.467139167619223,55.29586428468722
2026-01-01 15:10:00,D01,30.776644390914573,30.057207583556146,58.31233513833953
2026-01-01 15:10:00,D02,32.31188873488618,30.057207583556146,58.31233513833953
2026-01-01 15:10:00,D03,31.07653216710176,30.057207583556146,58.31233513833953
2026-01-01 15:10:00,D04,31.050923805456982,30.057207583556146,58.31233513833953
2026-01-01 15:10:00,D05,33.177471044330275,30.057207583556146,58.31233513833953
2026-01-01 15:15:00,D01,33.082973460781574,30.54066521793588,59.24404648381687
2026-01-01 15:15:00,D02,34.86309719262596,30.54066521793588,59.24404648381687
2026-01-01 15:15:00,D03,33.2901374769038,30.54066521793588,59.24404648381687
2026-01-01 15:15:00,D04,33.82457950905519,30.54066521793588,59.24404648381687
2026-01-01 15:15:00,D05,35.0198461752133,30.54066521793588,59.24404648381687
2026-01-01 15:20:00,D01,31.708597598959518,31.116112103326067,61.357095057977546
2026-01-01 15:20:00,D02,37.0963156467697,31.116112103326067,61.357095057977546
2026-01-01 15:20:00,D03,32.656298147877514,31.116112103326067,61.357095057977546
2026-01-01 15:20:00,D04,,31.116112103326067,61.357095057977546
2026-01-01 15:20:00,D05,35.91003312305733,31.116112103326067,61.357095057977546
2026-01-01 15:25:00,D01,31.141334099693033,30.034165465056642,58.0181163215192
2026-01-01 15:25:00,D02,36.141891921536526,30.034165465056642,58.0181163215192
2026-01-01 15:25:00,D03,34.02989341094698,30.034165465056642,58.0181163215192
2026-01-01 15:25:00,D04,32.49151968738894,30.034165465056642,58.0181163215192
2026-01-01 15:25:00,D05,36.44293935879014,30.034165465056642,58.0181163215192
2026-01-01 15:30:00,D01,32.79116044251861,30.403686116117694,59.39907361644158
2026-01-01 15:30:00,D02,34.44975511716997,30.403686116117694,59.39907361644158
2026-01-01 15:30:00,D03,32.58634220994871,30.403686116117694,59.39907361644158
2026-01-01 15:30:00,D04,32.29675990140009,30.403686116117694,59.39907361644158
2026-01-01 15:30:00,D05,34.62704914239029,30.403686116117694,59.39907361644158
2026-01-01 15:35:00,D01,32.75926543441948,29.30991176288233,56.38110932752063
2026-01-01 15:35:00,D02,32.58986396729084,29.30991176288233,56.38110932752063
2026-01-01 15:35:00,D03,31.66517797377494,29.30991176288233,56.38110932752063
2026-01-01 15:35:00,D04,32.384161477020974,29.30991176288233,56.38110932752063
2026-01-01 15:35:00,D05,33.97874639313373,29.30991176288233,56.38110932752063
2026-01-01 15:40:00,D01,29.48348956540671,29.389663993346222,55.67630133002001
2026-01-01 15:40:00,D02,30.100608673183643,29.389663993346222,55.67630133002001
2026-01-01 15:40:00,D03,29.966669232130148,29.389663993346222,55.67630133002001
2026-01-01 15:40:00,D04,29.376413693947452,29.389663993346222,55.67630133002001
2026-01-01 15:40:00,D05,31.309426745030642,29.389663993346222,55.67630133002001
2026-01-01 15:45:00,D01,28.708135795818134,30.014054304038197,60.71145923347653
2026-01-01 15:45:00,D02,29.506320862957196,30.014054304038197,60.71145923347653
2026-01-01 15:45:00,D03,29.16087077077702,30.014054304038197,60.71145923347653
2026-01-01 15:45:00,D04,28.339600052115426,30.014054304038197,60.71145923347653
2026-01-01 15:45:00,D05,29.86225230900785,30.014054304038197,60.71145923347653
2026-01-01 15:50:00,D01,29.917104931045184,30.4285560560021,59.61866347605966
2026-01-01 15:50:00,D02,32.673853488900704,30.4285560560021,59.61866347605966
2026-01-01 15:50:00,D03,30.306033023015463,30.4285560560021,59.61866347605966
2026-01-01 15:50:00,D04,31.947823333015208,30.4285560560021,59.61866347605966
2026-01-01 15:50:00,D05,34.23878946142515,30.4285560560021,59.61866347605966
2026-01-01 15:55:00,D01,33.52412055821025,29.77167296519544,61.58003645309242
2026-01-01 15:55:00,D02,36.48678917122937,29.77167296519544,61.58003645309242
2026-01-01 15:55:00,D03,32.77326969549584,29.77167296519544,61.58003645309242
2026-01-01 15:55:00,D04,33.59663244744606,29.77167296519544,61.58003645309242
2026-01-01 15:55:00,D05,34.63493054318099,29.77167296519544,61.58003645309242
2026-01-01 16:00:00,D01,31.55141025287985,29.343470984738424,57.939895666545375
2026-01-01 16:00:00,D02,34.79532978883372,29.343470984738424,57.939895666545375
2026-01-01 16:00:00,D03,33.736690759849985,29.343470984738424,57.939895666545375
2026-01-01 16:00:00,D04,30.589105861250964,29.343470984738424,57.939895666545375
2026-01-01 16:00:00,D05,32.812497088176414,29.343470984738424,57.939895666545375
2026-01-01 16:05:00,D01,27.80201334481894,29.404589547308618,60.96996552009925
2026-01-01 16:05:00,D02,30.885982471489758,29.404589547308618,60.96996552009925
2026-01-01 16:05:00,D03,29.68099036724805,29.404589547308618,60.96996552009925
2026-01-01 16:05:00,D04,29.14929070307687,29.404589547308618,60.96996552009925
2026-01-01 16:05:00,D05,31.771536960799978,29.404589547308618,60.96996552009925
2026-01-01 16:10:00,D01,32.80880498758528,28.683539199190314,63.18574062846544
2026-01-01 16:10:00,D02,33.078644166872756,28.683539199190314,63.18574062846544
2026-01-01 16:10:00,D03,30.715652855495016,28.683539199190314,63.18574062846544
2026-01-01 16:10:00,D04,32.71532672755212,28.683539199190314,63.18574062846544
2026-01-01 16:10:00,D05,35.542929034066034,28.683539199190314,63.18574062846544
2026-01-01 16:15:00,D01,32.73083935766301,29.51370111427269,61.20667151034589
2026-01-01 16:15:00,D02,34.00620357151069,29.51370111427269,61.20667151034589
2026-01-01 16:15:00,D03,32.37284833807299,29.51370111427269,61.20667151034589
2026-01-01 16:15:00,D04,31.973445406647222,29.51370111427269,61.20667151034589
2026-01-01 16:15:00,D05,35.378548077002385,29.51370111427269,61.20667151034589
2026-01-01 16:20:00,D01,28.56430049330306,29.5542578398652,61.18868964097958
2026-01-01 16:20:00,D02,30.595978689027056,29.5542578398652,61.18868964097958
2026-01-01 16:20:00,D03,29.287557322886414,29.5542578398652,61.18868964097958
2026-01-01 16:20:00,D04,30.041005788714834,29.5542578398652,61.18868964097958
2026-01-01 16:20:00,D05,33.892096290326066,29.5542578398652,61.18868964097958
2026-01-01 16:25:00,D01,31.652123730114365,28.787688282877145,60.98536722264915
2026-01-01 16:25:00,D02,34.82803440405352,28.787688282877145,60.98536722264915
2026-01-01 16:25:00,D03,31.54588659595668,28.787688282877145,60.98536722264915
2026-01-01 16:25:00,D04,,28.787688282877145,60.98536722264915
2026-01-01 16:25:00,D05,36.02009379754827,28.787688282877145,60.98536722264915
2026-01-01 16:30:00,D01,31.415034114599514,28.6783960879457,58.81684349066023
2026-01-01 16:30:00,D02,32.65369247640976,28.6783960879457,58.81684349066023
2026-01-01 16:30:00,D03,31.014963436344235,28.6783960879457,58.81684349066023
2026-01-01 16:30:00,D04,31.137500458261155,28.6783960879457,58.81684349066023
2026-01-01 16:30:00,D05,32.43381443889152,28.6783960879457,58.81684349066023
2026-01-01 16:35:00,D01,29.036281946521946,28.94512930624453,63.4089790207285
2026-01-01 16:35:00,D02,30.28282895748241,28.94512930624453,63.4089790207285
2026-01-01 16:35:00,D03,29.583623356996007,28.94512930624453,63.4089790207285
2026-01-01 16:35:00,D04,26.817216418931324,28.94512930624453,63.4089790207285
2026-01-01 16:35:00,D05,30.551558424290565,28.94512930624453,63.4089790207285
2026-01-01 16:40:00,D01,29.624392616842403,28.491740848608046,60.663512107035714
2026-01-01 16:40:00,D02,31.08793775034783,28.491740848608046,60.663512107035714
2026-01-01 16:40:00,D03,31.664268857488928,28.491740848608046,60.663512107035714
2026-01-01 16:40:00,D04,31.948380792501126,28.491740848608046,60.663512107035714
2026-01-01 16:40:00,D05,32.229422756269415,28.491740848608046,60.663512107035714
2026-01-01 16:45:00,D01,32.65887429881804,28.5741310192029,62.542330231542905
2026-01-01 16:45:00,D02,33.45187013210632,28.5741310192029,62.542330231542905
2026-01-01 16:45:00,D03,31.590179059571128,28.5741310192029,62.542330231542905
2026-01-01 16:45:00,D04,32.01239834726054,28.5741310192029,62.542330231542905
2026-01-01 16:45:00,D05,32.98316314613989,28.5741310192029,62.542330231542905
2026-01-01 16:50:00,D01,32.05923401594255,29.553389892104622,59.64839054510039
2026-01-01 16:50:00,D02,35.47037989598955,29.553389892104622,59.64839054510039
2026-01-01 16:50:00,D03,33.6711235558513,29.553389892104622,59.64839054510039
2026-01-01 16:50:00,D04,31.338667257630952,29.553389892104622,59.64839054510039
2026-01-01 16:50:00,D05,36.20756168973586,29.553389892104622,59.64839054510039
2026-01-01 16:55:00,D01,32.149277626769255,28.27563221978196,60.432520362928415
2026-01-01 16:55:00,D02,33.454271320640956,28.27563221978196,60.432520362928415
2026-01-01 16:55:00,D03,151.25274462438253,28.27563221978196,60.432520362928415
2026-01-01 16:55:00,D04,34.02798482205098,28.27563221978196,60.432520362928415
2026-01-01 16:55:00,D05,35.30257468911728,28.27563221978196,60.432520362928415
2026-01-01 17:00:00,D01,30.223284753455335,28.114925149501993,64.56444064780814
2026-01-01 17:00:00,D02,28.85949656248396,28.114925149501993,64.56444064780814
2026-01-01 17:00:00,D03,27.706881580524193,28.114925149501993,64.56444064780814
2026-01-01 17:00:00,D04,28.15653735621605,28.114925149501993,64.56444064780814
2026-01-01 17:00:00,D05,31.572891848727636,28.114925149501993,64.56444064780814
2026-01-01 17:05:00,D01,28.712802602758156,27.864658558813286,62.102187643301505
2026-01-01 17:05:00,D02,31.238379693865102,27.864658558813286,62.102187643301505
2026-01-01 17:05:00,D03,28.72495182452326,27.864658558813286,62.102187643301505
2026-01-01 17:05:00,D04,27.71825460395068,27.864658558813286,62.102187643301505
2026-01-01 17:05:00,D05,30.08891726372721,27.864658558813286,62.102187643301505
2026-01-01 17:10:00,D01,30.880787987770812,28.45429405544048,65.01551707468279
2026-01-01 17:10:00,D02,31.835118252106884,28.45429405544048,65.01551707468279
2026-01-01 17:10:00,D03,31.173501439851623,28.45429405544048,65.01551707468279
2026-01-01 17:10:00,D04,31.923238059380747,28.45429405544048,65.01551707468279
2026-01-01 17:10:00,D05,33.27425192108725,28.45429405544048,65.01551707468279
2026-01-01 17:15:00,D01,29.01442472503621,27.88483952347159,62.931750791250934
2026-01-01 17:15:00,D02,34.33211067605364,27.88483952347159,62.931750791250934
2026-01-01 17:15:00,D03,31.228946090787584,27.88483952347159,62.931750791250934
2026-01-01 17:15:00,D04,30.235283764017943,27.88483952347159,62.931750791250934
2026-01-01 17:15:00,D05,34.38153596986625,27.88483952347159,62.931750791250934
2026-01-01 17:20:00,D01,32.57178197643637,27.543554369173936,60.50067156389391
2026-01-01 17:20:00,D02,32.71439008134917,27.543554369173936,60.50067156389391
2026-01-01 17:20:00,D03,30.595323253728143,27.543554369173936,60.50067156389391
2026-01-01 17:20:00,D04,30.33588019785979,27.543554369173936,60.50067156389391
2026-01-01 17:20:00,D05,34.819307202132734,27.543554369173936,60.50067156389391
2026-01-01 17:25:00,D01,36.476638205823235,28.421268947086087,64.81686753769841
2026-01-01 17:25:00,D02,39.50772134348555,28.421268947086087,64.81686753769841
2026-01-01 17:25:00,D03,37.070680657007955,28.421268947086087,64.81686753769841
2026-01-01 17:25:00,D04,36.842616556475406,28.421268947086087,64.81686753769841
2026-01-01 17:25:00,D05,38.77995501011379,28.421268947086087,64.81686753769841
2026-01-01 17:30:00,D01,30.223893504148727,28.362432463357077,62.80989960116607
2026-01-01 17:30:00,D02,32.18782124818021,28.362432463357077,62.80989960116607
2026-01-01 17:30:00,D03,30.228762021165792,28.362432463357077,62.80989960116607
2026-01-01 17:30:00,D04,30.219230604268276,28.362432463357077,62.80989960116607
2026-01-01 17:30:00,D05,33.5923126611876,28.362432463357077,62.80989960116607
2026-01-01 17:35:00,D01,31.99921559905015,27.244122591390468,64.95936447175592
2026-01-01 17:35:00,D02,34.80290696253611,27.244122591390468,64.95936447175592
2026-01-01 17:35:00,D03,30.938584611340925,27.244122591390468,64.95936447175592
2026-01-01 17:35:00,D04,32.768180742339176,27.244122591390468,64.95936447175592
2026-01-01 17:35:00,D05,35.34777416380213,27.244122591390468,64.95936447175592
2026-01-01 17:40:00,D01,33.36246833776924,26.502508738057983,64.16625887383356
2026-01-01 17:40:00,D02,36.51014689338121,26.502508738057983,64.16625887383356
2026-01-01 17:40:00,D03,31.066339184684395,26.502508738057983,64.16625887383356
2026-01-01 17:40:00,D04,32.04058109588103,26.502508738057983,64.16625887383356
2026-01-01 17:40:00,D05,35.359314370847244,26.502508738057983,64.16625887383356
2026-01-01 17:45:00,D01,32.09743325689132,27.830772491069176,62.031291365784256
2026-01-01 17:45:00,D02,34.21983443028172,27.830772491069176,62.031291365784256
2026-01-01 17:45:00,D03,31.149926235758635,27.830772491069176,62.031291365784256
2026-01-01 17:45:00,D04,32.0724144893948,27.830772491069176,62.031291365784256
2026-01-01 17:45:00,D05,34.94757312219736,27.830772491069176,62.031291365784256
2026-01-01 17:50:00,D01,29.22114178506047,26.875782023946677,64.8102482744025
2026-01-01 17:50:00,D02,30.638763511868383,26.875782023946677,64.8102482744025
2026-01-01 17:50:00,D03,29.48209687734637,26.875782023946677,64.8102482744025
2026-01-01 17:50:00,D04,,26.875782023946677,64.8102482744025
2026-01-01 17:50:00,D05,31.959507193660187,26.875782023946677,64.8102482744025
2026-01-01 17:55:00,D01,31.828610233826264,27.504387224754186,68.07618586288359
2026-01-01 17:55:00,D02,34.78993379289976,27.504387224754186,68.07618586288359
2026-01-01 17:55:00,D03,31.249021607039804,27.504387224754186,68.07618586288359
2026-01-01 17:55:00,D04,31.128778772354465,27.504387224754186,68.07618586288359
2026-01-01 17:55:00,D05,32.95233821905079,27.504387224754186,68.07618586288359
2026-01-01 18:00:00,D01,27.853963878053747,26.01494809114408,65.73947968777169
2026-01-01 18:00:00,D02,30.281590620524103,26.01494809114408,65.73947968777169
2026-01-01 18:00:00,D03,26.098646080797497,26.01494809114408,65.73947968777169
2026-01-01 18:00:00,D04,28.076944825001803,26.01494809114408,65.73947968777169
2026-01-01 18:00:00,D05,29.208783968879512,26.01494809114408,65.73947968777169
2026-01-01 18:05:00,D01,29.668396205286243,27.33722424397685,65.13187222083742
2026-01-01 18:05:00,D02,33.05707365099461,27.33722424397685,65.13187222083742
2026-01-01 18:05:00,D03,31.103328873483235,27.33722424397685,65.13187222083742
2026-01-01 18:05:00,D04,29.581376804889747,27.33722424397685,65.13187222083742
2026-01-01 18:05:00,D05,32.03879087333624,27.33722424397685,65.13187222083742
2026-01-01 18:10:00,D01,29.11212743330135,26.17631709853293,67.04920897658872
2026-01-01 18:10:00,D02,32.00923880284638,26.17631709853293,67.04920897658872
2026-01-01 18:10:00,D03,30.125270811413596,26.17631709853293,67.04920897658872
2026-01-01 18:10:00,D04,29.06556242710555,26.17631709853293,67.04920897658872
2026-01-01 18:10:00,D05,31.454676450943207,26.17631709853293,67.04920897658872
2026-01-01 18:15:00,D01,31.153928942067964,27.038366413382548,65.9700339901061
2026-01-01 18:15:00,D02,29.41571475138634,27.038366413382548,65.9700339901061
2026-01-01 18:15:00,D03,30.63091889760374,27.038366413382548,65.9700339901061
2026-01-01 18:15:00,D04,30.413244341196016,27.038366413382548,65.9700339901061
2026-01-01 18:15:00,D05,32.10626718129261,27.038366413382548,65.9700339901061
2026-01-01 18:20:00,D01,35.634548274868514,26.571357820179927,66.18585877287077
2026-01-01 18:20:00,D02,35.84691334825865,26.571357820179927,66.18585877287077
2026-01-01 18:20:00,D03,36.57486082498283,26.571357820179927,66.18585877287077
2026-01-01 18:20:00,D04,34.7561848186339,26.571357820179927,66.18585877287077
2026-01-01 18:20:00,D05,38.289993166628506,26.571357820179927,66.18585877287077
2026-01-01 18:25:00,D01,26.818883614798953,25.978695916041854,64.451230990281
2026-01-01 18:25:00,D02,29.46283984252547,25.978695916041854,64.451230990281
2026-01-01 18:25:00,D03,25.347542115109597,25.978695916041854,64.451230990281
2026-01-01 18:25:00,D04,25.8661087254486,25.978695916041854,64.451230990281
2026-01-01 18:25:00,D05,27.919254687780157,25.978695916041854,64.451230990281
2026-01-01 18:30:00,D01,31.09572420946482,26.143850882436354,66.65603396088491
2026-01-01 18:30:00,D02,33.813202984565365,26.143850882436354,66.65603396088491
2026-01-01 18:30:00,D03,33.345696887636926,26.143850882436354,66.65603396088491
2026-01-01 18:30:00,D04,31.05852550932432,26.143850882436354,66.65603396088491
2026-01-01 18:30:00,D05,33.55042516802548,26.143850882436354,66.65603396088491
2026-01-01 18:35:00,D01,27.632775447333216,26.582542297528764,68.07439898652459
2026-01-01 18:35:00,D02,28.080596708957323,26.582542297528764,68.07439898652459
2026-01-01 18:35:00,D03,25.925739076192542,26.582542297528764,68.07439898652459
2026-01-01 18:35:00,D04,26.838133955964096,26.582542297528764,68.07439898652459
2026-01-01 18:35:00,D05,30.824502661813856,26.582542297528764,68.07439898652459
2026-01-01 18:40:00,D01,29.116090272096006,26.184706338222966,65.48238854851927
2026-01-01 18:40:00,D02,30.797794284839977,26.184706338222966,65.48238854851927
2026-01-01 18:40:00,D03,29.44679666359041,26.184706338222966,65.48238854851927
2026-01-01 18:40:00,D04,,26.184706338222966,65.48238854851927
2026-01-01 18:40:00,D05,31.21225329433935,26.184706338222966,65.48238854851927
2026-01-01 18:45:00,D01,31.288134021189297,26.3167548801556,69.0876469520317
2026-01-01 18:45:00,D02,32.69706239016044,26.3167548801556,69.0876469520317
2026-01-01 18:45:00,D03,31.096211064768227,26.3167548801556,69.0876469520317
2026-01-01 18:45:00,D04,32.455146287217595,26.3167548801556,69.0876469520317
2026-01-01 18:45:00,D05,35.48477250297781,26.3167548801556,69.0876469520317
2026-01-01 18:50:00,D01,29.962312175080655,26.906022222567227,67.02683710316333
2026-01-01 18:50:00,D02,32.520402858125244,26.906022222567227,67.02683710316333
2026-01-01 18:50:00,D03,30.38029406253596,26.906022222567227,67.02683710316333
2026-01-01 18:50:00,D04,29.58041506661815,26.906022222567227,67.02683710316333
2026-01-01 18:50:00,D05,33.15997804773028,26.906022222567227,67.02683710316333
2026-01-01 18:55:00,D01,28.215616729793098,25.029449732513605,66.04520465595392
2026-01-01 18:55:00,D02,32.59488120899724,25.029449732513605,66.04520465595392
2026-01-01 18:55:00,D03,28.51725624400716,25.029449732513605,66.04520465595392
2026-01-01 18:55:00,D04,27.292963430029527,25.029449732513605,66.04520465595392
2026-01-01 18:55:00,D05,31.190667002240417,25.029449732513605,66.04520465595392
2026-01-01 19:00:00,D01,29.820350102254125,26.51451106197171,69.08463856640557
2026-01-01 19:00:00,D02,31.978095004607063,26.51451106197171,69.08463856640557
2026-01-01 19:00:00,D03,28.755443987454825,26.51451106197171,69.08463856640557
2026-01-01 19:00:00,D04,29.42002987784154,26.51451106197171,69.08463856640557
2026-01-01 19:00:00,D05,32.62046345732164,26.51451106197171,69.08463856640557
2026-01-01 19:05:00,D01,31.57516878185291,25.65303289860665,67.36809878670252
2026-01-01 19:05:00,D02,36.2220668087965,25.65303289860665,67.36809878670252
2026-01-01 19:05:00,D03,32.4725743981002,25.65303289860665,67.36809878670252
2026-01-01 19:05:00,D04,32.5160896659092,25.65303289860665,67.36809878670252
2026-01-01 19:05:00,D05,34.92517915886827,25.65303289860665,67.36809878670252
2026-01-01 19:10:00,D01,27.792898517843852,25.047078978317067,69.1463303262719
2026-01-01 19:10:00,D02,32.16737273078411,25.047078978317067,69.1463303262719
2026-01-01 19:10:00,D03,29.101111678570714,25.047078978317067,69.1463303262719
2026-01-01 19:10:00,D04,30.073111465524093,25.047078978317067,69.1463303262719
2026-01-01 19:10:00,D05,30.469154587485843,25.047078978317067,69.1463303262719
2026-01-01 19:15:00,D01,31.020357567509713,24.727645860614697,67.77675670464382
2026-01-01 19:15:00,D02,34.28389919778891,24.727645860614697,67.77675670464382
2026-01-01 19:15:00,D03,30.441201155835383,24.727645860614697,67.77675670464382
2026-01-01 19:15:00,D04,30.472689803544895,24.727645860614697,67.77675670464382
2026-01-01 19:15:00,D05,32.61222640565652,24.727645860614697,67.77675670464382
2026-01-01 19:20:00,D01,30.807673512005096,25.19533908798314,68.33046221796184
2026-01-01 19:20:00,D02,34.971025688229545,25.19533908798314,68.33046221796184
2026-01-01 19:20:00,D03,30.127404154146205,25.19533908798314,68.33046221796184
2026-01-01 19:20:00,D04,28.816533868308234,25.19533908798314,68.33046221796184
2026-01-01 19:20:00,D05,33.86745284307601,25.19533908798314,68.33046221796184
2026-01-01 19:25:00,D01,29.562558240863137,25.64863486454372,69.36472068933845
2026-01-01 19:25:00,D02,32.066638958151245,25.64863486454372,69.36472068933845
2026-01-01 19:25:00,D03,30.18763438457608,25.64863486454372,69.36472068933845
2026-01-01 19:25:00,D04,29.75836540740135,25.64863486454372,69.36472068933845
2026-01-01 19:25:00,D05,31.348084793780824,25.64863486454372,69.36472068933845
2026-01-01 19:30:00,D01,35.96896436949222,25.02280827798578,69.2631799100359
2026-01-01 19:30:00,D02,37.18444617719219,25.02280827798578,69.2631799100359
2026-01-01 19:30:00,D03,34.395350823730816,25.02280827798578,69.2631799100359
2026-01-01 19:30:00,D04,34.333461002292,25.02280827798578,69.2631799100359
2026-01-01 19:30:00,D05,38.90760377964242,25.02280827798578,69.2631799100359
2026-01-01 19:35:00,D01,33.13364649353145,25.74184401582999,66.03416922790977
2026-01-01 19:35:00,D02,35.47988697353751,25.74184401582999,66.03416922790977
2026-01-01 19:35:00,D03,33.03012622392649,25.74184401582999,66.03416922790977
2026-01-01 19:35:00,D04,32.01135289372024,25.74184401582999,66.03416922790977
2026-01-01 19:35:00,D05,35.33950103525918,25.74184401582999,66.03416922790977
2026-01-01 19:40:00,D01,26.29242608393662,24.161320846270726,67.5443170072654
2026-01-01 19:40:00,D02,30.682908955226768,24.161320846270726,67.5443170072654
2026-01-01 19:40:00,D03,28.109348749150215,24.161320846270726,67.5443170072654
2026-01-01 19:40:00,D04,27.034866843507317,24.161320846270726,67.5443170072654
2026-01-01 19:40:00,D05,28.098904234087033,24.161320846270726,67.5443170072654
2026-01-01 19:45:00,D01,30.788037756163032,24.782512074981966,70.81700187937624
2026-01-01 19:45:00,D02,33.27657389159902,24.782512074981966,70.81700187937624
2026-01-01 19:45:00,D03,29.735467351865843,24.782512074981966,70.81700187937624
2026-01-01 19:45:00,D04,31.95783087823406,24.782512074981966,70.81700187937624
2026-01-01 19:45:00,D05,36.23371070561818,24.782512074981966,70.81700187937624
2026-01-01 19:50:00,D01,28.76612002772553,24.065060211618274,69.41928124899802
2026-01-01 19:50:00,D02,31.447032534752886,24.065060211618274,69.41928124899802
2026-01-01 19:50:00,D03,30.939245125982037,24.065060211618274,69.41928124899802
2026-01-01 19:50:00,D04,30.699517585860825,24.065060211618274,69.41928124899802
2026-01-01 19:50:00,D05,32.39293126062857,24.065060211618274,69.41928124899802
2026-01-01 19:55:00,D01,33.63641478279784,24.776872096715543,69.02429073503674
2026-01-01 19:55:00,D02,35.44866358167281,24.776872096715543,69.02429073503674
2026-01-01 19:55:00,D03,34.998021810962065,24.776872096715543,69.02429073503674
2026-01-01 19:55:00,D04,34.10723400616277,24.776872096715543,69.02429073503674
2026-01-01 19:55:00,D05,35.693572428962646,24.776872096715543,69.02429073503674
2026-01-01 20:00:00,D01,31.203524593627925,24.94344369504865,67.9621389771138
2026-01-01 20:00:00,D02,32.96833734725909,24.94344369504865,67.9621389771138
2026-01-01 20:00:00,D03,30.00670824649214,24.94344369504865,67.9621389771138
2026-01-01 20:00:00,D04,31.074023003931842,24.94344369504865,67.9621389771138
2026-01-01 20:00:00,D05,33.15491762839178,24.94344369504865,67.9621389771138
2026-01-01 20:05:00,D01,30.906326482427815,24.195752812356865,68.56812809969145
2026-01-01 20:05:00,D02,34.41155901234818,24.195752812356865,68.56812809969145
2026-01-01 20:05:00,D03,31.82049259563156,24.195752812356865,68.56812809969145
2026-01-01 20:05:00,D04,31.32545483560831,24.195752812356865,68.56812809969145
2026-01-01 20:05:00,D05,34.12484635136887,24.195752812356865,68.56812809969145
2026-01-01 20:10:00,D01,32.33462953510706,23.011395029952315,67.34029812352532
2026-01-01 20:10:00,D02,33.55387761130699,23.011395029952315,67.34029812352532
2026-01-01 20:10:00,D03,33.61306542420122,23.011395029952315,67.34029812352532
2026-01-01 20:10:00,D04,30.887417365263403,23.011395029952315,67.34029812352532
2026-01-01 20:10:00,D05,36.54018119024712,23.011395029952315,67.34029812352532
2026-01-01 20:15:00,D01,34.88359682221376,24.321622908300238,70.40378125214373
2026-01-01 20:15:00,D02,37.740331002353294,24.321622908300238,70.40378125214373
2026-01-01 20:15:00,D03,33.141331950135765,24.321622908300238,70.40378125214373
2026-01-01 20:15:00,D04,32.80727379647995,24.321622908300238,70.40378125214373
2026-01-01 20:15:00,D05,35.41369536021931,24.321622908300238,70.40378125214373
2026-01-01 20:20:00,D01,29.91344459621354,24.350487094111525,69.83810799263888
2026-01-01 20:20:00,D02,31.18855804188952,24.350487094111525,69.83810799263888
2026-01-01 20:20:00,D03,29.5901669665364,24.350487094111525,69.83810799263888
2026-01-01 20:20:00,D04,30.816012829349855,24.350487094111525,69.83810799263888
2026-01-01 20:20:00,D05,103.85307444009462,24.350487094111525,69.83810799263888
2026-01-01 20:25:00,D01,31.70278719044433,24.245599135662935,69.46321464715786
2026-01-01 20:25:00,D02,33.43324827535519,24.245599135662935,69.46321464715786
2026-01-01 20:25:00,D03,29.952351956020163,24.245599135662935,69.46321464715786
2026-01-01 20:25:00,D04,31.415311043591416,24.245599135662935,69.46321464715786
2026-01-01 20:25:00,D05,34.987251055700675,24.245599135662935,69.46321464715786
2026-01-01 20:30:00,D01,29.925659468792006,24.57408395086747,70.98542915233527
2026-01-01 20:30:00,D02,32.655608959691065,24.57408395086747,70.98542915233527
2026-01-01 20:30:00,D03,31.255211003296186,24.57408395086747,70.98542915233527
2026-01-01 20:30:00,D04,33.29495058478922,24.57408395086747,70.98542915233527
2026-01-01 20:30:00,D05,33.39428693406365,24.57408395086747,70.98542915233527
2026-01-01 20:35:00,D01,31.573224773203172,23.33485579925518,71.80519066811969
2026-01-01 20:35:00,D02,36.04443844308665,23.33485579925518,71.80519066811969
2026-01-01 20:35:00,D03,31.392608699568296,23.33485579925518,71.80519066811969
2026-01-01 20:35:00,D04,30.51551130673931,23.33485579925518,71.80519066811969
2026-01-01 20:35:00,D05,34.21067236765594,23.33485579925518,71.80519066811969
2026-01-01 20:40:00,D01,34.94132770886266,24.126170004292526,74.5676729951803
2026-01-01 20:40:00,D02,38.57407318119884,24.126170004292526,74.5676729951803
2026-01-01 20:40:00,D03,36.386627072298886,24.126170004292526,74.5676729951803
2026-01-01 20:40:00,D04,38.1833270850465,24.126170004292526,74.5676729951803
2026-01-01 20:40:00,D05,75.78289108000399,24.126170004292526,74.5676729951803
2026-01-01 20:45:00,D01,32.15754516119718,24.299524680738642,69.32563302165588
2026-01-01 20:45:00,D02,34.91205428630169,24.299524680738642,69.32563302165588
2026-01-01 20:45:00,D03,34.356990070729715,24.299524680738642,69.32563302165588
2026-01-01 20:45:00,D04,33.290056961863144,24.299524680738642,69.32563302165588
2026-01-01 20:45:00,D05,36.90245269474379,24.299524680738642,69.32563302165588
2026-01-01 20:50:00,D01,29.758687146461956,22.73275516991844,73.49497364110738
2026-01-01 20:50:00,D02,33.45077185135489,22.73275516991844,73.49497364110738
2026-01-01 20:50:00,D03,29.330656545093138,22.73275516991844,73.49497364110738
2026-01-01 20:50:00,D04,29.68570544162733,22.73275516991844,73.49497364110738
2026-01-01 20:50:00,D05,33.35459100362171,22.73275516991844,73.49497364110738
2026-01-01 20:55:00,D01,34.026291550063306,23.70226063404814,73.3747828993453
2026-01-01 20:55:00,D02,37.87253518929846,23.70226063404814,73.3747828993453
2026-01-01 20:55:00,D03,34.0794775168385,23.70226063404814,73.3747828993453
2026-01-01 20:55:00,D04,33.900417733902586,23.70226063404814,73.3747828993453
2026-01-01 20:55:00,D05,38.34867793348604,23.70226063404814,73.3747828993453
2026-01-01 21:00:00,D01,36.95164488777475,23.212376178563428,70.90242870280042
2026-01-01 21:00:00,D02,39.48675825336899,23.212376178563428,70.90242870280042
2026-01-01 21:00:00,D03,39.068751928151144,23.212376178563428,70.90242870280042
2026-01-01 21:00:00,D04,37.83309855918007,23.212376178563428,70.90242870280042
2026-01-01 21:00:00,D05,41.00643690774287,23.212376178563428,70.90242870280042
2026-01-01 21:05:00,D01,33.70881832875468,23.3474188531504,72.5284935524766
2026-01-01 21:05:00,D02,38.501572929164716,23.3474188531504,72.5284935524766
2026-01-01 21:05:00,D03,34.999471589515885,23.3474188531504,72.5284935524766
2026-01-01 21:05:00,D04,33.73674601049297,23.3474188531504,72.5284935524766
2026-01-01 21:05:00,D05,37.78298655792416,23.3474188531504,72.5284935524766
2026-01-01 21:10:00,D01,31.164174298403044,23.487451557718547,71.68632349409481
2026-01-01 21:10:00,D02,31.9011578425189,23.487451557718547,71.68632349409481
2026-01-01 21:10:00,D03,30.4053917792477,23.487451557718547,71.68632349409481
2026-01-01 21:10:00,D04,,23.487451557718547,71.68632349409481
2026-01-01 21:10:00,D05,33.513479501661095,23.487451557718547,71.68632349409481
2026-01-01 21:15:00,D01,33.56575999778324,22.99718668054834,72.79693094541788
2026-01-01 21:15:00,D02,34.4761727980446,22.99718668054834,72.79693094541788
2026-01-01 21:15:00,D03,32.37106366154159,22.99718668054834,72.79693094541788
2026-01-01 21:15:00,D04,32.38549202110143,22.99718668054834,72.79693094541788
2026-01-01 21:15:00,D05,36.45051196239363,22.99718668054834,72.79693094541788
2026-01-01 21:20:00,D01,34.15860372736704,22.831923744824305,74.9241409512966
2026-01-01 21:20:00,D02,36.63667247498149,22.831923744824305,74.9241409512966
2026-01-01 21:20:00,D03,35.28426537520283,22.831923744824305,74.9241409512966
2026-01-01 21:20:00,D04,33.8481094129658,22.831923744824305,74.9241409512966
2026-01-01 21:20:00,D05,39.41504956326638,22.831923744824305,74.9241409512966
2026-01-01 21:25:00,D01,33.303884152588395,23.1176537932796,73.70725417987579
2026-01-01 21:25:00,D02,33.55234374905464,23.1176537932796,73.70725417987579
2026-01-01 21:25:00,D03,33.94895555781365,23.1176537932796,73.70725417987579
2026-01-01 21:25:00,D04,32.22799047092062,23.1176537932796,73.70725417987579
2026-01-01 21:25:00,D05,34.79651896355739,23.1176537932796,73.70725417987579
2026-01-01 21:30:00,D01,33.98949593638362,22.489610329112423,73.69644596276251
2026-01-01 21:30:00,D02,39.16844941654094,22.489610329112423,73.69644596276251
2026-01-01 21:30:00,D03,34.27232315428464,22.489610329112423,73.69644596276251
2026-01-01 21:30:00,D04,36.52052109009553,22.489610329112423,73.69644596276251
2026-01-01 21:30:00,D05,38.28113816216596,22.489610329112423,73.69644596276251
2026-01-01 21:35:00,D01,36.49314716020563,22.424864414219996,72.41898206274287
2026-01-01 21:35:00,D02,39.848319853922824,22.424864414219996,72.41898206274287
2026-01-01 21:35:00,D03,34.50888609951591,22.424864414219996,72.41898206274287
2026-01-01 21:35:00,D04,36.0681266537125,22.424864414219996,72.41898206274287
2026-01-01 21:35:00,D05,38.45910663361995,22.424864414219996,72.41898206274287
2026-01-01 21:40:00,D01,32.341928200666956,23.243926420033294,70.96543544550342
2026-01-01 21:40:00,D02,35.056808503272656,23.243926420033294,70.96543544550342
2026-01-01 21:40:00,D03,31.95963441603062,23.243926420033294,70.96543544550342
2026-01-01 21:40:00,D04,31.75232903883604,23.243926420033294,70.96543544550342
2026-01-01 21:40:00,D05,36.218403390726564,23.243926420033294,70.96543544550342
2026-01-01 21:45:00,D01,34.35402252176137,22.268254920907946,73.00199380721484
2026-01-01 21:45:00,D02,38.57874912447319,22.268254920907946,73.00199380721484
2026-01-01 21:45:00,D03,32.32354095595484,22.268254920907946,73.00199380721484
2026-01-01 21:45:00,D04,33.84737165225355,22.268254920907946,73.00199380721484
2026-01-01 21:45:00,D05,38.99035958500941,22.268254920907946,73.00199380721484
2026-01-01 21:50:00,D01,27.9593715869724,23.116199021390177,75.24382669042473
2026-01-01 21:50:00,D02,30.584891027700944,23.116199021390177,75.24382669042473
2026-01-01 21:50:00,D03,27.493181771410438,23.116199021390177,75.24382669042473
2026-01-01 21:50:00,D04,28.48161465086615,23.116199021390177,75.24382669042473
2026-01-01 21:50:00,D05,32.072246388540925,23.116199021390177,75.24382669042473
2026-01-01 21:55:00,D01,33.97562133995969,22.956736293062242,71.258366921845
2026-01-01 21:55:00,D02,35.130503669386584,22.956736293062242,71.258366921845
2026-01-01 21:55:00,D03,31.795363537873875,22.956736293062242,71.258366921845
2026-01-01 21:55:00,D04,32.25274500080734,22.956736293062242,71.258366921845
2026-01-01 21:55:00,D05,35.202848077891865,22.956736293062242,71.258366921845
2026-01-01 22:00:00,D01,33.255275684688655,21.806969616682508,72.07761998557933
2026-01-01 22:00:00,D02,37.17172174022018,21.806969616682508,72.07761998557933
2026-01-01 22:00:00,D03,35.112292328141,21.806969616682508,72.07761998557933
2026-01-01 22:00:00,D04,34.963423496295626,21.806969616682508,72.07761998557933
2026-01-01 22:00:00,D05,38.07198496363142,21.806969616682508,72.07761998557933
2026-01-01 22:05:00,D01,33.30238628561143,22.277583895294633,73.95666916142618
2026-01-01 22:05:00,D02,35.199897304406456,22.277583895294633,73.95666916142618
2026-01-01 22:05:00,D03,32.02113170731655,22.277583895294633,73.95666916142618
2026-01-01 22:05:00,D04,32.15557073835965,22.277583895294633,73.95666916142618
2026-01-01 22:05:00,D05,33.40264589544475,22.277583895294633,73.95666916142618
2026-01-01 22:10:00,D01,39.74866664040248,23.162000535632576,72.39312615451132
2026-01-01 22:10:00,D02,41.072338663119005,23.162000535632576,72.39312615451132
2026-01-01 22:10:00,D03,39.53514041109178,23.162000535632576,72.39312615451132
2026-01-01 22:10:00,D04,37.623043790005276,23.162000535632576,72.39312615451132
2026-01-01 22:10:00,D05,41.8479413679648,23.162000535632576,72.39312615451132
2026-01-01 22:15:00,D01,33.43317042242913,22.02505352676672,72.77994224465407
2026-01-01 22:15:00,D02,36.51035251851717,22.02505352676672,72.77994224465407
2026-01-01 22:15:00,D03,34.115314334958036,22.02505352676672,72.77994224465407
2026-01-01 22:15:00,D04,33.89762577069839,22.02505352676672,72.77994224465407
2026-01-01 22:15:00,D05,36.96968195111768,22.02505352676672,72.77994224465407
2026-01-01 22:20:00,D01,37.218427323522455,22.236258933662057,73.42767999777423
2026-01-01 22:20:00,D02,37.703913690946806,22.236258933662057,73.42767999777423
2026-01-01 22:20:00,D03,35.67490374548663,22.236258933662057,73.42767999777423
2026-01-01 22:20:00,D04,35.60276817690212,22.236258933662057,73.42767999777423
2026-01-01 22:20:00,D05,38.620992258087796,22.236258933662057,73.42767999777423
2026-01-01 22:25:00,D01,35.7050674932601,22.654473051028713,72.10468868490925
2026-01-01 22:25:00,D02,39.616471206522824,22.654473051028713,72.10468868490925
2026-01-01 22:25:00,D03,36.01862596712473,22.654473051028713,72.10468868490925
2026-01-01 22:25:00,D04,34.34558478655377,22.654473051028713,72.10468868490925
2026-01-01 22:25:00,D05,39.681552609747676,22.654473051028713,72.10468868490925
2026-01-01 22:30:00,D01,40.01301707707485,22.772297592084865,72.77761255578832
2026-01-01 22:30:00,D02,42.766993524175525,22.772297592084865,72.77761255578832
2026-01-01 22:30:00,D03,39.19682675118691,22.772297592084865,72.77761255578832
2026-01-01 22:30:00,D04,38.71885408027677,22.772297592084865,72.77761255578832
2026-01-01 22:30:00,D05,44.53540167911304,22.772297592084865,72.77761255578832
2026-01-01 22:35:00,D01,33.39780467946269,22.21419121056376,75.37522056800896
2026-01-01 22:35:00,D02,36.58190741318837,22.21419121056376,75.37522056800896
2026-01-01 22:35:00,D03,31.978910374660046,22.21419121056376,75.37522056800896
2026-01-01 22:35:00,D04,34.54683449429108,22.21419121056376,75.37522056800896
2026-01-01 22:35:00,D05,35.16135302233768,22.21419121056376,75.37522056800896
2026-01-01 22:40:00,D01,40.13953214740591,22.002781798724637,72.43587153451264
2026-01-01 22:40:00,D02,40.63560660618718,22.002781798724637,72.43587153451264
2026-01-01 22:40:00,D03,38.772346698532,22.002781798724637,72.43587153451264
2026-01-01 22:40:00,D04,38.73998543112237,22.002781798724637,72.43587153451264
2026-01-01 22:40:00,D05,40.80001530526213,22.002781798724637,72.43587153451264
2026-01-01 22:45:00,D01,36.79838247328619,22.976534283373724,72.07249309320879
2026-01-01 22:45:00,D02,38.162882999398356,22.976534283373724,72.07249309320879
2026-01-01 22:45:00,D03,35.945633000940724,22.976534283373724,72.07249309320879
2026-01-01 22:45:00,D04,36.22552219722875,22.976534283373724,72.07249309320879
2026-01-01 22:45:00,D05,40.67526156739771,22.976534283373724,72.07249309320879
2026-01-01 22:50:00,D01,34.6420489209989,23.100865078157657,73.59213203818143
2026-01-01 22:50:00,D02,37.898308315336166,23.100865078157657,73.59213203818143
2026-01-01 22:50:00,D03,35.72425108401067,23.100865078157657,73.59213203818143
2026-01-01 22:50:00,D04,34.77738058064629,23.100865078157657,73.59213203818143
2026-01-01 22:50:00,D05,39.32752081506038,23.100865078157657,73.59213203818143
2026-01-01 22:55:00,D01,39.431989012088245,22.689179753461254,75.69843179762405
2026-01-01 22:55:00,D02,40.68418903937183,22.689179753461254,75.69843179762405
2026-01-01 22:55:00,D03,40.698669197461086,22.689179753461254,75.69843179762405
2026-01-01 22:55:00,D04,38.23683421621071,22.689179753461254,75.69843179762405
2026-01-01 22:55:00,D05,82.21845240408217,22.689179753461254,75.69843179762405
2026-01-01 23:00:00,D01,37.31836700110281,22.21302993983717,74.36387555089536
2026-01-01 23:00:00,D02,40.63677446333466,22.21302993983717,74.36387555089536
2026-01-01 23:00:00,D03,38.309750576095546,22.21302993983717,74.36387555089536
2026-01-01 23:00:00,D04,37.63029323863333,22.21302993983717,74.36387555089536
2026-01-01 23:00:00,D05,40.66147054562409,22.21302993983717,74.36387555089536
2026-01-01 23:05:00,D01,35.00998156352012,21.739156790113228,74.01654908095918
2026-01-01 23:05:00,D02,39.15603293577755,21.739156790113228,74.01654908095918
2026-01-01 23:05:00,D03,34.431567173466014,21.739156790113228,74.01654908095918
2026-01-01 23:05:00,D04,36.3400306455608,21.739156790113228,74.01654908095918
2026-01-01 23:05:00,D05,39.01530962449079,21.739156790113228,74.01654908095918
2026-01-01 23:10:00,D01,37.45836114742519,21.70329776112205,74.82949826747274
2026-01-01 23:10:00,D02,43.31808690168369,21.70329776112205,74.82949826747274
2026-01-01 23:10:00,D03,37.613977837684644,21.70329776112205,74.82949826747274
2026-01-01 23:10:00,D04,37.82526825083155,21.70329776112205,74.82949826747274
2026-01-01 23:10:00,D05,40.432933697654356,21.70329776112205,74.82949826747274
2026-01-01 23:15:00,D01,37.897502532703726,22.357330650616724,72.18929165474283
2026-01-01 23:15:00,D02,38.717474099704624,22.357330650616724,72.18929165474283
2026-01-01 23:15:00,D03,37.40096051148965,22.357330650616724,72.18929165474283
2026-01-01 23:15:00,D04,36.30485117535055,22.357330650616724,72.18929165474283
2026-01-01 23:15:00,D05,41.06226174626988,22.357330650616724,72.18929165474283
2026-01-01 23:20:00,D01,39.88259166542029,22.2851603453833,75.59013601078463
2026-01-01 23:20:00,D02,39.2797629715555,22.2851603453833,75.59013601078463
2026-01-01 23:20:00,D03,38.577910339093464,22.2851603453833,75.59013601078463
2026-01-01 23:20:00,D04,37.46539334868264,22.2851603453833,75.59013601078463
2026-01-01 23:20:00,D05,40.981290914492,22.2851603453833,75.59013601078463
2026-01-01 23:25:00,D01,39.91415686243944,22.758991744134413,75.45876765178306
2026-01-01 23:25:00,D02,42.924486206518615,22.758991744134413,75.45876765178306
2026-01-01 23:25:00,D03,39.07221436153417,22.758991744134413,75.45876765178306
2026-01-01 23:25:00,D04,38.71307146100552,22.758991744134413,75.45876765178306
2026-01-01 23:25:00,D05,44.40399887619874,22.758991744134413,75.45876765178306
2026-01-01 23:30:00,D01,43.1849687773242,22.36800073939902,74.30048590259452
2026-01-01 23:30:00,D02,44.28935659967072,22.36800073939902,74.30048590259452
2026-01-01 23:30:00,D03,42.112063452727114,22.36800073939902,74.30048590259452
2026-01-01 23:30:00,D04,41.958271220547566,22.36800073939902,74.30048590259452
2026-01-01 23:30:00,D05,45.34364805021603,22.36800073939902,74.30048590259452
2026-01-01 23:35:00,D01,35.07752533234907,21.278178158008494,76.44945014991781
2026-01-01 23:35:00,D02,39.560701126038,21.278178158008494,76.44945014991781
2026-01-01 23:35:00,D03,35.19319941690727,21.278178158008494,76.44945014991781
2026-01-01 23:35:00,D04,37.0184657846952,21.278178158008494,76.44945014991781
2026-01-01 23:35:00,D05,39.24314045066918,21.278178158008494,76.44945014991781
2026-01-01 23:40:00,D01,42.95124585701805,22.54500031840273,73.2707028324879
2026-01-01 23:40:00,D02,46.797250904913994,22.54500031840273,73.2707028324879
2026-01-01 23:40:00,D03,42.44960059915089,22.54500031840273,73.2707028324879
2026-01-01 23:40:00,D04,42.4532061548633,22.54500031840273,73.2707028324879
2026-01-01 23:40:00,D05,46.21842597267006,22.54500031840273,73.2707028324879
2026-01-01 23:45:00,D01,35.15321799149947,21.511675070149774,76.67045272226639
2026-01-01 23:45:00,D02,39.55468192293917,21.511675070149774,76.67045272226639
2026-01-01 23:45:00,D03,36.087590750257284,21.511675070149774,76.67045272226639
2026-01-01 23:45:00,D04,33.94167327846243,21.511675070149774,76.67045272226639
2026-01-01 23:45:00,D05,37.44586629934698,21.511675070149774,76.67045272226639
2026-01-01 23:50:00,D01,39.14567650880295,21.812773256114536,75.22222271421145
2026-01-01 23:50:00,D02,40.59171979331089,21.812773256114536,75.22222271421145
2026-01-01 23:50:00,D03,38.24457270539565,21.812773256114536,75.22222271421145
2026-01-01 23:50:00,D04,38.38891684010498,21.812773256114536,75.22222271421145
2026-01-01 23:50:00,D05,42.01444860460045,21.812773256114536,75.22222271421145
2026-01-01 23:55:00,D01,41.04257995087374,22.126289967726304,74.49279138598183
2026-01-01 23:55:00,D02,43.25040290049839,22.126289967726304,74.49279138598183
2026-01-01 23:55:00,D03,41.4966971681158,22.126289967726304,74.49279138598183
2026-01-01 23:55:00,D04,,22.126289967726304,74.49279138598183
2026-01-01 23:55:00,D05,43.966492832180975,22.126289967726304,74.49279138598183
2026-01-02 00:00:00,D01,41.252894692862256,22.99783374489198,74.97018954694754
2026-01-02 00:00:00,D02,43.84930578839549,22.99783374489198,74.97018954694754
2026-01-02 00:00:00,D03,39.19251996081401,22.99783374489198,74.97018954694754
2026-01-02 00:00:00,D04,40.24887486945475,22.99783374489198,74.97018954694754
2026-01-02 00:00:00,D05,44.54326510593543,22.99783374489198,74.97018954694754
2026-01-02 00:05:00,D01,38.52794297253393,23.556149142603136,74.83672312208267
2026-01-02 00:05:00,D02,42.61169975874897,23.556149142603136,74.83672312208267
2026-01-02 00:05:00,D03,40.73757569449616,23.556149142603136,74.83672312208267
2026-01-02 00:05:00,D04,38.75866486407879,23.556149142603136,74.83672312208267
2026-01-02 00:05:00,D05,109.99202640508005,23.556149142603136,74.83672312208267
2026-01-02 00:10:00,D01,40.158978059891936,22.308120421658806,76.82090656044515
2026-01-02 00:10:00,D02,45.09181083389717,22.308120421658806,76.82090656044515
2026-01-02 00:10:00,D03,39.24567945053476,22.308120421658806,76.82090656044515
2026-01-02 00:10:00,D04,39.222236393832176,22.308120421658806,76.82090656044515
2026-01-02 00:10:00,D05,42.758239171333194,22.308120421658806,76.82090656044515
2026-01-02 00:15:00,D01,39.622906532659705,21.91910707444679,73.36357054117953
2026-01-02 00:15:00,D02,43.512070863080254,21.91910707444679,73.36357054117953
2026-01-02 00:15:00,D03,39.444362851180315,21.91910707444679,73.36357054117953
2026-01-02 00:15:00,D04,40.239735229569675,21.91910707444679,73.36357054117953
2026-01-02 00:15:00,D05,42.05321406953576,21.91910707444679,73.36357054117953
2026-01-02 00:20:00,D01,38.766938009697014,22.286279333781547,73.81816812219756
2026-01-02 00:20:00,D02,42.53430234499717,22.286279333781547,73.81816812219756
2026-01-02 00:20:00,D03,40.02344117467857,22.286279333781547,73.81816812219756
2026-01-02 00:20:00,D04,39.569492195214295,22.286279333781547,73.81816812219756
2026-01-02 00:20:00,D05,43.07867185913452,22.286279333781547,73.81816812219756
2026-01-02 00:25:00,D01,42.67420625348025,22.47354602182532,76.4950177203319
2026-01-02 00:25:00,D02,44.80562577522696,22.47354602182532,76.4950177203319
2026-01-02 00:25:00,D03,42.22252299006059,22.47354602182532,76.4950177203319
2026-01-02 00:25:00,D04,42.06123406435976,22.47354602182532,76.4950177203319
2026-01-02 00:25:00,D05,44.370108869884405,22.47354602182532,76.4950177203319
2026-01-02 00:30:00,D01,41.875633364233494,21.882441880352353,74.02114621096231
2026-01-02 00:30:00,D02,44.37311718533219,21.882441880352353,74.02114621096231
2026-01-02 00:30:00,D03,42.16269885520192,21.882441880352353,74.02114621096231
2026-01-02 00:30:00,D04,40.98838226694613,21.882441880352353,74.02114621096231
2026-01-02 00:30:00,D05,45.34907313728192,21.882441880352353,74.02114621096231
2026-01-02 00:35:00,D01,39.970334106374814,22.95579812561736,76.23441472067499
2026-01-02 00:35:00,D02,42.470751550654,22.95579812561736,76.23441472067499
2026-01-02 00:35:00,D03,116.17691898616141,22.95579812561736,76.23441472067499
2026-01-02 00:35:00,D04,40.51326226099396,22.95579812561736,76.23441472067499
2026-01-02 00:35:00,D05,44.91101802424567,22.95579812561736,76.23441472067499
2026-01-02 00:40:00,D01,43.56744098411725,22.190996614534658,77.39723150463514
2026-01-02 00:40:00,D02,47.12888041659547,22.190996614534658,77.39723150463514
2026-01-02 00:40:00,D03,44.496294760039284,22.190996614534658,77.39723150463514
2026-01-02 00:40:00,D04,43.799666682135246,22.190996614534658,77.39723150463514
2026-01-02 00:40:00,D05,47.007787611851086,22.190996614534658,77.39723150463514
2026-01-02 00:45:00,D01,42.64117580252788,22.344945142529543,74.20516026361986
2026-01-02 00:45:00,D02,45.77039052635889,22.344945142529543,74.20516026361986
2026-01-02 00:45:00,D03,43.35699969788745,22.344945142529543,74.20516026361986
2026-01-02 00:45:00,D04,41.32722157344095,22.344945142529543,74.20516026361986
2026-01-02 00:45:00,D05,46.40968740709675,22.344945142529543,74.20516026361986
2026-01-02 00:50:00,D01,43.35782519795162,22.451482090427564,75.78500356106228
2026-01-02 00:50:00,D02,45.42428718338798,22.451482090427564,75.78500356106228
2026-01-02 00:50:00,D03,43.618309913256276,22.451482090427564,75.78500356106228
2026-01-02 00:50:00,D04,45.0175025654219,22.451482090427564,75.78500356106228
2026-01-02 00:50:00,D05,47.525483585360675,22.451482090427564,75.78500356106228
2026-01-02 00:55:00,D01,44.908831341080216,22.35408295624092,72.98288227612282
2026-01-02 00:55:00,D02,46.16795707350239,22.35408295624092,72.98288227612282
2026-01-02 00:55:00,D03,43.48948483306535,22.35408295624092,72.98288227612282
2026-01-02 00:55:00,D04,42.99422823246726,22.35408295624092,72.98288227612282
2026-01-02 00:55:00,D05,45.96056236568004,22.35408295624092,72.98288227612282
2026-01-02 01:00:00,D01,39.76071979997805,22.589841118789465,75.7913582099924
2026-01-02 01:00:00,D02,44.78541547642901,22.589841118789465,75.7913582099924
2026-01-02 01:00:00,D03,43.27930898720609,22.589841118789465,75.7913582099924
2026-01-02 01:00:00,D04,38.70544708114282,22.589841118789465,75.7913582099924
2026-01-02 01:00:00,D05,46.409774730044504,22.589841118789465,75.7913582099924
2026-01-02 01:05:00,D01,40.95695795144608,21.891124134796893,74.89963452283943
2026-01-02 01:05:00,D02,45.01718346699922,21.891124134796893,74.89963452283943
2026-01-02 01:05:00,D03,42.62781712816527,21.891124134796893,74.89963452283943
2026-01-02 01:05:00,D04,43.20656247574551,21.891124134796893,74.89963452283943
2026-01-02 01:05:00,D05,45.004853959026065,21.891124134796893,74.89963452283943
2026-01-02 01:10:00,D01,47.281608829512805,21.95226436928585,75.2467269307226
2026-01-02 01:10:00,D02,48.067808431723854,21.95226436928585,75.2467269307226
2026-01-02 01:10:00,D03,43.579821548969036,21.95226436928585,75.2467269307226
2026-01-02 01:10:00,D04,44.399103006755894,21.95226436928585,75.2467269307226
2026-01-02 01:10:00,D05,48.24519453541281,21.95226436928585,75.2467269307226
2026-01-02 01:15:00,D01,43.39714382890931,21.715272236038626,73.50094318689796
2026-01-02 01:15:00,D02,47.82550106269029,21.715272236038626,73.50094318689796
2026-01-02 01:15:00,D03,44.53512334766409,21.715272236038626,73.50094318689796
2026-01-02 01:15:00,D04,44.86960578392589,21.715272236038626,73.50094318689796
2026-01-02 01:15:00,D05,47.5388172508967,21.715272236038626,73.50094318689796
2026-01-02 01:20:00,D01,42.02464357061862,22.52128751138057,71.90530108450832
2026-01-02 01:20:00,D02,48.02219870698439,22.52128751138057,71.90530108450832
2026-01-02 01:20:00,D03,43.04325510655019,22.52128751138057,71.90530108450832
2026-01-02 01:20:00,D04,45.05068449066681,22.52128751138057,71.90530108450832
2026-01-02 01:20:00,D05,48.28817577116925,22.52128751138057,71.90530108450832
2026-01-02 01:25:00,D01,44.5935118944558,22.729428905342065,75.07495678995225
2026-01-02 01:25:00,D02,47.12237349863875,22.729428905342065,75.07495678995225
2026-01-02 01:25:00,D03,43.723700915531474,22.729428905342065,75.07495678995225
2026-01-02 01:25:00,D04,42.856413700078235,22.729428905342065,75.07495678995225
2026-01-02 01:25:00,D05,46.1844743929087,22.729428905342065,75.07495678995225
2026-01-02 01:30:00,D01,44.30504426145388,22.60948877051951,71.1436905963937
2026-01-02 01:30:00,D02,49.033362161029515,22.60948877051951,71.1436905963937
2026-01-02 01:30:00,D03,45.152668957519666,22.60948877051951,71.1436905963937
2026-01-02 01:30:00,D04,46.86149956466908,22.60948877051951,71.1436905963937
2026-01-02 01:30:00,D05,51.48098800179473,22.60948877051951,71.1436905963937
2026-01-02 01:35:00,D01,42.609050210943266,23.260688821076535,73.67708905283067
2026-01-02 01:35:00,D02,44.97571548176726,23.260688821076535,73.67708905283067
2026-01-02 01:35:00,D03,42.432400886529756,23.260688821076535,73.67708905283067
2026-01-02 01:35:00,D04,44.01965246506558,23.260688821076535,73.67708905283067
2026-01-02 01:35:00,D05,46.34895879918734,23.260688821076535,73.67708905283067
2026-01-02 01:40:00,D01,47.46620230482356,22.465663055402228,75.47485066999646
2026-01-02 01:40:00,D02,48.62705879825455,22.465663055402228,75.47485066999646
2026-01-02 01:40:00,D03,47.13193315294099,22.465663055402228,75.47485066999646
2026-01-02 01:40:00,D04,44.38586670314213,22.465663055402228,75.47485066999646
2026-01-02 01:40:00,D05,48.608187151421184,22.465663055402228,75.47485066999646
2026-01-02 01:45:00,D01,42.47356567516882,22.850007120132815,74.25657401913644
2026-01-02 01:45:00,D02,44.644795101157555,22.850007120132815,74.25657401913644
2026-01-02 01:45:00,D03,44.59757789819773,22.850007120132815,74.25657401913644
2026-01-02 01:45:00,D04,45.47915843316298,22.850007120132815,74.25657401913644
2026-01-02 01:45:00,D05,47.2244966004487,22.850007120132815,74.25657401913644
2026-01-02 01:50:00,D01,42.200159240157184,22.019095396039233,76.79262229896693
2026-01-02 01:50:00,D02,47.07475780098627,22.019095396039233,76.79262229896693
2026-01-02 01:50:00,D03,41.690962317744436,22.019095396039233,76.79262229896693
2026-01-02 01:50:00,D04,42.772964046177094,22.019095396039233,76.79262229896693
2026-01-02 01:50:00,D05,49.83692614684406,22.019095396039233,76.79262229896693
2026-01-02 01:55:00,D01,45.50826019121055,22.422816370225263,75.30493128594773
2026-01-02 01:55:00,D02,49.88845016848264,22.422816370225263,75.30493128594773
2026-01-02 01:55:00,D03,48.2241648856662,22.422816370225263,75.30493128594773
2026-01-02 01:55:00,D04,46.91207645138444,22.422816370225263,75.30493128594773
2026-01-02 01:55:00,D05,49.26122488805647,22.422816370225263,75.30493128594773
2026-01-02 02:00:00,D01,47.54919226632303,23.0176418598607,72.67940645535602
2026-01-02 02:00:00,D02,48.38313603790715,23.0176418598607,72.67940645535602
2026-01-02 02:00:00,D03,47.74046222088521,23.0176418598607,72.67940645535602
2026-01-02 02:00:00,D04,45.57549584371755,23.0176418598607,72.67940645535602
2026-01-02 02:00:00,D05,49.986966016747274,23.0176418598607,72.67940645535602
2026-01-02 02:05:00,D01,47.9395285735923,23.14999170200684,73.59008877650663
2026-01-02 02:05:00,D02,48.993185766811536,23.14999170200684,73.59008877650663
2026-01-02 02:05:00,D03,46.45546654930007,23.14999170200684,73.59008877650663
2026-01-02 02:05:00,D04,47.51059477060906,23.14999170200684,73.59008877650663
2026-01-02 02:05:00,D05,49.40735871510128,23.14999170200684,73.59008877650663
2026-01-02 02:10:00,D01,47.471364900798385,22.636059297103483,73.3628584043122
2026-01-02 02:10:00,D02,51.91023653809883,22.636059297103483,73.3628584043122
2026-01-02 02:10:00,D03,48.70121724156011,22.636059297103483,73.3628584043122
2026-01-02 02:10:00,D04,47.01855941286149,22.636059297103483,73.3628584043122
2026-01-02 02:10:00,D05,50.06719990124295,22.636059297103483,73.3628584043122
2026-01-02 02:15:00,D01,46.28092241746261,22.806852312558238,70.94143097800627
2026-01-02 02:15:00,D02,48.95497263102286,22.806852312558238,70.94143097800627
2026-01-02 02:15:00,D03,44.73831080264434,22.806852312558238,70.94143097800627
2026-01-02 02:15:00,D04,44.98040099040437,22.806852312558238,70.94143097800627
2026-01-02 02:15:00,D05,50.811185544240416,22.806852312558238,70.94143097800627
2026-01-02 02:20:00,D01,48.48992563361238,22.145302905214635,71.78092206816339
2026-01-02 02:20:00,D02,50.337935066606725,22.145302905214635,71.78092206816339
2026-01-02 02:20:00,D03,46.629414589834035,22.145302905214635,71.78092206816339
2026-01-02 02:20:00,D04,46.22070489245795,22.145302905214635,71.78092206816339
2026-01-02 02:20:00,D05,50.993137735365266,22.145302905214635,71.78092206816339
2026-01-02 02:25:00,D01,47.07990938487874,22.789262378259284,72.22330468220504
2026-01-02 02:25:00,D02,48.74531248949259,22.789262378259284,72.22330468220504
2026-01-02 02:25:00,D03,46.79110933111877,22.789262378259284,72.22330468220504
2026-01-02 02:25:00,D04,44.090627038829076,22.789262378259284,72.22330468220504
2026-01-02 02:25:00,D05,48.06472088283972,22.789262378259284,72.22330468220504
2026-01-02 02:30:00,D01,46.489611713884244,23.478424880303717,69.87920264862844
2026-01-02 02:30:00,D02,49.98490212643733,23.478424880303717,69.87920264862844
2026-01-02 02:30:00,D03,46.46421695519438,23.478424880303717,69.87920264862844
2026-01-02 02:30:00,D04,45.96898187791389,23.478424880303717,69.87920264862844
2026-01-02 02:30:00,D05,109.3656135706528,23.478424880303717,69.87920264862844
2026-01-02 02:35:00,D01,43.69747689543523,23.388180092588875,72.87008503330628
2026-01-02 02:35:00,D02,50.4080642777005,23.388180092588875,72.87008503330628
2026-01-02 02:35:00,D03,44.12921695115022,23.388180092588875,72.87008503330628
2026-01-02 02:35:00,D04,,23.388180092588875,72.87008503330628
2026-01-02 02:35:00,D05,49.5560809896366,23.388180092588875,72.87008503330628
2026-01-02 02:40:00,D01,45.80098910444114,23.420110645095715,72.28683666421021
2026-01-02 02:40:00,D02,49.921475868604105,23.420110645095715,72.28683666421021
2026-01-02 02:40:00,D03,46.55856480406949,23.420110645095715,72.28683666421021
2026-01-02 02:40:00,D04,46.52165214383241,23.420110645095715,72.28683666421021
2026-01-02 02:40:00,D05,49.94552457200173,23.420110645095715,72.28683666421021
2026-01-02 02:45:00,D01,47.356968006939255,23.265687806195594,70.0090572228224
2026-01-02 02:45:00,D02,49.51166330641804,23.265687806195594,70.0090572228224
2026-01-02 02:45:00,D03,47.70518380896016,23.265687806195594,70.0090572228224
2026-01-02 02:45:00,D04,47.567299072476025,23.265687806195594,70.0090572228224
2026-01-02 02:45:00,D05,52.34178374001122,23.265687806195594,70.0090572228224
2026-01-02 02:50:00,D01,44.86052191311126,23.317144895263468,72.97909266601724
2026-01-02 02:50:00,D02,49.94562045123901,23.317144895263468,72.97909266601724
2026-01-02 02:50:00,D03,46.31782927906311,23.317144895263468,72.97909266601724
2026-01-02 02:50:00,D04,44.45291759905539,23.317144895263468,72.97909266601724
2026-01-02 02:50:00,D05,48.692309218144196,23.317144895263468,72.97909266601724
2026-01-02 02:55:00,D01,50.91204570818489,23.0580196199645,73.29744873763399
2026-01-02 02:55:00,D02,54.67620071151005,23.0580196199645,73.29744873763399
2026-01-02 02:55:00,D03,51.11424153136937,23.0580196199645,73.29744873763399
2026-01-02 02:55:00,D04,50.743871801530524,23.0580196199645,73.29744873763399
2026-01-02 02:55:00,D05,54.144573246316796,23.0580196199645,73.29744873763399
2026-01-02 03:00:00,D01,46.17792764679674,23.813880304168528,72.41161953016281
2026-01-02 03:00:00,D02,47.68566021137126,23.813880304168528,72.41161953016281
2026-01-02 03:00:00,D03,44.63745073742578,23.813880304168528,72.41161953016281
2026-01-02 03:00:00,D04,43.473447167142105,23.813880304168528,72.41161953016281
2026-01-02 03:00:00,D05,49.77428648534163,23.813880304168528,72.41161953016281
2026-01-02 03:05:00,D01,46.06969082170966,23.75292119328335,71.42902829500923
2026-01-02 03:05:00,D02,46.76766712833997,23.75292119328335,71.42902829500923
2026-01-02 03:05:00,D03,45.84031854025329,23.75292119328335,71.42902829500923
2026-01-02 03:05:00,D04,44.09627562390493,23.75292119328335,71.42902829500923
2026-01-02 03:05:00,D05,48.68615126950243,23.75292119328335,71.42902829500923
2026-01-02 03:10:00,D01,49.517321461176586,23.868058385918097,72.64306530378438
2026-01-02 03:10:00,D02,53.320641345984974,23.868058385918097,72.64306530378438
2026-01-02 03:10:00,D03,49.80978534760248,23.868058385918097,72.64306530378438
2026-01-02 03:10:00,D04,49.46723344546887,23.868058385918097,72.64306530378438
2026-01-02 03:10:00,D05,54.480065180492005,23.868058385918097,72.64306530378438
2026-01-02 03:15:00,D01,50.20020833876747,23.440253503165867,72.61378869171573
2026-01-02 03:15:00,D02,52.230209025979484,23.440253503165867,72.61378869171573
2026-01-02 03:15:00,D03,48.35170078114993,23.440253503165867,72.61378869171573
2026-01-02 03:15:00,D04,49.396080402100694,23.440253503165867,72.61378869171573
2026-01-02 03:15:00,D05,52.75597282446995,23.440253503165867,72.61378869171573
2026-01-02 03:20:00,D01,49.266345431925174,22.709390491631684,71.88898145144492
2026-01-02 03:20:00,D02,53.73841397787736,22.709390491631684,71.88898145144492
2026-01-02 03:20:00,D03,50.0636816258357,22.709390491631684,71.88898145144492
2026-01-02 03:20:00,D04,49.0809468234944,22.709390491631684,71.88898145144492
2026-01-02 03:20:00,D05,53.99718609092874,22.709390491631684,71.88898145144492
2026-01-02 03:25:00,D01,49.12004182231994,24.41895899495655,70.02231634618845
2026-01-02 03:25:00,D02,51.97513725365407,24.41895899495655,70.02231634618845
2026-01-02 03:25:00,D03,49.24919761397417,24.41895899495655,70.02231634618845
2026-01-02 03:25:00,D04,47.82755603807967,24.41895899495655,70.02231634618845
2026-01-02 03:25:00,D05,53.151451647264544,24.41895899495655,70.02231634618845
2026-01-02 03:30:00,D01,48.81558401432848,23.716774126952195,71.50251543835397
2026-01-02 03:30:00,D02,50.347093310712225,23.716774126952195,71.50251543835397
2026-01-02 03:30:00,D03,47.91196582389795,23.716774126952195,71.50251543835397
2026-01-02 03:30:00,D04,48.33682712285622,23.716774126952195,71.50251543835397
2026-01-02 03:30:00,D05,53.0626969677901,23.716774126952195,71.50251543835397
2026-01-02 03:35:00,D01,46.34218934794107,23.612063876160526,72.70631745987404
2026-01-02 03:35:00,D02,50.45109331942792,23.612063876160526,72.70631745987404
2026-01-02 03:35:00,D03,46.447845691114814,23.612063876160526,72.70631745987404
2026-01-02 03:35:00,D04,46.3921875310807,23.612063876160526,72.70631745987404
2026-01-02 03:35:00,D05,51.40328747949347,23.612063876160526,72.70631745987404
2026-01-02 03:40:00,D01,50.40094073637514,24.478857274201765,69.84082077559286
2026-01-02 03:40:00,D02,52.5636968117957,24.478857274201765,69.84082077559286
2026-01-02 03:40:00,D03,47.272461187860785,24.478857274201765,69.84082077559286
2026-01-02 03:40:00,D04,49.783296544457464,24.478857274201765,69.84082077559286
2026-01-02 03:40:00,D05,53.69848800460608,24.478857274201765,69.84082077559286
2026-01-02 03:45:00,D01,45.52196153320667,24.026142514942425,73.70261133889467
2026-01-02 03:45:00,D02,50.43423498572557,24.026142514942425,73.70261133889467
2026-01-02 03:45:00,D03,46.43271892382289,24.026142514942425,73.70261133889467
2026-01-02 03:45:00,D04,45.465971760478325,24.026142514942425,73.70261133889467
2026-01-02 03:45:00,D05,51.1601735963695,24.026142514942425,73.70261133889467
2026-01-02 03:50:00,D01,49.868983025872346,24.843470150289193,69.58454968249016
2026-01-02 03:50:00,D02,54.37564744906607,24.843470150289193,69.58454968249016
2026-01-02 03:50:00,D03,50.38773652679715,24.843470150289193,69.58454968249016
2026-01-02 03:50:00,D04,50.24767701566867,24.843470150289193,69.58454968249016
2026-01-02 03:50:00,D05,54.91079473096258,24.843470150289193,69.58454968249016
2026-01-02 03:55:00,D01,48.128485046771225,24.71463668398574,70.23634310161542
2026-01-02 03:55:00,D02,51.54237885772239,24.71463668398574,70.23634310161542
2026-01-02 03:55:00,D03,48.0603402487005,24.71463668398574,70.23634310161542
2026-01-02 03:55:00,D04,49.28631032905087,24.71463668398574,70.23634310161542
2026-01-02 03:55:00,D05,52.18060533801332,24.71463668398574,70.23634310161542
2026-01-02 04:00:00,D01,47.44871233471736,24.84178466160024,68.99127160599049
2026-01-02 04:00:00,D02,50.57811233832073,24.84178466160024,68.99127160599049
2026-01-02 04:00:00,D03,48.28168802707596,24.84178466160024,68.99127160599049
2026-01-02 04:00:00,D04,46.7128337722337,24.84178466160024,68.99127160599049
2026-01-02 04:00:00,D05,50.280289726819,24.84178466160024,68.99127160599049
2026-01-02 04:05:00,D01,49.392456360872174,23.912078299802793,70.14479394307426
2026-01-02 04:05:00,D02,52.63439990769777,23.912078299802793,70.14479394307426
2026-01-02 04:05:00,D03,48.34190172649609,23.912078299802793,70.14479394307426
2026-01-02 04:05:00,D04,47.211040053589734,23.912078299802793,70.14479394307426
2026-01-02 04:05:00,D05,54.30893454645695,23.912078299802793,70.14479394307426
2026-01-02 04:10:00,D01,49.671572673097316,25.29722892651803,67.00415359339742
2026-01-02 04:10:00,D02,53.67612828403239,25.29722892651803,67.00415359339742
2026-01-02 04:10:00,D03,50.550875162969874,25.29722892651803,67.00415359339742
2026-01-02 04:10:00,D04,48.87991025416246,25.29722892651803,67.00415359339742
2026-01-02 04:10:00,D05,53.137414833333715,25.29722892651803,67.00415359339742
2026-01-02 04:15:00,D01,46.419048660212724,24.91918181452192,68.60382420396493
2026-01-02 04:15:00,D02,51.036768139376385,24.91918181452192,68.60382420396493
2026-01-02 04:15:00,D03,47.85067366429478,24.91918181452192,68.60382420396493
2026-01-02 04:15:00,D04,48.62606896402235,24.91918181452192,68.60382420396493
2026-01-02 04:15:00,D05,52.952101153931274,24.91918181452192,68.60382420396493
2026-01-02 04:20:00,D01,48.261150975688636,24.702270121673404,67.58800081688415
2026-01-02 04:20:00,D02,52.14568945146251,24.702270121673404,67.58800081688415
2026-01-02 04:20:00,D03,48.474925562979756,24.702270121673404,67.58800081688415
2026-01-02 04:20:00,D04,45.870549053872885,24.702270121673404,67.58800081688415
2026-01-02 04:20:00,D05,52.36281169653211,24.702270121673404,67.58800081688415
2026-01-02 04:25:00,D01,50.39544798032026,25.05796078437744,69.23047442042581
2026-01-02 04:25:00,D02,50.66024922600217,25.05796078437744,69.23047442042581
2026-01-02 04:25:00,D03,50.03801697075145,25.05796078437744,69.23047442042581
2026-01-02 04:25:00,D04,49.307258817019765,25.05796078437744,69.23047442042581
2026-01-02 04:25:00,D05,54.05231141349159,25.05796078437744,69.23047442042581
2026-01-02 04:30:00,D01,47.7868698079509,24.19846522172539,70.31850538691427
2026-01-02 04:30:00,D02,55.17534272168028,24.19846522172539,70.31850538691427
2026-01-02 04:30:00,D03,49.742148952718765,24.19846522172539,70.31850538691427
2026-01-02 04:30:00,D04,48.85265896781971,24.19846522172539,70.31850538691427
2026-01-02 04:30:00,D05,53.81691604370279,24.19846522172539,70.31850538691427
2026-01-02 04:35:00,D01,48.30238820841493,25.392136214321827,69.59338966350884
2026-01-02 04:35:00,D02,50.00469974843569,25.392136214321827,69.59338966350884
2026-01-02 04:35:00,D03,48.29290925312671,25.392136214321827,69.59338966350884
2026-01-02 04:35:00,D04,47.50525661838944,25.392136214321827,69.59338966350884
2026-01-02 04:35:00,D05,52.416733038506734,25.392136214321827,69.59338966350884
2026-01-02 04:40:00,D01,46.86470776594214,24.77521352928062,64.86271239196836
2026-01-02 04:40:00,D02,51.24214883140349,24.77521352928062,64.86271239196836
2026-01-02 04:40:00,D03,47.50041097033147,24.77521352928062,64.86271239196836
2026-01-02 04:40:00,D04,48.896450456455675,24.77521352928062,64.86271239196836
2026-01-02 04:40:00,D05,52.06576023337364,24.77521352928062,64.86271239196836
2026-01-02 04:45:00,D01,49.268750072164266,24.716467530562422,71.27749913242344
2026-01-02 04:45:00,D02,53.316801252337264,24.716467530562422,71.27749913242344
2026-01-02 04:45:00,D03,50.440316889802645,24.716467530562422,71.27749913242344
2026-01-02 04:45:00,D04,49.53810839280588,24.716467530562422,71.27749913242344
2026-01-02 04:45:00,D05,54.30824001151608,24.716467530562422,71.27749913242344
2026-01-02 04:50:00,D01,45.73819189752482,24.73529140936969,68.44997790597404
2026-01-02 04:50:00,D02,49.92876332993812,24.73529140936969,68.44997790597404
2026-01-02 04:50:00,D03,46.60079608995124,24.73529140936969,68.44997790597404
2026-01-02 04:50:00,D04,46.87403490275303,24.73529140936969,68.44997790597404
2026-01-02 04:50:00,D05,49.7524184013104,24.73529140936969,68.44997790597404
2026-01-02 04:55:00,D01,47.59483569334816,26.15719911734,66.63354142957041
2026-01-02 04:55:00,D02,51.23615076962405,26.15719911734,66.63354142957041
2026-01-02 04:55:00,D03,46.28357903492497,26.15719911734,66.63354142957041
2026-01-02 04:55:00,D04,45.54356377916649,26.15719911734,66.63354142957041
2026-01-02 04:55:00,D05,51.83803446959598,26.15719911734,66.63354142957041
2026-01-02 05:00:00,D01,48.339199994557994,25.391273077641003,67.82388232951162
2026-01-02 05:00:00,D02,50.61862749457955,25.391273077641003,67.82388232951162
2026-01-02 05:00:00,D03,49.32883159119788,25.391273077641003,67.82388232951162
2026-01-02 05:00:00,D04,49.05226841085014,25.391273077641003,67.82388232951162
2026-01-02 05:00:00,D05,86.14641053581505,25.391273077641003,67.82388232951162
2026-01-02 05:05:00,D01,48.000935393952886,26.578434393327385,67.64114365701577
2026-01-02 05:05:00,D02,53.011313063308606,26.578434393327385,67.64114365701577
2026-01-02 05:05:00,D03,48.036310368814114,26.578434393327385,67.64114365701577
2026-01-02 05:05:00,D04,49.4992004108507,26.578434393327385,67.64114365701577
2026-01-02 05:05:00,D05,52.65453016738925,26.578434393327385,67.64114365701577
2026-01-02 05:10:00,D01,51.26484116535268,25.64990119878334,66.16412306395368
2026-01-02 05:10:00,D02,53.28050851360487,25.64990119878334,66.16412306395368
2026-01-02 05:10:00,D03,49.962279306962905,25.64990119878334,66.16412306395368
2026-01-02 05:10:00,D04,51.62278317006421,25.64990119878334,66.16412306395368
2026-01-02 05:10:00,D05,53.45076562888607,25.64990119878334,66.16412306395368
2026-01-02 05:15:00,D01,51.32475941400299,25.170869411122887,67.2477782211744
2026-01-02 05:15:00,D02,56.53757718501076,25.170869411122887,67.2477782211744
2026-01-02 05:15:00,D03,53.78628398671094,25.170869411122887,67.2477782211744
2026-01-02 05:15:00,D04,52.351614822104146,25.170869411122887,67.2477782211744
2026-01-02 05:15:00,D05,56.981503164830954,25.170869411122887,67.2477782211744
2026-01-02 05:20:00,D01,51.893510566997065,25.57349689169102,65.82527334523884
2026-01-02 05:20:00,D02,54.99242104278283,25.57349689169102,65.82527334523884
2026-01-02 05:20:00,D03,51.87891971744637,25.57349689169102,65.82527334523884
2026-01-02 05:20:00,D04,52.01295943761066,25.57349689169102,65.82527334523884
2026-01-02 05:20:00,D05,55.83352543462793,25.57349689169102,65.82527334523884
2026-01-02 05:25:00,D01,48.749727375459194,26.857288879053886,65.91469087286413
2026-01-02 05:25:00,D02,53.16039578180097,26.857288879053886,65.91469087286413
2026-01-02 05:25:00,D03,49.515879117097995,26.857288879053886,65.91469087286413
2026-01-02 05:25:00,D04,50.34713496110525,26.857288879053886,65.91469087286413
2026-01-02 05:25:00,D05,53.425326479570735,26.857288879053886,65.91469087286413
2026-01-02 05:30:00,D01,49.51073911540221,26.269419949931407,65.27584321856789
2026-01-02 05:30:00,D02,52.84013900814828,26.269419949931407,65.27584321856789
2026-01-02 05:30:00,D03,50.127419741082875,26.269419949931407,65.27584321856789
2026-01-02 05:30:00,D04,50.30631123263763,26.269419949931407,65.27584321856789
2026-01-02 05:30:00,D05,54.770879841566426,26.269419949931407,65.27584321856789
2026-01-02 05:35:00,D01,48.439775400985965,26.181521977494878,63.93966181391017
2026-01-02 05:35:00,D02,50.949013903844055,26.181521977494878,63.93966181391017
2026-01-02 05:35:00,D03,48.11491882399642,26.181521977494878,63.93966181391017
2026-01-02 05:35:00,D04,49.63329384368327,26.181521977494878,63.93966181391017
2026-01-02 05:35:00,D05,52.688413625244685,26.181521977494878,63.93966181391017
2026-01-02 05:40:00,D01,50.4463701079922,26.644230399188103,66.09031213279967
2026-01-02 05:40:00,D02,53.74569198226531,26.644230399188103,66.09031213279967
2026-01-02 05:40:00,D03,48.40825816264675,26.644230399188103,66.09031213279967
2026-01-02 05:40:00,D04,48.261702407885345,26.644230399188103,66.09031213279967
2026-01-02 05:40:00,D05,54.39856748884498,26.644230399188103,66.09031213279967
2026-01-02 05:45:00,D01,50.73824102810172,26.923875721933054,66.53198044707594
2026-01-02 05:45:00,D02,53.88841177791967,26.923875721933054,66.53198044707594
2026-01-02 05:45:00,D03,49.05201006919779,26.923875721933054,66.53198044707594
2026-01-02 05:45:00,D04,49.575922872443556,26.923875721933054,66.53198044707594
2026-01-02 05:45:00,D05,52.9045910510534,26.923875721933054,66.53198044707594
2026-01-02 05:50:00,D01,50.5536656368233,27.34060247112455,66.20851926776793
2026-01-02 05:50:00,D02,53.590989878227425,27.34060247112455,66.20851926776793
2026-01-02 05:50:00,D03,52.2524409910085,27.34060247112455,66.20851926776793
2026-01-02 05:50:00,D04,50.23006491681804,27.34060247112455,66.20851926776793
2026-01-02 05:50:00,D05,54.337592632238604,27.34060247112455,66.20851926776793
2026-01-02 05:55:00,D01,48.64960924665778,27.615175189773655,66.44803672929847
2026-01-02 05:55:00,D02,51.03766627336471,27.615175189773655,66.44803672929847
2026-01-02 05:55:00,D03,47.68383424891728,27.615175189773655,66.44803672929847
2026-01-02 05:55:00,D04,47.86546852880435,27.615175189773655,66.44803672929847
2026-01-02 05:55:00,D05,51.400662451370565,27.615175189773655,66.44803672929847
2026-01-02 06:00:00,D01,50.60095570607802,26.820115677105456,65.4865103150223
2026-01-02 06:00:00,D02,55.225354186710014,26.820115677105456,65.4865103150223
2026-01-02 06:00:00,D03,50.72039201437801,26.820115677105456,65.4865103150223
2026-01-02 06:00:00,D04,52.53222753830536,26.820115677105456,65.4865103150223
2026-01-02 06:00:00,D05,55.31382404732295,26.820115677105456,65.4865103150223
2026-01-02 06:05:00,D01,53.24508797942704,26.44605058213179,63.98276290232903
2026-01-02 06:05:00,D02,56.613720754615045,26.44605058213179,63.98276290232903
2026-01-02 06:05:00,D03,52.521477333495056,26.44605058213179,63.98276290232903
2026-01-02 06:05:00,D04,52.442885962310854,26.44605058213179,63.98276290232903
2026-01-02 06:05:00,D05,58.102748092408035,26.44605058213179,63.98276290232903
2026-01-02 06:10:00,D01,50.21244796691337,27.01136435626504,65.82330192299342
2026-01-02 06:10:00,D02,54.19651216207196,27.01136435626504,65.82330192299342
2026-01-02 06:10:00,D03,49.68594669558672,27.01136435626504,65.82330192299342
2026-01-02 06:10:00,D04,50.62578843142284,27.01136435626504,65.82330192299342
2026-01-02 06:10:00,D05,53.053208518606866,27.01136435626504,65.82330192299342
2026-01-02 06:15:00,D01,50.683702829129544,27.45715589944216,62.30969239793567
2026-01-02 06:15:00,D02,53.47919313070657,27.45715589944216,62.30969239793567
2026-01-02 06:15:00,D03,50.19888984525962,27.45715589944216,62.30969239793567
2026-01-02 06:15:00,D04,49.72792892338791,27.45715589944216,62.30969239793567
2026-01-02 06:15:00,D05,54.72457521213287,27.45715589944216,62.30969239793567
2026-01-02 06:20:00,D01,49.538484480247185,26.953899250632986,62.77743549875469
2026-01-02 06:20:00,D02,53.1756992647227,26.953899250632986,62.77743549875469
2026-01-02 06:20:00,D03,51.82897646649774,26.953899250632986,62.77743549875469
2026-01-02 06:20:00,D04,52.361748402392564,26.953899250632986,62.77743549875469
2026-01-02 06:20:00,D05,55.805465742223916,26.953899250632986,62.77743549875469
2026-01-02 06:25:00,D01,49.469593334782424,27.0657589168123,62.46503114434549
2026-01-02 06:25:00,D02,52.2279471407443,27.0657589168123,62.46503114434549
2026-01-02 06:25:00,D03,49.33543585074179,27.0657589168123,62.46503114434549
2026-01-02 06:25:00,D04,49.11567071026728,27.0657589168123,62.46503114434549
2026-01-02 06:25:00,D05,54.22590211021884,27.0657589168123,62.46503114434549
2026-01-02 06:30:00,D01,50.72719505471439,27.8245249018752,65.31482216650845
2026-01-02 06:30:00,D02,53.22903531052568,27.8245249018752,65.31482216650845
2026-01-02 06:30:00,D03,107.77870291297559,27.8245249018752,65.31482216650845
2026-01-02 06:30:00,D04,50.079873061652705,27.8245249018752,65.31482216650845
2026-01-02 06:30:00,D05,53.42667759497086,27.8245249018752,65.31482216650845
2026-01-02 06:35:00,D01,49.22862642989324,27.736290755164358,64.89294890931095
2026-01-02 06:35:00,D02,53.47269140690531,27.736290755164358,64.89294890931095
2026-01-02 06:35:00,D03,48.85785874005223,27.736290755164358,64.89294890931095
2026-01-02 06:35:00,D04,48.372045358049014,27.736290755164358,64.89294890931095
2026-01-02 06:35:00,D05,56.68204794989522,27.736290755164358,64.89294890931095
2026-01-02 06:40:00,D01,48.75904269114723,27.884639386040444,63.99447607889819
2026-01-02 06:40:00,D02,53.05918997200643,27.884639386040444,63.99447607889819
2026-01-02 06:40:00,D03,49.703089244336844,27.884639386040444,63.99447607889819
2026-01-02 06:40:00,D04,49.76274713637065,27.884639386040444,63.99447607889819
2026-01-02 06:40:00,D05,55.36179007494731,27.884639386040444,63.99447607889819
2026-01-02 06:45:00,D01,49.73771238682533,27.596203942730604,64.65699157765641
2026-01-02 06:45:00,D02,52.66538120502754,27.596203942730604,64.65699157765641
2026-01-02 06:45:00,D03,48.03611060470923,27.596203942730604,64.65699157765641
2026-01-02 06:45:00,D04,47.575079603685886,27.596203942730604,64.65699157765641
2026-01-02 06:45:00,D05,52.240942827741364,27.596203942730604,64.65699157765641
2026-01-02 06:50:00,D01,50.303425930611624,27.96699771258763,61.516679687000995
2026-01-02 06:50:00,D02,53.196286732977086,27.96699771258763,61.516679687000995
2026-01-02 06:50:00,D03,50.26762732980582,27.96699771258763,61.516679687000995
2026-01-02 06:50:00,D04,51.55964297534812,27.96699771258763,61.516679687000995
2026-01-02 06:50:00,D05,53.33220476883991,27.96699771258763,61.516679687000995
2026-01-02 06:55:00,D01,50.4803362497018,27.72631288949671,63.14603375652974
2026-01-02 06:55:00,D02,54.54227391339245,27.72631288949671,63.14603375652974
2026-01-02 06:55:00,D03,49.91619608341648,27.72631288949671,63.14603375652974
2026-01-02 06:55:00,D04,50.76108301632592,27.72631288949671,63.14603375652974
2026-01-02 06:55:00,D05,55.596058349771916,27.72631288949671,63.14603375652974
2026-01-02 07:00:00,D01,51.42451259533328,28.739194431074996,62.224047906400045
2026-01-02 07:00:00,D02,56.411487729229414,28.739194431074996,62.224047906400045
2026-01-02 07:00:00,D03,53.477199282739114,28.739194431074996,62.224047906400045
2026-01-02 07:00:00,D04,51.96504907146181,28.739194431074996,62.224047906400045
2026-01-02 07:00:00,D05,57.64887942433287,28.739194431074996,62.224047906400045
2026-01-02 07:05:00,D01,50.697225367608354,28.916769737516837,63.47203301551745
2026-01-02 07:05:00,D02,55.41622853906223,28.916769737516837,63.47203301551745
2026-01-02 07:05:00,D03,52.70545578654731,28.916769737516837,63.47203301551745
2026-01-02 07:05:00,D04,50.8801934974121,28.916769737516837,63.47203301551745
2026-01-02 07:05:00,D05,55.15656447416867,28.916769737516837,63.47203301551745
2026-01-02 07:10:00,D01,55.14612481929161,27.580435066402316,61.82010565612897
2026-01-02 07:10:00,D02,57.53156412098341,27.580435066402316,61.82010565612897
2026-01-02 07:10:00,D03,52.85466207486979,27.580435066402316,61.82010565612897
2026-01-02 07:10:00,D04,,27.580435066402316,61.82010565612897
2026-01-02 07:10:00,D05,57.36960968801796,27.580435066402316,61.82010565612897
2026-01-02 07:15:00,D01,48.072268110043005,28.142441896419605,61.20819101435326
2026-01-02 07:15:00,D02,52.16729122683093,28.142441896419605,61.20819101435326
2026-01-02 07:15:00,D03,47.4437332742814,28.142441896419605,61.20819101435326
2026-01-02 07:15:00,D04,49.4568852998308,28.142441896419605,61.20819101435326
2026-01-02 07:15:00,D05,51.69376493606085,28.142441896419605,61.20819101435326
2026-01-02 07:20:00,D01,50.590980414299736,27.961836089083302,62.3911613445848
2026-01-02 07:20:00,D02,54.07792227303295,27.961836089083302,62.3911613445848
2026-01-02 07:20:00,D03,50.60963597300835,27.961836089083302,62.3911613445848
2026-01-02 07:20:00,D04,52.39784669681662,27.961836089083302,62.3911613445848
2026-01-02 07:20:00,D05,55.87109381580994,27.961836089083302,62.3911613445848
2026-01-02 07:25:00,D01,50.19645193552935,28.48717822421506,62.68987336794983
2026-01-02 07:25:00,D02,54.82811611482955,28.48717822421506,62.68987336794983
2026-01-02 07:25:00,D03,52.3191489089822,28.48717822421506,62.68987336794983
2026-01-02 07:25:00,D04,49.61984359463665,28.48717822421506,62.68987336794983
2026-01-02 07:25:00,D05,54.441368569959195,28.48717822421506,62.68987336794983
2026-01-02 07:30:00,D01,52.804003004101894,28.87169817693027,60.170647884078896
2026-01-02 07:30:00,D02,57.1337248503633,28.87169817693027,60.170647884078896
2026-01-02 07:30:00,D03,53.18850108634033,28.87169817693027,60.170647884078896
2026-01-02 07:30:00,D04,55.79774659059388,28.87169817693027,60.170647884078896
2026-01-02 07:30:00,D05,60.472558343477985,28.87169817693027,60.170647884078896
2026-01-02 07:35:00,D01,49.037361250764555,28.28891083944442,60.88091959438407
2026-01-02 07:35:00,D02,49.986755683081775,28.28891083944442,60.88091959438407
2026-01-02 07:35:00,D03,49.21414366264031,28.28891083944442,60.88091959438407
2026-01-02 07:35:00,D04,47.523417815752325,28.28891083944442,60.88091959438407
2026-01-02 07:35:00,D05,50.073816895885635,28.28891083944442,60.88091959438407
2026-01-02 07:40:00,D01,48.73643472090167,28.652161402140838,59.18615643213053
2026-01-02 07:40:00,D02,51.34341970180565,28.652161402140838,59.18615643213053
2026-01-02 07:40:00,D03,46.11700219089834,28.652161402140838,59.18615643213053
2026-01-02 07:40:00,D04,48.48006731440979,28.652161402140838,59.18615643213053
2026-01-02 07:40:00,D05,51.426574409087635,28.652161402140838,59.18615643213053
2026-01-02 07:45:00,D01,47.30336805323606,28.709464765054257,56.830021571570576
2026-01-02 07:45:00,D02,50.70039935911295,28.709464765054257,56.830021571570576
2026-01-02 07:45:00,D03,46.78029115827448,28.709464765054257,56.830021571570576
2026-01-02 07:45:00,D04,48.336103480640645,28.709464765054257,56.830021571570576
2026-01-02 07:45:00,D05,51.967826556209836,28.709464765054257,56.830021571570576
2026-01-02 07:50:00,D01,43.99364663613174,29.41237673087464,60.68320331477026
2026-01-02 07:50:00,D02,49.07921469310572,29.41237673087464,60.68320331477026
2026-01-02 07:50:00,D03,43.9357123513144,29.41237673087464,60.68320331477026
2026-01-02 07:50:00,D04,44.04781893479337,29.41237673087464,60.68320331477026
2026-01-02 07:50:00,D05,49.8482372405266,29.41237673087464,60.68320331477026
2026-01-02 07:55:00,D01,45.09762431502128,29.439616013115064,61.10347034518807
2026-01-02 07:55:00,D02,53.726851923502835,29.439616013115064,61.10347034518807
2026-01-02 07:55:00,D03,46.870068202267035,29.439616013115064,61.10347034518807
2026-01-02 07:55:00,D04,47.89811653146047,29.439616013115064,61.10347034518807
2026-01-02 07:55:00,D05,52.9942894122332,29.439616013115064,61.10347034518807
2026-01-02 08:00:00,D01,45.660407943185625,29.139131223331372,60.39310021363009
2026-01-02 08:00:00,D02,50.1668310152387,29.139131223331372,60.39310021363009
2026-01-02 08:00:00,D03,46.874089980578496,29.139131223331372,60.39310021363009
2026-01-02 08:00:00,D04,47.514712741992895,29.139131223331372,60.39310021363009
2026-01-02 08:00:00,D05,51.70666276940035,29.139131223331372,60.39310021363009
2026-01-02 08:05:00,D01,47.510436504724126,29.682276726872306,56.88792484176323
2026-01-02 08:05:00,D02,53.003618563278074,29.682276726872306,56.88792484176323
2026-01-02 08:05:00,D03,48.141128076960385,29.682276726872306,56.88792484176323
2026-01-02 08:05:00,D04,47.54563890530282,29.682276726872306,56.88792484176323
2026-01-02 08:05:00,D05,55.13745162538118,29.682276726872306,56.88792484176323
2026-01-02 08:10:00,D01,49.252616750670555,29.413157999440486,59.10072977141705
2026-01-02 08:10:00,D02,51.193186329663405,29.413157999440486,59.10072977141705
2026-01-02 08:10:00,D03,48.298084816948595,29.413157999440486,59.10072977141705
2026-01-02 08:10:00,D04,49.40540195159739,29.413157999440486,59.10072977141705
2026-01-02 08:10:00,D05,52.79036860271512,29.413157999440486,59.10072977141705
2026-01-02 08:15:00,D01,51.740804097015875,29.642023609934984,56.11677602972736
2026-01-02 08:15:00,D02,56.362134097896096,29.642023609934984,56.11677602972736
2026-01-02 08:15:00,D03,53.22550979793056,29.642023609934984,56.11677602972736
2026-01-02 08:15:00,D04,53.20798233381052,29.642023609934984,56.11677602972736
2026-01-02 08:15:00,D05,56.17260270811302,29.642023609934984,56.11677602972736
2026-01-02 08:20:00,D01,48.747032631846785,30.7046082269045,61.318787297970815
2026-01-02 08:20:00,D02,53.057770944772514,30.7046082269045,61.318787297970815
2026-01-02 08:20:00,D03,51.31616174177519,30.7046082269045,61.318787297970815
2026-01-02 08:20:00,D04,49.40083800305515,30.7046082269045,61.318787297970815
2026-01-02 08:20:00,D05,53.590757332606245,30.7046082269045,61.318787297970815
2026-01-02 08:25:00,D01,46.62947468888546,30.626778767713088,57.457821643187046
2026-01-02 08:25:00,D02,50.146846296538364,30.626778767713088,57.457821643187046
2026-01-02 08:25:00,D03,47.85993522972534,30.626778767713088,57.457821643187046
2026-01-02 08:25:00,D04,,30.626778767713088,57.457821643187046
2026-01-02 08:25:00,D05,51.590336902868806,30.626778767713088,57.457821643187046
2026-01-02 08:30:00,D01,46.64204120786298,29.3940165265798,60.79549112410264
2026-01-02 08:30:00,D02,48.906385312311286,29.3940165265798,60.79549112410264
2026-01-02 08:30:00,D03,46.66070301579996,29.3940165265798,60.79549112410264
2026-01-02 08:30:00,D04,45.02710047943927,29.3940165265798,60.79549112410264
2026-01-02 08:30:00,D05,50.64370283224294,29.3940165265798,60.79549112410264
2026-01-02 08:35:00,D01,49.31052252385742,30.54448356985988,60.15956974368563
2026-01-02 08:35:00,D02,53.395727700244706,30.54448356985988,60.15956974368563
2026-01-02 08:35:00,D03,48.875426239721385,30.54448356985988,60.15956974368563
2026-01-02 08:35:00,D04,48.299885331377645,30.54448356985988,60.15956974368563
2026-01-02 08:35:00,D05,54.42003730238645,30.54448356985988,60.15956974368563
2026-01-02 08:40:00,D01,43.120307736289625,30.619636325678492,57.22123837433052
2026-01-02 08:40:00,D02,49.918101233182554,30.619636325678492,57.22123837433052
2026-01-02 08:40:00,D03,44.522947326482594,30.619636325678492,57.22123837433052
2026-01-02 08:40:00,D04,44.61477461628134,30.619636325678492,57.22123837433052
2026-01-02 08:40:00,D05,51.73699906430037,30.619636325678492,57.22123837433052
2026-01-02 08:45:00,D01,51.05305212601465,29.722597431124036,56.70736442209769
2026-01-02 08:45:00,D02,55.10544523803044,29.722597431124036,56.70736442209769
2026-01-02 08:45:00,D03,50.22815810174339,29.722597431124036,56.70736442209769
2026-01-02 08:45:00,D04,52.75947809119208,29.722597431124036,56.70736442209769
2026-01-02 08:45:00,D05,57.54779685938176,29.722597431124036,56.70736442209769
2026-01-02 08:50:00,D01,48.34831283257221,30.787339859955733,58.769653248422905
2026-01-02 08:50:00,D02,52.777896879394206,30.787339859955733,58.769653248422905
2026-01-02 08:50:00,D03,50.09464931297651,30.787339859955733,58.769653248422905
2026-01-02 08:50:00,D04,49.414463740395014,30.787339859955733,58.769653248422905
2026-01-02 08:50:00,D05,53.39715361317039,30.787339859955733,58.769653248422905
2026-01-02 08:55:00,D01,47.18701701352842,31.226531238117623,56.8183833864027
2026-01-02 08:55:00,D02,51.79540688599077,31.226531238117623,56.8183833864027
2026-01-02 08:55:00,D03,45.11165792384135,31.226531238117623,56.8183833864027
2026-01-02 08:55:00,D04,45.754967064381155,31.226531238117623,56.8183833864027
2026-01-02 08:55:00,D05,51.23939259778727,31.226531238117623,56.8183833864027
2026-01-02 09:00:00,D01,44.42894517003722,29.97426150281053,58.082659151371836
2026-01-02 09:00:00,D02,46.824909717740475,29.97426150281053,58.082659151371836
2026-01-02 09:00:00,D03,42.65087782450832,29.97426150281053,58.082659151371836
2026-01-02 09:00:00,D04,43.55084219358864,29.97426150281053,58.082659151371836
2026-01-02 09:00:00,D05,123.15459287304843,29.97426150281053,58.082659151371836
2026-01-02 09:05:00,D01,48.72484807982906,30.153068399791643,57.05211899319207
2026-01-02 09:05:00,D02,51.401289656350144,30.153068399791643,57.05211899319207
2026-01-02 09:05:00,D03,50.77578856235833,30.153068399791643,57.05211899319207
2026-01-02 09:05:00,D04,47.91518926501667,30.153068399791643,57.05211899319207
2026-01-02 09:05:00,D05,55.21688662850747,30.153068399791643,57.05211899319207
2026-01-02 09:10:00,D01,45.760777183250966,31.19521741747237,54.95548901020031
2026-01-02 09:10:00,D02,50.935583604045156,31.19521741747237,54.95548901020031
2026-01-02 09:10:00,D03,48.427471427373455,31.19521741747237,54.95548901020031
2026-01-02 09:10:00,D04,44.16810853729559,31.19521741747237,54.95548901020031
2026-01-02 09:10:00,D05,53.77920560535142,31.19521741747237,54.95548901020031
2026-01-02 09:15:00,D01,48.60782372444931,30.89494669280771,54.13589989652354
2026-01-02 09:15:00,D02,51.92461386805548,30.89494669280771,54.13589989652354
2026-01-02 09:15:00,D03,49.4623859131141,30.89494669280771,54.13589989652354
2026-01-02 09:15:00,D04,47.68697553700451,30.89494669280771,54.13589989652354
2026-01-02 09:15:00,D05,53.799640751403416,30.89494669280771,54.13589989652354
2026-01-02 09:20:00,D01,40.986227384545316,31.105960353214652,57.679581941552115
2026-01-02 09:20:00,D02,48.19785289783787,31.105960353214652,57.679581941552115
2026-01-02 09:20:00,D03,44.3454779315713,31.105960353214652,57.679581941552115
2026-01-02 09:20:00,D04,43.56312373086981,31.105960353214652,57.679581941552115
2026-01-02 09:20:00,D05,48.27989226298144,31.105960353214652,57.679581941552115
2026-01-02 09:25:00,D01,45.396452849373624,31.069717023664655,56.35881854957525
2026-01-02 09:25:00,D02,48.659495862634316,31.069717023664655,56.35881854957525
2026-01-02 09:25:00,D03,44.81463635848906,31.069717023664655,56.35881854957525
2026-01-02 09:25:00,D04,45.05780777012304,31.069717023664655,56.35881854957525
2026-01-02 09:25:00,D05,52.27651005445786,31.069717023664655,56.35881854957525
2026-01-02 09:30:00,D01,45.82525714318344,31.16211466192025,56.23683187171645
2026-01-02 09:30:00,D02,50.69188937175512,31.16211466192025,56.23683187171645
2026-01-02 09:30:00,D03,44.76042750343589,31.16211466192025,56.23683187171645
2026-01-02 09:30:00,D04,46.96720681091816,31.16211466192025,56.23683187171645
2026-01-02 09:30:00,D05,51.50561162319865,31.16211466192025,56.23683187171645
2026-01-02 09:35:00,D01,46.977232753733176,30.36898695718187,57.97934971596585
2026-01-02 09:35:00,D02,51.40855801771748,30.36898695718187,57.97934971596585
2026-01-02 09:35:00,D03,46.6192292897839,30.36898695718187,57.97934971596585
2026-01-02 09:35:00,D04,44.48668663881094,30.36898695718187,57.97934971596585
2026-01-02 09:35:00,D05,50.40996141727194,30.36898695718187,57.97934971596585
2026-01-02 09:40:00,D01,43.73722420258941,31.619419074755683,58.56864297205875
2026-01-02 09:40:00,D02,47.636700114243894,31.619419074755683,58.56864297205875
2026-01-02 09:40:00,D03,45.40492274382203,31.619419074755683,58.56864297205875
2026-01-02 09:40:00,D04,44.6315702244727,31.619419074755683,58.56864297205875
2026-01-02 09:40:00,D05,48.87324804139322,31.619419074755683,58.56864297205875
2026-01-02 09:45:00,D01,46.18227924664111,31.742143057726615,56.27648679493183
2026-01-02 09:45:00,D02,50.25531618062394,31.742143057726615,56.27648679493183
2026-01-02 09:45:00,D03,46.87307074877128,31.742143057726615,56.27648679493183
2026-01-02 09:45:00,D04,45.20958014266031,31.742143057726615,56.27648679493183
2026-01-02 09:45:00,D05,52.03529070824958,31.742143057726615,56.27648679493183
2026-01-02 09:50:00,D01,41.731229966663946,31.102261857030413,56.05518748150635
2026-01-02 09:50:00,D02,47.191860826983955,31.102261857030413,56.05518748150635
2026-01-02 09:50:00,D03,42.99537976659795,31.102261857030413,56.05518748150635
2026-01-02 09:50:00,D04,43.505075734081196,31.102261857030413,56.05518748150635
2026-01-02 09:50:00,D05,49.341580757345476,31.102261857030413,56.05518748150635
2026-01-02 09:55:00,D01,43.89868304806837,31.2528208784578,57.201095842941356
2026-01-02 09:55:00,D02,50.48022716384759,31.2528208784578,57.201095842941356
2026-01-02 09:55:00,D03,45.86518419014372,31.2528208784578,57.201095842941356
2026-01-02 09:55:00,D04,43.52507514502944,31.2528208784578,57.201095842941356
2026-01-02 09:55:00,D05,114.29466828973099,31.2528208784578,57.201095842941356
2026-01-02 10:00:00,D01,44.05860926735558,30.56457326764433,54.30434260760626
2026-01-02 10:00:00,D02,48.63183633704662,30.56457326764433,54.30434260760626
2026-01-02 10:00:00,D03,44.25485822999632,30.56457326764433,54.30434260760626
2026-01-02 10:00:00,D04,,30.56457326764433,54.30434260760626
2026-01-02 10:00:00,D05,49.430476763338646,30.56457326764433,54.30434260760626
2026-01-02 10:05:00,D01,46.83473903615782,31.640761156546453,56.567462025046474
2026-01-02 10:05:00,D02,49.3038150112383,31.640761156546453,56.567462025046474
2026-01-02 10:05:00,D03,45.064984778420715,31.640761156546453,56.567462025046474
2026-01-02 10:05:00,D04,46.04516224698841,31.640761156546453,56.567462025046474
2026-01-02 10:05:00,D05,51.016485330697236,31.640761156546453,56.567462025046474
2026-01-02 10:10:00,D01,45.34245403977673,31.72108288674818,56.95772062595101
2026-01-02 10:10:00,D02,50.58833537227252,31.72108288674818,56.95772062595101
2026-01-02 10:10:00,D03,45.0326093817677,31.72108288674818,56.95772062595101
2026-01-02 10:10:00,D04,45.64951670512685,31.72108288674818,56.95772062595101
2026-01-02 10:10:00,D05,50.676719125411644,31.72108288674818,56.95772062595101
2026-01-02 10:15:00,D01,42.29777840325888,31.453268199163784,57.051617897299565
2026-01-02 10:15:00,D02,45.67577845930494,31.453268199163784,57.051617897299565
2026-01-02 10:15:00,D03,42.25857568115009,31.453268199163784,57.051617897299565
2026-01-02 10:15:00,D04,39.91165241376074,31.453268199163784,57.051617897299565
2026-01-02 10:15:00,D05,47.124921702037035,31.453268199163784,57.051617897299565
2026-01-02 10:20:00,D01,40.77719087207396,32.0937156151185,53.031793075879804
2026-01-02 10:20:00,D02,45.399810183647276,32.0937156151185,53.031793075879804
2026-01-02 10:20:00,D03,40.07006126382651,32.0937156151185,53.031793075879804
2026-01-02 10:20:00,D04,42.82028702079043,32.0937156151185,53.031793075879804
2026-01-02 10:20:00,D05,47.17518720255495,32.0937156151185,53.031793075879804
2026-01-02 10:25:00,D01,45.31335527637158,31.409518780107263,54.70485230409212
2026-01-02 10:25:00,D02,49.13053870454282,31.409518780107263,54.70485230409212
2026-01-02 10:25:00,D03,45.898578361869156,31.409518780107263,54.70485230409212
2026-01-02 10:25:00,D04,46.08544466934153,31.409518780107263,54.70485230409212
2026-01-02 10:25:00,D05,51.65697361027033,31.409518780107263,54.70485230409212
2026-01-02 10:30:00,D01,44.323161924438445,31.901700625503235,54.44380979565193
2026-01-02 10:30:00,D02,50.81497343160589,31.901700625503235,54.44380979565193
2026-01-02 10:30:00,D03,43.78570678538289,31.901700625503235,54.44380979565193
2026-01-02 10:30:00,D04,42.88195505018668,31.901700625503235,54.44380979565193
2026-01-02 10:30:00,D05,50.28041131984846,31.901700625503235,54.44380979565193
2026-01-02 10:35:00,D01,42.7265106415875,31.150207177067934,55.82975173878584
2026-01-02 10:35:00,D02,44.89880477916636,31.150207177067934,55.82975173878584
2026-01-02 10:35:00,D03,41.86679897738995,31.150207177067934,55.82975173878584
2026-01-02 10:35:00,D04,42.888603310519784,31.150207177067934,55.82975173878584
2026-01-02 10:35:00,D05,47.958718186875096,31.150207177067934,55.82975173878584
2026-01-02 10:40:00,D01,45.31474599175838,31.686687028492422,56.3241906617929
2026-01-02 10:40:00,D02,50.32978493837604,31.686687028492422,56.3241906617929
2026-01-02 10:40:00,D03,45.035130937897755,31.686687028492422,56.3241906617929
2026-01-02 10:40:00,D04,47.32107511857326,31.686687028492422,56.3241906617929
2026-01-02 10:40:00,D05,51.07282491598286,31.686687028492422,56.3241906617929
2026-01-02 10:45:00,D01,44.25485671234871,31.64747351852411,57.77576431621792
2026-01-02 10:45:00,D02,47.55222070215241,31.64747351852411,57.77576431621792
2026-01-02 10:45:00,D03,43.5329489136546,31.64747351852411,57.77576431621792
2026-01-02 10:45:00,D04,43.14356302091675,31.64747351852411,57.77576431621792
2026-01-02 10:45:00,D05,49.848375018105806,31.64747351852411,57.77576431621792
2026-01-02 10:50:00,D01,44.51593144169268,31.881238714761604,54.72038227196562
2026-01-02 10:50:00,D02,51.427223872217,31.881238714761604,54.72038227196562
2026-01-02 10:50:00,D03,46.61295601383505,31.881238714761604,54.72038227196562
2026-01-02 10:50:00,D04,46.90190058873012,31.881238714761604,54.72038227196562
2026-01-02 10:50:00,D05,49.45652016093246,31.881238714761604,54.72038227196562
2026-01-02 10:55:00,D01,42.450343177057306,31.615485807512965,54.65314270867689
2026-01-02 10:55:00,D02,45.76729025519989,31.615485807512965,54.65314270867689
2026-01-02 10:55:00,D03,43.06881847544691,31.615485807512965,54.65314270867689
2026-01-02 10:55:00,D04,42.192631165591514,31.615485807512965,54.65314270867689
2026-01-02 10:55:00,D05,46.868434158263156,31.615485807512965,54.65314270867689
2026-01-02 11:00:00,D01,47.24036942379923,31.763892833609507,57.06524976542744
2026-01-02 11:00:00,D02,52.86212492758307,31.763892833609507,57.06524976542744
2026-01-02 11:00:00,D03,48.2510074455905,31.763892833609507,57.06524976542744
2026-01-02 11:00:00,D04,46.885334889084156,31.763892833609507,57.06524976542744
2026-01-02 11:00:00,D05,51.44309347712809,31.763892833609507,57.06524976542744
2026-01-02 11:05:00,D01,45.22410445092866,32.26973393478706,55.73144470966284
2026-01-02 11:05:00,D02,50.82337747887796,32.26973393478706,55.73144470966284
2026-01-02 11:05:00,D03,47.221538794025065,32.26973393478706,55.73144470966284
2026-01-02 11:05:00,D04,46.39834224757157,32.26973393478706,55.73144470966284
2026-01-02 11:05:00,D05,50.13578159698437,32.26973393478706,55.73144470966284
2026-01-02 11:10:00,D01,41.70404270175873,31.663097916980558,57.13851719558263
2026-01-02 11:10:00,D02,46.27214877478656,31.663097916980558,57.13851719558263
2026-01-02 11:10:00,D03,42.44420288967072,31.663097916980558,57.13851719558263
2026-01-02 11:10:00,D04,,31.663097916980558,57.13851719558263
2026-01-02 11:10:00,D05,47.507503945129365,31.663097916980558,57.13851719558263
2026-01-02 11:15:00,D01,43.57935429328191,31.100637851646816,55.62523920048245
2026-01-02 11:15:00,D02,47.10792260130515,31.100637851646816,55.62523920048245
2026-01-02 11:15:00,D03,43.96873096470689,31.100637851646816,55.62523920048245
2026-01-02 11:15:00,D04,41.95073574568947,31.100637851646816,55.62523920048245
2026-01-02 11:15:00,D05,51.70568394801465,31.100637851646816,55.62523920048245
2026-01-02 11:20:00,D01,43.156601682543425,32.79883071716375,53.41624754180801
2026-01-02 11:20:00,D02,47.806811642443435,32.79883071716375,53.41624754180801
2026-01-02 11:20:00,D03,43.049734064085044,32.79883071716375,53.41624754180801
2026-01-02 11:20:00,D04,45.319039253564355,32.79883071716375,53.41624754180801
2026-01-02 11:20:00,D05,49.41584483893607,32.79883071716375,53.41624754180801
2026-01-02 11:25:00,D01,41.87775787144038,32.63253459168404,53.116692363155686
2026-01-02 11:25:00,D02,47.75337263742249,32.63253459168404,53.116692363155686
2026-01-02 11:25:00,D03,45.02229674932713,32.63253459168404,53.116692363155686
2026-01-02 11:25:00,D04,45.432369676789754,32.63253459168404,53.116692363155686
2026-01-02 11:25:00,D05,48.71446128322001,32.63253459168404,53.116692363155686
2026-01-02 11:30:00,D01,37.54573318583224,31.31109295931624,52.7582830126735
2026-01-02 11:30:00,D02,44.87036409542981,31.31109295931624,52.7582830126735
2026-01-02 11:30:00,D03,100.37644642652776,31.31109295931624,52.7582830126735
2026-01-02 11:30:00,D04,39.824870995584355,31.31109295931624,52.7582830126735
2026-01-02 11:30:00,D05,43.66276762149771,31.31109295931624,52.7582830126735
2026-01-02 11:35:00,D01,43.07673867456336,32.3151355937342,56.05251436991451
2026-01-02 11:35:00,D02,45.72792303891251,32.3151355937342,56.05251436991451
2026-01-02 11:35:00,D03,40.57825091704906,32.3151355937342,56.05251436991451
2026-01-02 11:35:00,D04,41.66111941601186,32.3151355937342,56.05251436991451
2026-01-02 11:35:00,D05,48.736008076591354,32.3151355937342,56.05251436991451
2026-01-02 11:40:00,D01,44.02558780682481,31.729486105183057,56.820948253713055
2026-01-02 11:40:00,D02,47.12338686453605,31.729486105183057,56.820948253713055
2026-01-02 11:40:00,D03,43.480410455278715,31.729486105183057,56.820948253713055
2026-01-02 11:40:00,D04,42.10473765249212,31.729486105183057,56.820948253713055
2026-01-02 11:40:00,D05,95.63554294804683,31.729486105183057,56.820948253713055
2026-01-02 11:45:00,D01,36.22606561592367,32.12103822385855,57.795453979693534
2026-01-02 11:45:00,D02,40.83934374757105,32.12103822385855,57.795453979693534
2026-01-02 11:45:00,D03,36.00548368952022,32.12103822385855,57.795453979693534
2026-01-02 11:45:00,D04,37.42438364790582,32.12103822385855,57.795453979693534
2026-01-02 11:45:00,D05,41.474330164048396,32.12103822385855,57.795453979693534
2026-01-02 11:50:00,D01,37.825648496150684,32.14235317241604,56.27417578266628
2026-01-02 11:50:00,D02,41.35014396033651,32.14235317241604,56.27417578266628
2026-01-02 11:50:00,D03,37.107535620131436,32.14235317241604,56.27417578266628
2026-01-02 11:50:00,D04,38.56347684577011,32.14235317241604,56.27417578266628
2026-01-02 11:50:00,D05,43.77373313775951,32.14235317241604,56.27417578266628
2026-01-02 11:55:00,D01,36.434403747727714,31.881606235241385,56.74663759550339
2026-01-02 11:55:00,D02,41.158919944487664,31.881606235241385,56.74663759550339
2026-01-02 11:55:00,D03,36.139908442821195,31.881606235241385,56.74663759550339
2026-01-02 11:55:00,D04,36.50455249481469,31.881606235241385,56.74663759550339
2026-01-02 11:55:00,D05,40.94519073036657,31.881606235241385,56.74663759550339
2026-01-02 12:00:00,D01,40.1544039327696,31.608117167206803,54.12997550101947
2026-01-02 12:00:00,D02,44.284486269587525,31.608117167206803,54.12997550101947
2026-01-02 12:00:00,D03,39.36606145355743,31.608117167206803,54.12997550101947
2026-01-02 12:00:00,D04,39.62093907706703,31.608117167206803,54.12997550101947
2026-01-02 12:00:00,D05,44.940320594394926,31.608117167206803,54.12997550101947
2026-01-02 12:05:00,D01,39.18925838957548,31.653539609241413,53.26775600408513
2026-01-02 12:05:00,D02,46.72371260952698,31.653539609241413,53.26775600408513
2026-01-02 12:05:00,D03,39.80486005493069,31.653539609241413,53.26775600408513
2026-01-02 12:05:00,D04,41.64889842502869,31.653539609241413,53.26775600408513
2026-01-02 12:05:00,D05,46.258611237883215,31.653539609241413,53.26775600408513
2026-01-02 12:10:00,D01,41.682479983560334,31.537145150168666,56.28463678280776
2026-01-02 12:10:00,D02,45.09633743002285,31.537145150168666,56.28463678280776
2026-01-02 12:10:00,D03,42.73401179467185,31.537145150168666,56.28463678280776
2026-01-02 12:10:00,D04,,31.537145150168666,56.28463678280776
2026-01-02 12:10:00,D05,47.92526026844346,31.537145150168666,56.28463678280776
2026-01-02 12:15:00,D01,39.16157888868824,31.573383512077797,55.647931895973066
2026-01-02 12:15:00,D02,44.875946836884125,31.573383512077797,55.647931895973066
2026-01-02 12:15:00,D03,40.46029792939916,31.573383512077797,55.647931895973066
2026-01-02 12:15:00,D04,39.228053854632606,31.573383512077797,55.647931895973066
2026-01-02 12:15:00,D05,45.765596749027054,31.573383512077797,55.647931895973066
2026-01-02 12:20:00,D01,43.088813860902064,31.94738434543405,55.19921958059388
2026-01-02 12:20:00,D02,49.21866599334052,31.94738434543405,55.19921958059388
2026-01-02 12:20:00,D03,41.25733209340023,31.94738434543405,55.19921958059388
2026-01-02 12:20:00,D04,41.0024418670109,31.94738434543405,55.19921958059388
2026-01-02 12:20:00,D05,48.416622806955914,31.94738434543405,55.19921958059388
2026-01-02 12:25:00,D01,38.64955881877207,31.612401696556223,55.640493838726286
2026-01-02 12:25:00,D02,40.036956228503904,31.612401696556223,55.640493838726286
2026-01-02 12:25:00,D03,37.42361166589934,31.612401696556223,55.640493838726286
2026-01-02 12:25:00,D04,36.11058969825273,31.612401696556223,55.640493838726286
2026-01-02 12:25:00,D05,42.4899661126133,31.612401696556223,55.640493838726286
2026-01-02 12:30:00,D01,35.059967472279446,32.298250339725364,55.570329609949205
2026-01-02 12:30:00,D02,41.53051635214106,32.298250339725364,55.570329609949205
2026-01-02 12:30:00,D03,33.72780237395922,32.298250339725364,55.570329609949205
2026-01-02 12:30:00,D04,36.59443889535962,32.298250339725364,55.570329609949205
2026-01-02 12:30:00,D05,41.36148784565392,32.298250339725364,55.570329609949205
2026-01-02 12:35:00,D01,36.96069327820361,32.68543063000676,57.04211018510274
2026-01-02 12:35:00,D02,42.46182956750335,32.68543063000676,57.04211018510274
2026-01-02 12:35:00,D03,40.48499488467855,32.68543063000676,57.04211018510274
2026-01-02 12:35:00,D04,37.45898384963248,32.68543063000676,57.04211018510274
2026-01-02 12:35:00,D05,44.52274956487681,32.68543063000676,57.04211018510274
2026-01-02 12:40:00,D01,39.43391719841061,31.63401214437602,57.09440084710335
2026-01-02 12:40:00,D02,42.02648504121625,31.63401214437602,57.09440084710335
2026-01-02 12:40:00,D03,38.62038869072583,31.63401214437602,57.09440084710335
2026-01-02 12:40:00,D04,38.32235955123657,31.63401214437602,57.09440084710335
2026-01-02 12:40:00,D05,44.48852920351674,31.63401214437602,57.09440084710335
2026-01-02 12:45:00,D01,39.30470307319125,32.02362865228384,56.00847772447821
2026-01-02 12:45:00,D02,42.055246057124634,32.02362865228384,56.00847772447821
2026-01-02 12:45:00,D03,38.12932428047743,32.02362865228384,56.00847772447821
2026-01-02 12:45:00,D04,37.134190452408404,32.02362865228384,56.00847772447821
2026-01-02 12:45:00,D05,42.000690944214256,32.02362865228384,56.00847772447821
2026-01-02 12:50:00,D01,33.80873378151871,32.13132259075113,56.50574423764506
2026-01-02 12:50:00,D02,39.136020402408036,32.13132259075113,56.50574423764506
2026-01-02 12:50:00,D03,31.808686088053545,32.13132259075113,56.50574423764506
2026-01-02 12:50:00,D04,32.984812555015004,32.13132259075113,56.50574423764506
2026-01-02 12:50:00,D05,39.07722609428205,32.13132259075113,56.50574423764506
2026-01-02 12:55:00,D01,36.5382524525584,32.09271148452594,56.05767313050455
2026-01-02 12:55:00,D02,41.00374684788736,32.09271148452594,56.05767313050455
2026-01-02 12:55:00,D03,37.382764931243386,32.09271148452594,56.05767313050455
2026-01-02 12:55:00,D04,37.99895369855483,32.09271148452594,56.05767313050455
2026-01-02 12:55:00,D05,43.257105831732076,32.09271148452594,56.05767313050455
2026-01-02 13:00:00,D01,35.76086448944511,31.867606765403384,54.64898713905739
2026-01-02 13:00:00,D02,38.60947977977746,31.867606765403384,54.64898713905739
2026-01-02 13:00:00,D03,35.031352725683284,31.867606765403384,54.64898713905739
2026-01-02 13:00:00,D04,35.59006772846983,31.867606765403384,54.64898713905739
2026-01-02 13:00:00,D05,40.385776359617466,31.867606765403384,54.64898713905739
2026-01-02 13:05:00,D01,39.2046005758486,32.171590481109504,56.53434846851042
2026-01-02 13:05:00,D02,43.551467838774876,32.171590481109504,56.53434846851042
2026-01-02 13:05:00,D03,38.454892853250676,32.171590481109504,56.53434846851042
2026-01-02 13:05:00,D04,,32.171590481109504,56.53434846851042
2026-01-02 13:05:00,D05,44.48205152237549,32.171590481109504,56.53434846851042
2026-01-02 13:10:00,D01,36.70005765295534,32.00970923008146,53.37108788922884
2026-01-02 13:10:00,D02,42.155997621333704,32.00970923008146,53.37108788922884
2026-01-02 13:10:00,D03,37.16305742009859,32.00970923008146,53.37108788922884
2026-01-02 13:10:00,D04,36.72100909558643,32.00970923008146,53.37108788922884
2026-01-02 13:10:00,D05,101.46606548604564,32.00970923008146,53.37108788922884
2026-01-02 13:15:00,D01,35.287271391848016,31.11581943631188,57.11153603349277
2026-01-02 13:15:00,D02,39.92719329255724,31.11581943631188,57.11153603349277
2026-01-02 13:15:00,D03,33.95928125578586,31.11581943631188,57.11153603349277
2026-01-02 13:15:00,D04,35.58978529497457,31.11581943631188,57.11153603349277
2026-01-02 13:15:00,D05,39.95023501825669,31.11581943631188,57.11153603349277
2026-01-02 13:20:00,D01,36.54933029972881,32.13304113612418,53.811289382491864
2026-01-02 13:20:00,D02,40.23654439689775,32.13304113612418,53.811289382491864
2026-01-02 13:20:00,D03,36.68259135160725,32.13304113612418,53.811289382491864
2026-01-02 13:20:00,D04,36.402433924915044,32.13304113612418,53.811289382491864
2026-01-02 13:20:00,D05,40.70552224704095,32.13304113612418,53.811289382491864
2026-01-02 13:25:00,D01,35.43908261594397,32.10368476504736,56.10862623736411
2026-01-02 13:25:00,D02,39.19339357531878,32.10368476504736,56.10862623736411
2026-01-02 13:25:00,D03,34.287999708383026,32.10368476504736,56.10862623736411
2026-01-02 13:25:00,D04,35.91048892218026,32.10368476504736,56.10862623736411
2026-01-02 13:25:00,D05,41.03659807952302,32.10368476504736,56.10862623736411
2026-01-02 13:30:00,D01,35.9813585064933,31.237754610467142,54.493473737247896
2026-01-02 13:30:00,D02,40.082007536688,31.237754610467142,54.493473737247896
2026-01-02 13:30:00,D03,37.58855985831953,31.237754610467142,54.493473737247896
2026-01-02 13:30:00,D04,35.11731954726495,31.237754610467142,54.493473737247896
2026-01-02 13:30:00,D05,41.75550451369551,31.237754610467142,54.493473737247896
2026-01-02 13:35:00,D01,37.52473829623579,31.595526313321034,56.67696868341717
2026-01-02 13:35:00,D02,42.590975483452944,31.595526313321034,56.67696868341717
2026-01-02 13:35:00,D03,37.356335387620184,31.595526313321034,56.67696868341717
2026-01-02 13:35:00,D04,35.87923786754334,31.595526313321034,56.67696868341717
2026-01-02 13:35:00,D05,43.93299912274014,31.595526313321034,56.67696868341717
2026-01-02 13:40:00,D01,35.029639112003196,31.873203431588784,55.88603429074164
2026-01-02 13:40:00,D02,37.3613446415461,31.873203431588784,55.88603429074164
2026-01-02 13:40:00,D03,33.36757059654971,31.873203431588784,55.88603429074164
2026-01-02 13:40:00,D04,33.52497952370064,31.873203431588784,55.88603429074164
2026-01-02 13:40:00,D05,38.81848887414324,31.873203431588784,55.88603429074164
2026-01-02 13:45:00,D01,35.37504562586479,31.37970679787376,53.63913864742812
2026-01-02 13:45:00,D02,42.36991766698182,31.37970679787376,53.63913864742812
2026-01-02 13:45:00,D03,37.40080037344184,31.37970679787376,53.63913864742812
2026-01-02 13:45:00,D04,,31.37970679787376,53.63913864742812
2026-01-02 13:45:00,D05,41.47309634035632,31.37970679787376,53.63913864742812
2026-01-02 13:50:00,D01,34.760577921825785,31.971543189774117,56.7609411147455
2026-01-02 13:50:00,D02,38.193927388032876,31.971543189774117,56.7609411147455
2026-01-02 13:50:00,D03,32.69902366890122,31.971543189774117,56.7609411147455
2026-01-02 13:50:00,D04,33.22673584725194,31.971543189774117,56.7609411147455
2026-01-02 13:50:00,D05,38.74768150377749,31.971543189774117,56.7609411147455
2026-01-02 13:55:00,D01,32.23434001891701,32.56557002584722,55.36585127767585
2026-01-02 13:55:00,D02,39.24934316608889,32.56557002584722,55.36585127767585
2026-01-02 13:55:00,D03,32.39090328612852,32.56557002584722,55.36585127767585
2026-01-02 13:55:00,D04,34.091291593493324,32.56557002584722,55.36585127767585
2026-01-02 13:55:00,D05,39.42191837130165,32.56557002584722,55.36585127767585
2026-01-02 14:00:00,D01,35.8513155523505,30.937134002604704,57.66146604337566
2026-01-02 14:00:00,D02,39.07838690967874,30.937134002604704,57.66146604337566
2026-01-02 14:00:00,D03,35.883424251444055,30.937134002604704,57.66146604337566
2026-01-02 14:00:00,D04,32.56941068351589,30.937134002604704,57.66146604337566
2026-01-02 14:00:00,D05,39.46491497977193,30.937134002604704,57.66146604337566
2026-01-02 14:05:00,D01,32.483737257944874,30.584037051787845,56.452869826372144
2026-01-02 14:05:00,D02,37.47976193319673,30.584037051787845,56.452869826372144
2026-01-02 14:05:00,D03,31.56984884433284,30.584037051787845,56.452869826372144
2026-01-02 14:05:00,D04,34.55662269147548,30.584037051787845,56.452869826372144
2026-01-02 14:05:00,D05,37.310385461955654,30.584037051787845,56.452869826372144
2026-01-02 14:10:00,D01,34.78828854148488,31.368866526866867,57.159217019953196
2026-01-02 14:10:00,D02,37.57064646214274,31.368866526866867,57.159217019953196
2026-01-02 14:10:00,D03,31.700654290534864,31.368866526866867,57.159217019953196
2026-01-02 14:10:00,D04,31.64150076803384,31.368866526866867,57.159217019953196
2026-01-02 14:10:00,D05,39.86313400901723,31.368866526866867,57.159217019953196
2026-01-02 14:15:00,D01,32.53995464098181,31.518129314075797,55.24895044445174
2026-01-02 14:15:00,D02,35.58837771896694,31.518129314075797,55.24895044445174
2026-01-02 14:15:00,D03,33.91706907269937,31.518129314075797,55.24895044445174
2026-01-02 14:15:00,D04,29.657412288513193,31.518129314075797,55.24895044445174
2026-01-02 14:15:00,D05,37.10859223814178,31.518129314075797,55.24895044445174
2026-01-02 14:20:00,D01,36.970465672260374,30.980327034522574,55.92448120996904
2026-01-02 14:20:00,D02,41.01468233853834,30.980327034522574,55.92448120996904
2026-01-02 14:20:00,D03,36.7998682544481,30.980327034522574,55.92448120996904
2026-01-02 14:20:00,D04,38.292554991454146,30.980327034522574,55.92448120996904
2026-01-02 14:20:00,D05,42.70064199141778,30.980327034522574,55.92448120996904
2026-01-02 14:25:00,D01,35.58205835238487,31.758853352997928,56.24759600317355
2026-01-02 14:25:00,D02,37.677788843849164,31.758853352997928,56.24759600317355
2026-01-02 14:25:00,D03,34.3415500186358,31.758853352997928,56.24759600317355
2026-01-02 14:25:00,D04,34.275800166439325,31.758853352997928,56.24759600317355
2026-01-02 14:25:00,D05,38.57366991363118,31.758853352997928,56.24759600317355
2026-01-02 14:30:00,D01,34.064179960355354,30.297463801594553,58.35152031745148
2026-01-02 14:30:00,D02,36.77463378115836,30.297463801594553,58.35152031745148
2026-01-02 14:30:00,D03,32.5820198866519,30.297463801594553,58.35152031745148
2026-01-02 14:30:00,D04,33.93222414406035,30.297463801594553,58.35152031745148
2026-01-02 14:30:00,D05,39.156667505137406,30.297463801594553,58.35152031745148
2026-01-02 14:35:00,D01,35.05101159222707,31.245881726980215,59.717220800779415
2026-01-02 14:35:00,D02,38.97613777721605,31.245881726980215,59.717220800779415
2026-01-02 14:35:00,D03,31.358096783009774,31.245881726980215,59.717220800779415
2026-01-02 14:35:00,D04,35.01818642361843,31.245881726980215,59.717220800779415
2026-01-02 14:35:00,D05,39.806641189636295,31.245881726980215,59.717220800779415
2026-01-02 14:40:00,D01,32.58587993871672,30.527291805215444,56.131797941195906
2026-01-02 14:40:00,D02,38.96330617410817,30.527291805215444,56.131797941195906
2026-01-02 14:40:00,D03,33.080150780585136,30.527291805215444,56.131797941195906
2026-01-02 14:40:00,D04,31.346891725390076,30.527291805215444,56.131797941195906
2026-01-02 14:40:00,D05,38.704961258226255,30.527291805215444,56.131797941195906
2026-01-02 14:45:00,D01,32.65858869557547,31.618887990498536,59.09687414219675
2026-01-02 14:45:00,D02,37.13422980552064,31.618887990498536,59.09687414219675
2026-01-02 14:45:00,D03,33.41301589941199,31.618887990498536,59.09687414219675
2026-01-02 14:45:00,D04,32.81273311113795,31.618887990498536,59.09687414219675
2026-01-02 14:45:00,D05,38.90529526785659,31.618887990498536,59.09687414219675
2026-01-02 14:50:00,D01,34.61785854133601,31.68264436063468,54.3727105053102
2026-01-02 14:50:00,D02,38.21578073336035,31.68264436063468,54.3727105053102
2026-01-02 14:50:00,D03,34.82674070544911,31.68264436063468,54.3727105053102
2026-01-02 14:50:00,D04,33.77534206475221,31.68264436063468,54.3727105053102
2026-01-02 14:50:00,D05,40.33034259635891,31.68264436063468,54.3727105053102
2026-01-02 14:55:00,D01,33.89617446294049,30.228491516407104,55.985076277764016
2026-01-02 14:55:00,D02,37.79240580827914,30.228491516407104,55.985076277764016
2026-01-02 14:55:00,D03,35.50340554607543,30.228491516407104,55.985076277764016
2026-01-02 14:55:00,D04,33.264832542330396,30.228491516407104,55.985076277764016
2026-01-02 14:55:00,D05,39.86459470035856,30.228491516407104,55.985076277764016
2026-01-02 15:00:00,D01,33.560276465376674,30.26075533797845,56.490764503854365
2026-01-02 15:00:00,D02,36.99315480114016,30.26075533797845,56.490764503854365
2026-01-02 15:00:00,D03,31.480438578008034,30.26075533797845,56.490764503854365
2026-01-02 15:00:00,D04,32.30160247349576,30.26075533797845,56.490764503854365
2026-01-02 15:00:00,D05,37.340698858909384,30.26075533797845,56.490764503854365
2026-01-02 15:05:00,D01,31.76905036983913,30.887359222401248,56.05610640801623
2026-01-02 15:05:00,D02,37.663005262077675,30.887359222401248,56.05610640801623
2026-01-02 15:05:00,D03,32.33722834020526,30.887359222401248,56.05610640801623
2026-01-02 15:05:00,D04,32.66770486058461,30.887359222401248,56.05610640801623
2026-01-02 15:05:00,D05,38.17431214098923,30.887359222401248,56.05610640801623
2026-01-02 15:10:00,D01,29.37377519048812,30.184385713183545,55.86871533916203
2026-01-02 15:10:00,D02,38.00846591249966,30.184385713183545,55.86871533916203
2026-01-02 15:10:00,D03,31.38779416951541,30.184385713183545,55.86871533916203
2026-01-02 15:10:00,D04,31.271827424939186,30.184385713183545,55.86871533916203
2026-01-02 15:10:00,D05,38.73316195375368,30.184385713183545,55.86871533916203
2026-01-02 15:15:00,D01,28.21711540849527,30.274023466534224,59.02604021720601
2026-01-02 15:15:00,D02,33.262630309146836,30.274023466534224,59.02604021720601
2026-01-02 15:15:00,D03,26.467292179326275,30.274023466534224,59.02604021720601
2026-01-02 15:15:00,D04,27.544909330737255,30.274023466534224,59.02604021720601
2026-01-02 15:15:00,D05,32.88324291688855,30.274023466534224,59.02604021720601
2026-01-02 15:20:00,D01,28.96101604759581,30.226632258703905,58.25102235654281
2026-01-02 15:20:00,D02,34.63258028525392,30.226632258703905,58.25102235654281
2026-01-02 15:20:00,D03,28.01144506873189,30.226632258703905,58.25102235654281
2026-01-02 15:20:00,D04,29.04298721210276,30.226632258703905,58.25102235654281
2026-01-02 15:20:00,D05,36.4449268038719,30.226632258703905,58.25102235654281
2026-01-02 15:25:00,D01,34.85997714784179,29.16978078282147,59.309873374567076
2026-01-02 15:25:00,D02,41.327316565555435,29.16978078282147,59.309873374567076
2026-01-02 15:25:00,D03,33.47279324876482,29.16978078282147,59.309873374567076
2026-01-02 15:25:00,D04,34.273818574806484,29.16978078282147,59.309873374567076
2026-01-02 15:25:00,D05,42.81244744611781,29.16978078282147,59.309873374567076
2026-01-02 15:30:00,D01,34.987782658304525,30.036888271996485,59.94809473909506
2026-01-02 15:30:00,D02,40.393198125705545,30.036888271996485,59.94809473909506
2026-01-02 15:30:00,D03,36.36598799198141,30.036888271996485,59.94809473909506
2026-01-02 15:30:00,D04,34.92901798843316,30.036888271996485,59.94809473909506
2026-01-02 15:30:00,D05,40.94594527033718,30.036888271996485,59.94809473909506
2026-01-02 15:35:00,D01,32.2445282948191,29.611684354785826,59.485329006122974
2026-01-02 15:35:00,D02,36.798251752747746,29.611684354785826,59.485329006122974
2026-01-02 15:35:00,D03,29.922908369153856,29.611684354785826,59.485329006122974
2026-01-02 15:35:00,D04,30.775756038350302,29.611684354785826,59.485329006122974
2026-01-02 15:35:00,D05,37.01546139320476,29.611684354785826,59.485329006122974
2026-01-02 15:40:00,D01,34.081281261775004,29.621320770555347,60.2508804007151
2026-01-02 15:40:00,D02,37.36537537819344,29.621320770555347,60.2508804007151
2026-01-02 15:40:00,D03,33.235632323870924,29.621320770555347,60.2508804007151
2026-01-02 15:40:00,D04,33.08622768521604,29.621320770555347,60.2508804007151
2026-01-02 15:40:00,D05,37.969074349002724,29.621320770555347,60.2508804007151
2026-01-02 15:45:00,D01,32.59085734832028,30.499667166832417,59.33999924044058
2026-01-02 15:45:00,D02,35.68025213034334,30.499667166832417,59.33999924044058
2026-01-02 15:45:00,D03,32.04187999198919,30.499667166832417,59.33999924044058
2026-01-02 15:45:00,D04,31.721361467911326,30.499667166832417,59.33999924044058
2026-01-02 15:45:00,D05,37.55733034735052,30.499667166832417,59.33999924044058
2026-01-02 15:50:00,D01,37.384535971643466,29.05824459459449,57.84651383407314
2026-01-02 15:50:00,D02,41.78441513173118,29.05824459459449,57.84651383407314
2026-01-02 15:50:00,D03,37.621198585330994,29.05824459459449,57.84651383407314
2026-01-02 15:50:00,D04,38.15093961954386,29.05824459459449,57.84651383407314
2026-01-02 15:50:00,D05,43.977840012334156,29.05824459459449,57.84651383407314
2026-01-02 15:55:00,D01,33.648693911330525,30.0004688841766,61.39898868962597
2026-01-02 15:55:00,D02,38.43521450936682,30.0004688841766,61.39898868962597
2026-01-02 15:55:00,D03,35.05363841133939,30.0004688841766,61.39898868962597
2026-01-02 15:55:00,D04,33.09992271000695,30.0004688841766,61.39898868962597
2026-01-02 15:55:00,D05,41.94991305242148,30.0004688841766,61.39898868962597
2026-01-02 16:00:00,D01,31.103510395771718,29.360518534834096,59.11633180082831
2026-01-02 16:00:00,D02,35.908964141769836,29.360518534834096,59.11633180082831
2026-01-02 16:00:00,D03,30.645483411978816,29.360518534834096,59.11633180082831
2026-01-02 16:00:00,D04,31.730651357891777,29.360518534834096,59.11633180082831
2026-01-02 16:00:00,D05,37.76758548522459,29.360518534834096,59.11633180082831
2026-01-02 16:05:00,D01,28.519221521859233,29.265063760349022,58.786717862662485
2026-01-02 16:05:00,D02,36.022130964966564,29.265063760349022,58.786717862662485
2026-01-02 16:05:00,D03,29.933253123273754,29.265063760349022,58.786717862662485
2026-01-02 16:05:00,D04,28.709966981216787,29.265063760349022,58.786717862662485
2026-01-02 16:05:00,D05,34.95725496721544,29.265063760349022,58.786717862662485
2026-01-02 16:10:00,D01,28.495927676273872,29.703929014201023,60.11563705394307
2026-01-02 16:10:00,D02,32.78239530199346,29.703929014201023,60.11563705394307
2026-01-02 16:10:00,D03,27.95456237908375,29.703929014201023,60.11563705394307
2026-01-02 16:10:00,D04,28.52273530959684,29.703929014201023,60.11563705394307
2026-01-02 16:10:00,D05,33.47242070469327,29.703929014201023,60.11563705394307
2026-01-02 16:15:00,D01,31.898242180268035,29.38146909837945,59.207896718865214
2026-01-02 16:15:00,D02,37.41108796544562,29.38146909837945,59.207896718865214
2026-01-02 16:15:00,D03,31.28618095077487,29.38146909837945,59.207896718865214
2026-01-02 16:15:00,D04,30.589608590088627,29.38146909837945,59.207896718865214
2026-01-02 16:15:00,D05,36.76689875238107,29.38146909837945,59.207896718865214
2026-01-02 16:20:00,D01,30.964661878841568,29.398397807313263,60.14767180960886
2026-01-02 16:20:00,D02,33.79311362081364,29.398397807313263,60.14767180960886
2026-01-02 16:20:00,D03,31.72418976345137,29.398397807313263,60.14767180960886
2026-01-02 16:20:00,D04,30.309583181676178,29.398397807313263,60.14767180960886
2026-01-02 16:20:00,D05,36.48908107675562,29.398397807313263,60.14767180960886
2026-01-02 16:25:00,D01,29.25772756989866,29.497825779560117,61.48861398375783
2026-01-02 16:25:00,D02,32.504597685482665,29.497825779560117,61.48861398375783
2026-01-02 16:25:00,D03,26.561036043894813,29.497825779560117,61.48861398375783
2026-01-02 16:25:00,D04,26.224352823769124,29.497825779560117,61.48861398375783
2026-01-02 16:25:00,D05,33.77651399825097,29.497825779560117,61.48861398375783
2026-01-02 16:30:00,D01,28.78238398881195,28.74776297023379,61.69567828521829
2026-01-02 16:30:00,D02,32.96287260912901,28.74776297023379,61.69567828521829
2026-01-02 16:30:00,D03,30.757190741839526,28.74776297023379,61.69567828521829
2026-01-02 16:30:00,D04,29.46221260135223,28.74776297023379,61.69567828521829
2026-01-02 16:30:00,D05,35.95210478800781,28.74776297023379,61.69567828521829
2026-01-02 16:35:00,D01,29.337123674452194,28.506071824164632,60.028874517524535
2026-01-02 16:35:00,D02,32.60824418532968,28.506071824164632,60.028874517524535
2026-01-02 16:35:00,D03,128.4241859953472,28.506071824164632,60.028874517524535
2026-01-02 16:35:00,D04,27.94967430981161,28.506071824164632,60.028874517524535
2026-01-02 16:35:00,D05,34.32226194996806,28.506071824164632,60.028874517524535
2026-01-02 16:40:00,D01,33.026403679191574,28.167525453349445,60.8482405073202
2026-01-02 16:40:00,D02,39.34801091022548,28.167525453349445,60.8482405073202
2026-01-02 16:40:00,D03,33.497832067654265,28.167525453349445,60.8482405073202
2026-01-02 16:40:00,D04,33.931175741343466,28.167525453349445,60.8482405073202
2026-01-02 16:40:00,D05,42.149990144783814,28.167525453349445,60.8482405073202
2026-01-02 16:45:00,D01,32.98991031988869,28.194492061526333,63.39710485412375
2026-01-02 16:45:00,D02,37.15513641423031,28.194492061526333,63.39710485412375
2026-01-02 16:45:00,D03,33.92329673638945,28.194492061526333,63.39710485412375
2026-01-02 16:45:00,D04,31.107989432356135,28.194492061526333,63.39710485412375
2026-01-02 16:45:00,D05,37.826787372047804,28.194492061526333,63.39710485412375
2026-01-02 16:50:00,D01,29.930271011124386,29.97807621017573,62.737542181558176
2026-01-02 16:50:00,D02,36.25334740298272,29.97807621017573,62.737542181558176
2026-01-02 16:50:00,D03,28.59877509749596,29.97807621017573,62.737542181558176
2026-01-02 16:50:00,D04,30.252288273483924,29.97807621017573,62.737542181558176
2026-01-02 16:50:00,D05,35.82293404509382,29.97807621017573,62.737542181558176
2026-01-02 16:55:00,D01,32.33613651054518,29.02148486052335,65.3143074187129
2026-01-02 16:55:00,D02,38.41409281377946,29.02148486052335,65.3143074187129
2026-01-02 16:55:00,D03,32.83762307662169,29.02148486052335,65.3143074187129
2026-01-02 16:55:00,D04,32.250036080749716,29.02148486052335,65.3143074187129
2026-01-02 16:55:00,D05,38.969480751603456,29.02148486052335,65.3143074187129
2026-01-02 17:00:00,D01,30.77552369510196,27.61855804240859,64.18200180958709
2026-01-02 17:00:00,D02,35.02639931059311,27.61855804240859,64.18200180958709
2026-01-02 17:00:00,D03,29.28699614813548,27.61855804240859,64.18200180958709
2026-01-02 17:00:00,D04,30.257307945789048,27.61855804240859,64.18200180958709
2026-01-02 17:00:00,D05,37.02370660661742,27.61855804240859,64.18200180958709
2026-01-02 17:05:00,D01,25.88944377105672,27.527200483259083,64.33958067957818
2026-01-02 17:05:00,D02,35.60560801113678,27.527200483259083,64.33958067957818
2026-01-02 17:05:00,D03,28.97609436408232,27.527200483259083,64.33958067957818
2026-01-02 17:05:00,D04,28.2328589614371,27.527200483259083,64.33958067957818
2026-01-02 17:05:00,D05,36.11533078013906,27.527200483259083,64.33958067957818
2026-01-02 17:10:00,D01,31.532312508934755,28.323131100549762,60.753801034935265
2026-01-02 17:10:00,D02,38.09261032107855,28.323131100549762,60.753801034935265
2026-01-02 17:10:00,D03,32.170223982152805,28.323131100549762,60.753801034935265
2026-01-02 17:10:00,D04,33.61321089012426,28.323131100549762,60.753801034935265
2026-01-02 17:10:00,D05,39.83848792128782,28.323131100549762,60.753801034935265
2026-01-02 17:15:00,D01,31.092475399562726,28.24908400876963,64.19488730728885
2026-01-02 17:15:00,D02,37.34611961780658,28.24908400876963,64.19488730728885
2026-01-02 17:15:00,D03,31.70303123007833,28.24908400876963,64.19488730728885
2026-01-02 17:15:00,D04,31.335776596753554,28.24908400876963,64.19488730728885
2026-01-02 17:15:00,D05,38.117982269273405,28.24908400876963,64.19488730728885
2026-01-02 17:20:00,D01,28.15987192785985,28.14268280599333,63.18385802078533
2026-01-02 17:20:00,D02,32.59929787775725,28.14268280599333,63.18385802078533
2026-01-02 17:20:00,D03,27.890993745403453,28.14268280599333,63.18385802078533
2026-01-02 17:20:00,D04,29.95573255482996,28.14268280599333,63.18385802078533
2026-01-02 17:20:00,D05,34.79885676572637,28.14268280599333,63.18385802078533
2026-01-02 17:25:00,D01,29.36638876899699,27.633139034172736,62.652293432793456
2026-01-02 17:25:00,D02,35.37830949992832,27.633139034172736,62.652293432793456
2026-01-02 17:25:00,D03,29.256353596499096,27.633139034172736,62.652293432793456
2026-01-02 17:25:00,D04,29.22577278374018,27.633139034172736,62.652293432793456
2026-01-02 17:25:00,D05,34.23694400883064,27.633139034172736,62.652293432793456
2026-01-02 17:30:00,D01,26.754878580774783,27.58990383109881,63.94676108859828
2026-01-02 17:30:00,D02,34.2052585783463,27.58990383109881,63.94676108859828
2026-01-02 17:30:00,D03,28.722962125525694,27.58990383109881,63.94676108859828
2026-01-02 17:30:00,D04,28.201686236721343,27.58990383109881,63.94676108859828
2026-01-02 17:30:00,D05,34.49683690058454,27.58990383109881,63.94676108859828
2026-01-02 17:35:00,D01,26.475945313709627,27.7082741363395,65.32914855339759
2026-01-02 17:35:00,D02,32.4551827244386,27.7082741363395,65.32914855339759
2026-01-02 17:35:00,D03,27.025215531910067,27.7082741363395,65.32914855339759
2026-01-02 17:35:00,D04,30.47814372445758,27.7082741363395,65.32914855339759
2026-01-02 17:35:00,D05,33.167813507549056,27.7082741363395,65.32914855339759
2026-01-02 17:40:00,D01,32.28161744138322,27.478725216884957,64.87968995902973
2026-01-02 17:40:00,D02,34.49870434777677,27.478725216884957,64.87968995902973
2026-01-02 17:40:00,D03,30.801773271086788,27.478725216884957,64.87968995902973
2026-01-02 17:40:00,D04,31.66685618434915,27.478725216884957,64.87968995902973
2026-01-02 17:40:00,D05,37.952650768223904,27.478725216884957,64.87968995902973
2026-01-02 17:45:00,D01,34.422025819182586,26.21736545977695,63.02825800568547
2026-01-02 17:45:00,D02,38.83120122405054,26.21736545977695,63.02825800568547
2026-01-02 17:45:00,D03,36.6416170381892,26.21736545977695,63.02825800568547
2026-01-02 17:45:00,D04,34.7934654174715,26.21736545977695,63.02825800568547
2026-01-02 17:45:00,D05,39.233271841580645,26.21736545977695,63.02825800568547
2026-01-02 17:50:00,D01,27.196159518947198,27.103197121539083,65.67749449673556
2026-01-02 17:50:00,D02,33.42547295725597,27.103197121539083,65.67749449673556
2026-01-02 17:50:00,D03,144.18304451174913,27.103197121539083,65.67749449673556
2026-01-02 17:50:00,D04,27.788932497995802,27.103197121539083,65.67749449673556
2026-01-02 17:50:00,D05,34.30897829511184,27.103197121539083,65.67749449673556
2026-01-02 17:55:00,D01,32.28515198361904,26.68337120804265,63.82546983654044
2026-01-02 17:55:00,D02,36.64835486687529,26.68337120804265,63.82546983654044
2026-01-02 17:55:00,D03,28.910709122430035,26.68337120804265,63.82546983654044
2026-01-02 17:55:00,D04,33.46309772287328,26.68337120804265,63.82546983654044
2026-01-02 17:55:00,D05,37.4174864087507,26.68337120804265,63.82546983654044
2026-01-02 18:00:00,D01,29.09611188521558,27.087605709454255,65.32502467844643
2026-01-02 18:00:00,D02,34.14703512656376,27.087605709454255,65.32502467844643
2026-01-02 18:00:00,D03,27.856616172034958,27.087605709454255,65.32502467844643
2026-01-02 18:00:00,D04,27.268069144118712,27.087605709454255,65.32502467844643
2026-01-02 18:00:00,D05,34.99424854369945,27.087605709454255,65.32502467844643
2026-01-02 18:05:00,D01,28.280673307713307,28.3835550761289,64.76312374912992
2026-01-02 18:05:00,D02,32.31827897560482,28.3835550761289,64.76312374912992
2026-01-02 18:05:00,D03,27.760852273298788,28.3835550761289,64.76312374912992
2026-01-02 18:05:00,D04,27.483548244885995,28.3835550761289,64.76312374912992
2026-01-02 18:05:00,D05,35.14640592367612,28.3835550761289,64.76312374912992
2026-01-02 18:10:00,D01,28.544227882292066,26.96564389591047,65.10789449604991
2026-01-02 18:10:00,D02,33.1266073712321,26.96564389591047,65.10789449604991
2026-01-02 18:10:00,D03,29.6508755517442,26.96564389591047,65.10789449604991
2026-01-02 18:10:00,D04,27.706850314311097,26.96564389591047,65.10789449604991
2026-01-02 18:10:00,D05,34.47334555370265,26.96564389591047,65.10789449604991
2026-01-02 18:15:00,D01,26.89056307104648,26.516219510763086,66.80339575486221
2026-01-02 18:15:00,D02,33.7370449239219,26.516219510763086,66.80339575486221
2026-01-02 18:15:00,D03,146.55303981874908,26.516219510763086,66.80339575486221
2026-01-02 18:15:00,D04,28.46620833727484,26.516219510763086,66.80339575486221
2026-01-02 18:15:00,D05,32.801710653629335,26.516219510763086,66.80339575486221
2026-01-02 18:20:00,D01,30.026957284580785,27.025122037250334,64.31126684775273
2026-01-02 18:20:00,D02,35.587663174587874,27.025122037250334,64.31126684775273
2026-01-02 18:20:00,D03,30.533809076762548,27.025122037250334,64.31126684775273
2026-01-02 18:20:00,D04,29.131693961638206,27.025122037250334,64.31126684775273
2026-01-02 18:20:00,D05,36.709509821775264,27.025122037250334,64.31126684775273
2026-01-02 18:25:00,D01,29.509637004176064,26.697009569344782,69.00646135993503
2026-01-02 18:25:00,D02,34.66431234622907,26.697009569344782,69.00646135993503
2026-01-02 18:25:00,D03,28.02751391911748,26.697009569344782,69.00646135993503
2026-01-02 18:25:00,D04,26.264094525382177,26.697009569344782,69.00646135993503
2026-01-02 18:25:00,D05,34.82625840714494,26.697009569344782,69.00646135993503
2026-01-02 18:30:00,D01,31.311755122532542,26.55741628412566,63.57363281825877
2026-01-02 18:30:00,D02,35.543633022129576,26.55741628412566,63.57363281825877
2026-01-02 18:30:00,D03,30.347114790764653,26.55741628412566,63.57363281825877
2026-01-02 18:30:00,D04,29.70210740273727,26.55741628412566,63.57363281825877
2026-01-02 18:30:00,D05,37.48825024121183,26.55741628412566,63.57363281825877
2026-01-02 18:35:00,D01,31.41791800234324,26.542808365658253,65.62473233701688
2026-01-02 18:35:00,D02,35.49369306086468,26.542808365658253,65.62473233701688
2026-01-02 18:35:00,D03,29.64497757281645,26.542808365658253,65.62473233701688
2026-01-02 18:35:00,D04,30.38449201690221,26.542808365658253,65.62473233701688
2026-01-02 18:35:00,D05,36.428172888691044,26.542808365658253,65.62473233701688
2026-01-02 18:40:00,D01,29.371141132346104,27.16003089408012,67.29179961158191
2026-01-02 18:40:00,D02,34.7722864741558,27.16003089408012,67.29179961158191
2026-01-02 18:40:00,D03,29.59283319200963,27.16003089408012,67.29179961158191
2026-01-02 18:40:00,D04,,27.16003089408012,67.29179961158191
2026-01-02 18:40:00,D05,34.947093882387634,27.16003089408012,67.29179961158191
2026-01-02 18:45:00,D01,29.72311966639876,25.4591041722564,67.82737446981425
2026-01-02 18:45:00,D02,32.48188854977501,25.4591041722564,67.82737446981425
2026-01-02 18:45:00,D03,29.212353307249337,25.4591041722564,67.82737446981425
2026-01-02 18:45:00,D04,29.519432006949177,25.4591041722564,67.82737446981425
2026-01-02 18:45:00,D05,33.94698752992083,25.4591041722564,67.82737446981425
2026-01-02 18:50:00,D01,28.89019304121603,26.154617968715215,67.01368255852347
2026-01-02 18:50:00,D02,31.929442909273966,26.154617968715215,67.01368255852347
2026-01-02 18:50:00,D03,29.419572680169345,26.154617968715215,67.01368255852347
2026-01-02 18:50:00,D04,27.95811252892549,26.154617968715215,67.01368255852347
2026-01-02 18:50:00,D05,36.80012189944043,26.154617968715215,67.01368255852347
2026-01-02 18:55:00,D01,33.26894683608879,25.348379973378368,67.29077286875942
2026-01-02 18:55:00,D02,37.34003397666635,25.348379973378368,67.29077286875942
2026-01-02 18:55:00,D03,32.29747458313976,25.348379973378368,67.29077286875942
2026-01-02 18:55:00,D04,31.811505699543996,25.348379973378368,67.29077286875942
2026-01-02 18:55:00,D05,38.50587607936161,25.348379973378368,67.29077286875942
2026-01-02 19:00:00,D01,31.320719364915956,25.983661097658523,68.20401557901663
2026-01-02 19:00:00,D02,36.63811141010092,25.983661097658523,68.20401557901663
2026-01-02 19:00:00,D03,31.84213502060728,25.983661097658523,68.20401557901663
2026-01-02 19:00:00,D04,,25.983661097658523,68.20401557901663
2026-01-02 19:00:00,D05,38.54777749422455,25.983661097658523,68.20401557901663
2026-01-02 19:05:00,D01,29.15162234034789,25.141511674101995,67.4516859241234
2026-01-02 19:05:00,D02,32.95772957208612,25.141511674101995,67.4516859241234
2026-01-02 19:05:00,D03,29.32883340392535,25.141511674101995,67.4516859241234
2026-01-02 19:05:00,D04,28.63287112503611,25.141511674101995,67.4516859241234
2026-01-02 19:05:00,D05,35.77769941937426,25.141511674101995,67.4516859241234
2026-01-02 19:10:00,D01,32.136607467686034,25.287787595676093,70.09682988194508
2026-01-02 19:10:00,D02,34.18376125281564,25.287787595676093,70.09682988194508
2026-01-02 19:10:00,D03,30.94964514491643,25.287787595676093,70.09682988194508
2026-01-02 19:10:00,D04,30.95034925231081,25.287787595676093,70.09682988194508
2026-01-02 19:10:00,D05,36.1045664216363,25.287787595676093,70.09682988194508
2026-01-02 19:15:00,D01,31.840045323211314,25.245257716365238,69.47341832437903
2026-01-02 19:15:00,D02,37.81457723046925,25.245257716365238,69.47341832437903
2026-01-02 19:15:00,D03,32.392321024471435,25.245257716365238,69.47341832437903
2026-01-02 19:15:00,D04,33.618669297182834,25.245257716365238,69.47341832437903
2026-01-02 19:15:00,D05,38.13217404051685,25.245257716365238,69.47341832437903
2026-01-02 19:20:00,D01,27.482652217442343,25.77780764304401,69.72943795976515
2026-01-02 19:20:00,D02,32.15963347828326,25.77780764304401,69.72943795976515
2026-01-02 19:20:00,D03,28.453069471091325,25.77780764304401,69.72943795976515
2026-01-02 19:20:00,D04,27.95410919371735,25.77780764304401,69.72943795976515
2026-01-02 19:20:00,D05,34.39688942085554,25.77780764304401,69.72943795976515
2026-01-02 19:25:00,D01,33.05550511713819,25.6470370305527,67.1751452977814
2026-01-02 19:25:00,D02,37.49473229519333,25.6470370305527,67.1751452977814
2026-01-02 19:25:00,D03,31.101595773928775,25.6470370305527,67.1751452977814
2026-01-02 19:25:00,D04,31.34587539251917,25.6470370305527,67.1751452977814
2026-01-02 19:25:00,D05,37.41512646603401,25.6470370305527,67.1751452977814
2026-01-02 19:30:00,D01,29.30295399306537,24.463724149951357,68.70775168704235
2026-01-02 19:30:00,D02,36.481147126613145,24.463724149951357,68.70775168704235
2026-01-02 19:30:00,D03,28.580214577043925,24.463724149951357,68.70775168704235
2026-01-02 19:30:00,D04,30.048819897243774,24.463724149951357,68.70775168704235
2026-01-02 19:30:00,D05,35.504139064270866,24.463724149951357,68.70775168704235
2026-01-02 19:35:00,D01,30.667190263485683,25.01373360620624,68.57676797550631
2026-01-02 19:35:00,D02,35.03771866319075,25.01373360620624,68.57676797550631
2026-01-02 19:35:00,D03,30.80216094680499,25.01373360620624,68.57676797550631
2026-01-02 19:35:00,D04,32.738330849377746,25.01373360620624,68.57676797550631
2026-01-02 19:35:00,D05,37.95754941239388,25.01373360620624,68.57676797550631
2026-01-02 19:40:00,D01,31.55341087113338,24.53211876392192,67.71778055387279
2026-01-02 19:40:00,D02,33.91179556367737,24.53211876392192,67.71778055387279
2026-01-02 19:40:00,D03,29.593318380168725,24.53211876392192,67.71778055387279
2026-01-02 19:40:00,D04,31.45536969528988,24.53211876392192,67.71778055387279
2026-01-02 19:40:00,D05,35.1735268191399,24.53211876392192,67.71778055387279
2026-01-02 19:45:00,D01,26.951743919006937,24.15930409356733,69.96313317810865
2026-01-02 19:45:00,D02,32.42305088417608,24.15930409356733,69.96313317810865
2026-01-02 19:45:00,D03,25.56777614212495,24.15930409356733,69.96313317810865
2026-01-02 19:45:00,D04,27.26437513712219,24.15930409356733,69.96313317810865
2026-01-02 19:45:00,D05,33.80500730066388,24.15930409356733,69.96313317810865
2026-01-02 19:50:00,D01,28.033562843389,24.582748408612645,68.81101749568062
2026-01-02 19:50:00,D02,34.55047663905468,24.582748408612645,68.81101749568062
2026-01-02 19:50:00,D03,28.336960888511133,24.582748408612645,68.81101749568062
2026-01-02 19:50:00,D04,27.791891739454744,24.582748408612645,68.81101749568062
2026-01-02 19:50:00,D05,33.91502928664003,24.582748408612645,68.81101749568062
2026-01-02 19:55:00,D01,32.48490900569881,24.44081476117515,70.79299343396923
2026-01-02 19:55:00,D02,34.92326854781043,24.44081476117515,70.79299343396923
2026-01-02 19:55:00,D03,31.21970924174713,24.44081476117515,70.79299343396923
2026-01-02 19:55:00,D04,32.64120163252989,24.44081476117515,70.79299343396923
2026-01-02 19:55:00,D05,37.468818141667725,24.44081476117515,70.79299343396923
2026-01-02 20:00:00,D01,31.25069706186738,25.71335824317276,68.39471265565851
2026-01-02 20:00:00,D02,39.03574678036107,25.71335824317276,68.39471265565851
2026-01-02 20:00:00,D03,32.99383066541964,25.71335824317276,68.39471265565851
2026-01-02 20:00:00,D04,29.86067028933204,25.71335824317276,68.39471265565851
2026-01-02 20:00:00,D05,38.6785228030669,25.71335824317276,68.39471265565851
2026-01-02 20:05:00,D01,28.634380129839577,24.62261362187774,72.76629350086795
2026-01-02 20:05:00,D02,35.028724292022545,24.62261362187774,72.76629350086795
2026-01-02 20:05:00,D03,28.970330732596718,24.62261362187774,72.76629350086795
2026-01-02 20:05:00,D04,29.437610061388956,24.62261362187774,72.76629350086795
2026-01-02 20:05:00,D05,37.20361166880267,24.62261362187774,72.76629350086795
2026-01-02 20:10:00,D01,33.09700775620072,23.62469320788876,69.02849709558015
2026-01-02 20:10:00,D02,38.007815703399224,23.62469320788876,69.02849709558015
2026-01-02 20:10:00,D03,32.63995217400838,23.62469320788876,69.02849709558015
2026-01-02 20:10:00,D04,33.537603633109946,23.62469320788876,69.02849709558015
2026-01-02 20:10:00,D05,40.18353188125882,23.62469320788876,69.02849709558015
2026-01-02 20:15:00,D01,26.569187354524235,23.93976183281652,70.88465583599668
2026-01-02 20:15:00,D02,33.43467545323757,23.93976183281652,70.88465583599668
2026-01-02 20:15:00,D03,29.484467085729996,23.93976183281652,70.88465583599668
2026-01-02 20:15:00,D04,29.409476577392383,23.93976183281652,70.88465583599668
2026-01-02 20:15:00,D05,35.12676249813357,23.93976183281652,70.88465583599668
2026-01-02 20:20:00,D01,31.38841388294752,24.642809465959473,71.92355332909256
2026-01-02 20:20:00,D02,36.520453949967916,24.642809465959473,71.92355332909256
2026-01-02 20:20:00,D03,33.059455606593595,24.642809465959473,71.92355332909256
2026-01-02 20:20:00,D04,29.466968474559458,24.642809465959473,71.92355332909256
2026-01-02 20:20:00,D05,39.91619506918338,24.642809465959473,71.92355332909256
2026-01-02 20:25:00,D01,29.75856022211566,25.087673144617053,70.05713583833565
2026-01-02 20:25:00,D02,35.85196089771457,25.087673144617053,70.05713583833565
2026-01-02 20:25:00,D03,28.833369192048433,25.087673144617053,70.05713583833565
2026-01-02 20:25:00,D04,28.17525398636166,25.087673144617053,70.05713583833565
2026-01-02 20:25:00,D05,36.785432940740634,25.087673144617053,70.05713583833565
2026-01-02 20:30:00,D01,30.492842484658166,23.16320119883742,72.36631725523662
2026-01-02 20:30:00,D02,34.99452176635871,23.16320119883742,72.36631725523662
2026-01-02 20:30:00,D03,30.944575614070487,23.16320119883742,72.36631725523662
2026-01-02 20:30:00,D04,28.270104160149327,23.16320119883742,72.36631725523662
2026-01-02 20:30:00,D05,38.19260492285791,23.16320119883742,72.36631725523662
2026-01-02 20:35:00,D01,30.75250156851827,22.930420446510183,69.41545932513996
2026-01-02 20:35:00,D02,37.95154039061834,22.930420446510183,69.41545932513996
2026-01-02 20:35:00,D03,32.59037148938806,22.930420446510183,69.41545932513996
2026-01-02 20:35:00,D04,33.168891522229536,22.930420446510183,69.41545932513996
2026-01-02 20:35:00,D05,90.87593711119523,22.930420446510183,69.41545932513996
2026-01-02 20:40:00,D01,32.21290679444632,24.721544539253195,73.60605264563922
2026-01-02 20:40:00,D02,35.55464642811846,24.721544539253195,73.60605264563922
2026-01-02 20:40:00,D03,30.992382243863457,24.721544539253195,73.60605264563922
2026-01-02 20:40:00,D04,,24.721544539253195,73.60605264563922
2026-01-02 20:40:00,D05,36.88223793910992,24.721544539253195,73.60605264563922
2026-01-02 20:45:00,D01,31.816028990699753,23.898078013185106,71.61468204844932
2026-01-02 20:45:00,D02,36.28038220213226,23.898078013185106,71.61468204844932
2026-01-02 20:45:00,D03,31.449915177434956,23.898078013185106,71.61468204844932
2026-01-02 20:45:00,D04,33.131504658908156,23.898078013185106,71.61468204844932
2026-01-02 20:45:00,D05,38.751052517716005,23.898078013185106,71.61468204844932
2026-01-02 20:50:00,D01,36.07096436808938,23.187902595983516,70.86128496420328
2026-01-02 20:50:00,D02,42.56573779821997,23.187902595983516,70.86128496420328
2026-01-02 20:50:00,D03,35.921195648451274,23.187902595983516,70.86128496420328
2026-01-02 20:50:00,D04,34.66897968997183,23.187902595983516,70.86128496420328
2026-01-02 20:50:00,D05,42.22096609880725,23.187902595983516,70.86128496420328
2026-01-02 20:55:00,D01,31.3625403901757,23.809749264149872,71.46635789918155
2026-01-02 20:55:00,D02,37.3915033056307,23.809749264149872,71.46635789918155
2026-01-02 20:55:00,D03,29.7328731567346,23.809749264149872,71.46635789918155
2026-01-02 20:55:00,D04,33.86356069300032,23.809749264149872,71.46635789918155
2026-01-02 20:55:00,D05,38.48436488960468,23.809749264149872,71.46635789918155
2026-01-02 21:00:00,D01,33.72030443057404,22.146592224558823,73.28444671595456
2026-01-02 21:00:00,D02,40.573383445759696,22.146592224558823,73.28444671595456
2026-01-02 21:00:00,D03,34.17918617746372,22.146592224558823,73.28444671595456
2026-01-02 21:00:00,D04,33.65728606667176,22.146592224558823,73.28444671595456
2026-01-02 21:00:00,D05,40.66690972009384,22.146592224558823,73.28444671595456
2026-01-02 21:05:00,D01,31.09463665311723,23.389867942999803,71.3469566828219
2026-01-02 21:05:00,D02,37.33295956067714,23.389867942999803,71.3469566828219
2026-01-02 21:05:00,D03,31.273386465635017,23.389867942999803,71.3469566828219
2026-01-02 21:05:00,D04,30.458316596750393,23.389867942999803,71.3469566828219
2026-01-02 21:05:00,D05,36.254015898141425,23.389867942999803,71.3469566828219
2026-01-02 21:10:00,D01,34.08791915334574,23.477523902370926,71.24873683396707
2026-01-02 21:10:00,D02,38.26200893981447,23.477523902370926,71.24873683396707
2026-01-02 21:10:00,D03,34.760931091623306,23.477523902370926,71.24873683396707
2026-01-02 21:10:00,D04,34.716536725370425,23.477523902370926,71.24873683396707
2026-01-02 21:10:00,D05,39.44674513492813,23.477523902370926,71.24873683396707
2026-01-02 21:15:00,D01,35.111917632323745,23.70293603237403,72.18609317841417
2026-01-02 21:15:00,D02,43.43154916320884,23.70293603237403,72.18609317841417
2026-01-02 21:15:00,D03,37.64243812092987,23.70293603237403,72.18609317841417
2026-01-02 21:15:00,D04,35.57692530060722,23.70293603237403,72.18609317841417
2026-01-02 21:15:00,D05,43.069198942977145,23.70293603237403,72.18609317841417
2026-01-02 21:20:00,D01,30.098619161667525,22.66282980825884,70.89500126203482
2026-01-02 21:20:00,D02,31.51938144646932,22.66282980825884,70.89500126203482
2026-01-02 21:20:00,D03,29.827060296081317,22.66282980825884,70.89500126203482
2026-01-02 21:20:00,D04,,22.66282980825884,70.89500126203482
2026-01-02 21:20:00,D05,36.19417692494736,22.66282980825884,70.89500126203482
2026-01-02 21:25:00,D01,31.524704544324457,23.14342116523727,75.52966069284153
2026-01-02 21:25:00,D02,36.78763763757696,23.14342116523727,75.52966069284153
2026-01-02 21:25:00,D03,31.861433141911228,23.14342116523727,75.52966069284153
2026-01-02 21:25:00,D04,32.036322084265905,23.14342116523727,75.52966069284153
2026-01-02 21:25:00,D05,36.60570018254429,23.14342116523727,75.52966069284153
2026-01-02 21:30:00,D01,33.2262635794783,22.570520985514033,72.08394151609026
2026-01-02 21:30:00,D02,40.02685312980465,22.570520985514033,72.08394151609026
2026-01-02 21:30:00,D03,36.36640120780447,22.570520985514033,72.08394151609026
2026-01-02 21:30:00,D04,34.897607692712185,22.570520985514033,72.08394151609026
2026-01-02 21:30:00,D05,41.23324996802182,22.570520985514033,72.08394151609026
2026-01-02 21:35:00,D01,35.00897879823551,23.095468856499743,74.31187122194544
2026-01-02 21:35:00,D02,39.69181650627102,23.095468856499743,74.31187122194544
2026-01-02 21:35:00,D03,32.96677100050072,23.095468856499743,74.31187122194544
2026-01-02 21:35:00,D04,33.55552982636736,23.095468856499743,74.31187122194544
2026-01-02 21:35:00,D05,39.696784875613204,23.095468856499743,74.31187122194544
2026-01-02 21:40:00,D01,34.50222936741953,22.456566617373525,73.50572556836158
2026-01-02 21:40:00,D02,40.66445160470863,22.456566617373525,73.50572556836158
2026-01-02 21:40:00,D03,35.93741476602399,22.456566617373525,73.50572556836158
2026-01-02 21:40:00,D04,35.71192741320615,22.456566617373525,73.50572556836158
2026-01-02 21:40:00,D05,42.18480087469137,22.456566617373525,73.50572556836158
2026-01-02 21:45:00,D01,32.6285034037567,22.638601518907162,71.83789504730251
2026-01-02 21:45:00,D02,38.51864406932158,22.638601518907162,71.83789504730251
2026-01-02 21:45:00,D03,35.04684977479332,22.638601518907162,71.83789504730251
2026-01-02 21:45:00,D04,32.89343691476036,22.638601518907162,71.83789504730251
2026-01-02 21:45:00,D05,39.38093335547973,22.638601518907162,71.83789504730251
2026-01-02 21:50:00,D01,33.03479590444758,22.28513507354046,73.42498239430977
2026-01-02 21:50:00,D02,40.24724321881013,22.28513507354046,73.42498239430977
2026-01-02 21:50:00,D03,36.015127598332526,22.28513507354046,73.42498239430977
2026-01-02 21:50:00,D04,33.680236629651134,22.28513507354046,73.42498239430977
2026-01-02 21:50:00,D05,40.3935506568333,22.28513507354046,73.42498239430977
2026-01-02 21:55:00,D01,36.2418544342076,23.051008767547096,74.72512287569559
2026-01-02 21:55:00,D02,38.991872554361,23.051008767547096,74.72512287569559
2026-01-02 21:55:00,D03,34.60668333113474,23.051008767547096,74.72512287569559
2026-01-02 21:55:00,D04,34.568081943844994,23.051008767547096,74.72512287569559
2026-01-02 21:55:00,D05,40.72815518711665,23.051008767547096,74.72512287569559
2026-01-02 22:00:00,D01,36.046083536109926,23.099098539406143,73.37786203521492
2026-01-02 22:00:00,D02,41.31723991742105,23.099098539406143,73.37786203521492
2026-01-02 22:00:00,D03,37.00378535154749,23.099098539406143,73.37786203521492
2026-01-02 22:00:00,D04,36.70164827676301,23.099098539406143,73.37786203521492
2026-01-02 22:00:00,D05,43.41850038882333,23.099098539406143,73.37786203521492
2026-01-02 22:05:00,D01,35.75740347811419,22.499055936483757,75.55693697585161
2026-01-02 22:05:00,D02,41.91429936664287,22.499055936483757,75.55693697585161
2026-01-02 22:05:00,D03,34.17036270114926,22.499055936483757,75.55693697585161
2026-01-02 22:05:00,D04,34.69974223281572,22.499055936483757,75.55693697585161
2026-01-02 22:05:00,D05,42.57298537493308,22.499055936483757,75.55693697585161
2026-01-02 22:10:00,D01,36.9703395143405,22.584064831588908,75.40238142095501
2026-01-02 22:10:00,D02,42.25018460954716,22.584064831588908,75.40238142095501
2026-01-02 22:10:00,D03,36.368258829714264,22.584064831588908,75.40238142095501
2026-01-02 22:10:00,D04,34.32673307868645,22.584064831588908,75.40238142095501
2026-01-02 22:10:00,D05,42.71637642822773,22.584064831588908,75.40238142095501
2026-01-02 22:15:00,D01,35.175076098568155,21.791340585019785,75.34709969731438
2026-01-02 22:15:00,D02,41.84653840424569,21.791340585019785,75.34709969731438
2026-01-02 22:15:00,D03,33.63814193759414,21.791340585019785,75.34709969731438
2026-01-02 22:15:00,D04,35.68449139265276,21.791340585019785,75.34709969731438
2026-01-02 22:15:00,D05,42.081696685738,21.791340585019785,75.34709969731438
2026-01-02 22:20:00,D01,34.73895062245583,22.318622740813357,73.373592711957
2026-01-02 22:20:00,D02,39.527198259469046,22.318622740813357,73.373592711957
2026-01-02 22:20:00,D03,34.00547027083409,22.318622740813357,73.373592711957
2026-01-02 22:20:00,D04,,22.318622740813357,73.373592711957
2026-01-02 22:20:00,D05,41.69061756290649,22.318622740813357,73.373592711957
2026-01-02 22:25:00,D01,33.40575086748597,22.398340295881894,72.53335111952224
2026-01-02 22:25:00,D02,41.328767916223185,22.398340295881894,72.53335111952224
2026-01-02 22:25:00,D03,33.91667092503671,22.398340295881894,72.53335111952224
2026-01-02 22:25:00,D04,36.51482964373831,22.398340295881894,72.53335111952224
2026-01-02 22:25:00,D05,43.03305418614953,22.398340295881894,72.53335111952224
2026-01-02 22:30:00,D01,36.1523451253384,23.690998882958553,73.31841391706868
2026-01-02 22:30:00,D02,42.21682477120249,23.690998882958553,73.31841391706868
2026-01-02 22:30:00,D03,36.50167762844903,23.690998882958553,73.31841391706868
2026-01-02 22:30:00,D04,36.96484501093771,23.690998882958553,73.31841391706868
2026-01-02 22:30:00,D05,43.43720567424732,23.690998882958553,73.31841391706868
2026-01-02 22:35:00,D01,35.721450993564986,21.783977140698926,74.61444010382807
2026-01-02 22:35:00,D02,42.27251273749014,21.783977140698926,74.61444010382807
2026-01-02 22:35:00,D03,35.50568124103548,21.783977140698926,74.61444010382807
2026-01-02 22:35:00,D04,36.612202401842154,21.783977140698926,74.61444010382807
2026-01-02 22:35:00,D05,43.08924044632849,21.783977140698926,74.61444010382807
2026-01-02 22:40:00,D01,36.37217421054914,23.033625515446676,75.21560627815761
2026-01-02 22:40:00,D02,43.73962371230113,23.033625515446676,75.21560627815761
2026-01-02 22:40:00,D03,37.43296286170184,23.033625515446676,75.21560627815761
2026-01-02 22:40:00,D04,36.215680465556964,23.033625515446676,75.21560627815761
2026-01-02 22:40:00,D05,44.425090017609165,23.033625515446676,75.21560627815761
2026-01-02 22:45:00,D01,41.139766404258026,22.76377873925738,71.21194418781037
2026-01-02 22:45:00,D02,46.71585455688322,22.76377873925738,71.21194418781037
2026-01-02 22:45:00,D03,40.3359003088453,22.76377873925738,71.21194418781037
2026-01-02 22:45:00,D04,39.02829455260995,22.76377873925738,71.21194418781037
2026-01-02 22:45:00,D05,47.60130674135561,22.76377873925738,71.21194418781037
2026-01-02 22:50:00,D01,39.41693482063579,22.371733448503935,74.52499970506464
2026-01-02 22:50:00,D02,43.97382502686682,22.371733448503935,74.52499970506464
2026-01-02 22:50:00,D03,39.80447511821583,22.371733448503935,74.52499970506464
2026-01-02 22:50:00,D04,37.98353552171025,22.371733448503935,74.52499970506464
2026-01-02 22:50:00,D05,46.39588013717647,22.371733448503935,74.52499970506464
2026-01-02 22:55:00,D01,37.5121656811545,23.079060970167923,74.83763238184406
2026-01-02 22:55:00,D02,43.098684303987476,23.079060970167923,74.83763238184406
2026-01-02 22:55:00,D03,36.341457537364434,23.079060970167923,74.83763238184406
2026-01-02 22:55:00,D04,36.343719133644136,23.079060970167923,74.83763238184406
2026-01-02 22:55:00,D05,42.73255061674271,23.079060970167923,74.83763238184406
2026-01-02 23:00:00,D01,38.58805803548998,22.35642360485809,74.24294187841735
2026-01-02 23:00:00,D02,46.059156804896695,22.35642360485809,74.24294187841735
2026-01-02 23:00:00,D03,39.02651496003714,22.35642360485809,74.24294187841735
2026-01-02 23:00:00,D04,40.17469307073347,22.35642360485809,74.24294187841735
2026-01-02 23:00:00,D05,48.051592695939625,22.35642360485809,74.24294187841735
2026-01-02 23:05:00,D01,39.00363638567412,22.33786924876766,76.65033145665643
2026-01-02 23:05:00,D02,41.73049037525911,22.33786924876766,76.65033145665643
2026-01-02 23:05:00,D03,37.0332825979386,22.33786924876766,76.65033145665643
2026-01-02 23:05:00,D04,38.087843933798084,22.33786924876766,76.65033145665643
2026-01-02 23:05:00,D05,43.04054367076738,22.33786924876766,76.65033145665643
2026-01-02 23:10:00,D01,34.5268341348174,22.091959637891563,75.39563018257563
2026-01-02 23:10:00,D02,38.049422121746616,22.091959637891563,75.39563018257563
2026-01-02 23:10:00,D03,35.72290762380708,22.091959637891563,75.39563018257563
2026-01-02 23:10:00,D04,34.08143516964425,22.091959637891563,75.39563018257563
2026-01-02 23:10:00,D05,39.44103935752248,22.091959637891563,75.39563018257563
2026-01-02 23:15:00,D01,36.03121000433485,22.707858039193162,76.77314066615365
2026-01-02 23:15:00,D02,41.37218282059756,22.707858039193162,76.77314066615365
2026-01-02 23:15:00,D03,36.36808472453903,22.707858039193162,76.77314066615365
2026-01-02 23:15:00,D04,38.290320916086,22.707858039193162,76.77314066615365
2026-01-02 23:15:00,D05,41.64892558986304,22.707858039193162,76.77314066615365
2026-01-02 23:20:00,D01,35.611470964355625,22.6241958518444,74.52413674959674
2026-01-02 23:20:00,D02,41.67506531821528,22.6241958518444,74.52413674959674
2026-01-02 23:20:00,D03,34.159078753905376,22.6241958518444,74.52413674959674
2026-01-02 23:20:00,D04,34.64175440491018,22.6241958518444,74.52413674959674
2026-01-02 23:20:00,D05,41.660171569748684,22.6241958518444,74.52413674959674
2026-01-02 23:25:00,D01,40.14114694201818,21.74535380391309,76.289831343438
2026-01-02 23:25:00,D02,44.569869008651985,21.74535380391309,76.289831343438
2026-01-02 23:25:00,D03,36.2482778138995,21.74535380391309,76.289831343438
2026-01-02 23:25:00,D04,37.876474620122195,21.74535380391309,76.289831343438
2026-01-02 23:25:00,D05,44.27112726697016,21.74535380391309,76.289831343438
2026-01-02 23:30:00,D01,37.29285473512172,21.383152095831566,77.36704820552939
2026-01-02 23:30:00,D02,43.27681560472141,21.383152095831566,77.36704820552939
2026-01-02 23:30:00,D03,38.512162515206526,21.383152095831566,77.36704820552939
2026-01-02 23:30:00,D04,39.06977747504983,21.383152095831566,77.36704820552939
2026-01-02 23:30:00,D05,45.98477491197691,21.383152095831566,77.36704820552939
2026-01-02 23:35:00,D01,42.03894323353955,21.928227990190575,76.90810355613218
2026-01-02 23:35:00,D02,46.76394225665703,21.928227990190575,76.90810355613218
2026-01-02 23:35:00,D03,42.49913400111902,21.928227990190575,76.90810355613218
2026-01-02 23:35:00,D04,42.643158361149986,21.928227990190575,76.90810355613218
2026-01-02 23:35:00,D05,124.92529426490938,21.928227990190575,76.90810355613218
2026-01-02 23:40:00,D01,37.40386566017841,21.61900722734245,73.32373459077436
2026-01-02 23:40:00,D02,46.734400524569935,21.61900722734245,73.32373459077436
2026-01-02 23:40:00,D03,39.39471642879617,21.61900722734245,73.32373459077436
2026-01-02 23:40:00,D04,40.14688582451843,21.61900722734245,73.32373459077436
2026-01-02 23:40:00,D05,47.366056147901745,21.61900722734245,73.32373459077436
2026-01-02 23:45:00,D01,39.10041918272886,21.978943096499304,74.59807511607247
2026-01-02 23:45:00,D02,43.45947665847437,21.978943096499304,74.59807511607247
2026-01-02 23:45:00,D03,37.242383011839834,21.978943096499304,74.59807511607247
2026-01-02 23:45:00,D04,37.67551565500593,21.978943096499304,74.59807511607247
2026-01-02 23:45:00,D05,46.201015535328374,21.978943096499304,74.59807511607247
2026-01-02 23:50:00,D01,41.58801153063876,22.623477959432783,74.47273515764388
2026-01-02 23:50:00,D02,47.42918308381965,22.623477959432783,74.47273515764388
2026-01-02 23:50:00,D03,40.372051899210184,22.623477959432783,74.47273515764388
2026-01-02 23:50:00,D04,42.07481003720964,22.623477959432783,74.47273515764388
2026-01-02 23:50:00,D05,47.88671860690782,22.623477959432783,74.47273515764388
2026-01-02 23:55:00,D01,35.32041841619584,21.77253903705706,75.73150207341358
2026-01-02 23:55:00,D02,40.45070534607895,21.77253903705706,75.73150207341358
2026-01-02 23:55:00,D03,36.81411899252636,21.77253903705706,75.73150207341358
2026-01-02 23:55:00,D04,37.86526584934108,21.77253903705706,75.73150207341358
2026-01-02 23:55:00,D05,43.11842931566857,21.77253903705706,75.73150207341358
2026-01-03 00:00:00,D01,39.81669554521881,21.97858830934421,76.0295303325218
2026-01-03 00:00:00,D02,47.80539562882814,21.97858830934421,76.0295303325218
2026-01-03 00:00:00,D03,41.90523011994758,21.97858830934421,76.0295303325218
2026-01-03 00:00:00,D04,39.58824513470951,21.97858830934421,76.0295303325218
2026-01-03 00:00:00,D05,48.19269089971976,21.97858830934421,76.0295303325218
2026-01-03 00:05:00,D01,39.71036472193123,22.030201232004654,73.73928125976049
2026-01-03 00:05:00,D02,46.71650158538366,22.030201232004654,73.73928125976049
2026-01-03 00:05:00,D03,40.87324006891495,22.030201232004654,73.73928125976049
2026-01-03 00:05:00,D04,41.71864072248237,22.030201232004654,73.73928125976049
2026-01-03 00:05:00,D05,49.010763816252634,22.030201232004654,73.73928125976049
2026-01-03 00:10:00,D01,37.852555065505435,22.428974333193356,75.09223998669398
2026-01-03 00:10:00,D02,44.35935561701413,22.428974333193356,75.09223998669398
2026-01-03 00:10:00,D03,38.15177816929309,22.428974333193356,75.09223998669398
2026-01-03 00:10:00,D04,36.10623054071438,22.428974333193356,75.09223998669398
2026-01-03 00:10:00,D05,45.53751929948242,22.428974333193356,75.09223998669398
2026-01-03 00:15:00,D01,44.39697386263062,20.88726071681468,71.94869823415183
2026-01-03 00:15:00,D02,48.87329629580295,20.88726071681468,71.94869823415183
2026-01-03 00:15:00,D03,41.762966593945116,20.88726071681468,71.94869823415183
2026-01-03 00:15:00,D04,43.69346068811893,20.88726071681468,71.94869823415183
2026-01-03 00:15:00,D05,51.23566119473519,20.88726071681468,71.94869823415183
2026-01-03 00:20:00,D01,40.95753178673197,21.715676362158625,77.1248644896203
2026-01-03 00:20:00,D02,47.55756891803964,21.715676362158625,77.1248644896203
2026-01-03 00:20:00,D03,42.952866524460354,21.715676362158625,77.1248644896203
2026-01-03 00:20:00,D04,42.29951080321428,21.715676362158625,77.1248644896203
2026-01-03 00:20:00,D05,47.956023201457114,21.715676362158625,77.1248644896203
2026-01-03 00:25:00,D01,40.69815284974119,22.13536015502814,74.17200202120814
2026-01-03 00:25:00,D02,44.05453371901925,22.13536015502814,74.17200202120814
2026-01-03 00:25:00,D03,40.503328768612285,22.13536015502814,74.17200202120814
2026-01-03 00:25:00,D04,38.75405955550729,22.13536015502814,74.17200202120814
2026-01-03 00:25:00,D05,48.59898594196097,22.13536015502814,74.17200202120814
2026-01-03 00:30:00,D01,41.00268134099302,22.64281517134438,74.99824452350485
2026-01-03 00:30:00,D02,46.144587239172616,22.64281517134438,74.99824452350485
2026-01-03 00:30:00,D03,43.52046715302961,22.64281517134438,74.99824452350485
2026-01-03 00:30:00,D04,41.258373511607815,22.64281517134438,74.99824452350485
2026-01-03 00:30:00,D05,48.892601328689764,22.64281517134438,74.99824452350485
2026-01-03 00:35:00,D01,46.519832641200466,21.812241223908096,74.41914053369551
2026-01-03 00:35:00,D02,51.62865413351855,21.812241223908096,74.41914053369551
2026-01-03 00:35:00,D03,44.347526230325414,21.812241223908096,74.41914053369551
2026-01-03 00:35:00,D04,43.98095504868429,21.812241223908096,74.41914053369551
2026-01-03 00:35:00,D05,54.06741069893825,21.812241223908096,74.41914053369551
2026-01-03 00:40:00,D01,41.706831989041625,21.13768488191802,76.5671188926422
2026-01-03 00:40:00,D02,48.143646404793465,21.13768488191802,76.5671188926422
2026-01-03 00:40:00,D03,42.77785138871117,21.13768488191802,76.5671188926422
2026-01-03 00:40:00,D04,43.67059386136959,21.13768488191802,76.5671188926422
2026-01-03 00:40:00,D05,50.29308176295013,21.13768488191802,76.5671188926422
2026-01-03 00:45:00,D01,41.684926442159025,22.405929320966916,70.55159314193624
2026-01-03 00:45:00,D02,47.128598177927444,22.405929320966916,70.55159314193624
2026-01-03 00:45:00,D03,42.43967032907744,22.405929320966916,70.55159314193624
2026-01-03 00:45:00,D04,41.60862780994596,22.405929320966916,70.55159314193624
2026-01-03 00:45:00,D05,49.53075711413621,22.405929320966916,70.55159314193624
2026-01-03 00:50:00,D01,40.485310699084394,21.80083876998752,74.73804455771047
2026-01-03 00:50:00,D02,45.97335810104006,21.80083876998752,74.73804455771047
2026-01-03 00:50:00,D03,42.09760341109137,21.80083876998752,74.73804455771047
2026-01-03 00:50:00,D04,41.111463138871315,21.80083876998752,74.73804455771047
2026-01-03 00:50:00,D05,48.46288255110646,21.80083876998752,74.73804455771047
2026-01-03 00:55:00,D01,40.28355860229914,21.54845632138851,74.55469256188606
2026-01-03 00:55:00,D02,47.06494554368682,21.54845632138851,74.55469256188606
2026-01-03 00:55:00,D03,41.59203798243,21.54845632138851,74.55469256188606
2026-01-03 00:55:00,D04,40.31051613163456,21.54845632138851,74.55469256188606
2026-01-03 00:55:00,D05,47.66102014135596,21.54845632138851,74.55469256188606
2026-01-03 01:00:00,D01,44.63129539980625,21.858198173698042,73.97880368150317
2026-01-03 01:00:00,D02,50.64794485241204,21.858198173698042,73.97880368150317
2026-01-03 01:00:00,D03,44.31464677358846,21.858198173698042,73.97880368150317
2026-01-03 01:00:00,D04,45.23731010595959,21.858198173698042,73.97880368150317
2026-01-03 01:00:00,D05,50.71973792945971,21.858198173698042,73.97880368150317
2026-01-03 01:05:00,D01,39.773959287296655,22.10748804924243,77.18983836231274
2026-01-03 01:05:00,D02,46.794535274258095,22.10748804924243,77.18983836231274
2026-01-03 01:05:00,D03,40.48529284939626,22.10748804924243,77.18983836231274
2026-01-03 01:05:00,D04,41.74634492689062,22.10748804924243,77.18983836231274
2026-01-03 01:05:00,D05,47.756032010376224,22.10748804924243,77.18983836231274
2026-01-03 01:10:00,D01,42.75307513791366,21.92904291398976,73.20617531919862
2026-01-03 01:10:00,D02,49.78647159513409,21.92904291398976,73.20617531919862
2026-01-03 01:10:00,D03,43.92988665166101,21.92904291398976,73.20617531919862
2026-01-03 01:10:00,D04,43.75701139418219,21.92904291398976,73.20617531919862
2026-01-03 01:10:00,D05,50.96690879634386,21.92904291398976,73.20617531919862
2026-01-03 01:15:00,D01,42.217607981502226,21.162566323974936,75.62699556080454
2026-01-03 01:15:00,D02,46.95088242656038,21.162566323974936,75.62699556080454
2026-01-03 01:15:00,D03,42.198925260096246,21.162566323974936,75.62699556080454
2026-01-03 01:15:00,D04,41.447023567624036,21.162566323974936,75.62699556080454
2026-01-03 01:15:00,D05,50.44728180307845,21.162566323974936,75.62699556080454
2026-01-03 01:20:00,D01,43.27912186021761,22.750069994514025,74.93130539091821
2026-01-03 01:20:00,D02,49.898156688754305,22.750069994514025,74.93130539091821
2026-01-03 01:20:00,D03,43.50537613122182,22.750069994514025,74.93130539091821
2026-01-03 01:20:00,D04,45.05939236068383,22.750069994514025,74.93130539091821
2026-01-03 01:20:00,D05,51.70863664754247,22.750069994514025,74.93130539091821
2026-01-03 01:25:00,D01,46.08836979508592,22.977398174225367,76.21235757163126
2026-01-03 01:25:00,D02,51.825438278599044,22.977398174225367,76.21235757163126
2026-01-03 01:25:00,D03,43.37155236195321,22.977398174225367,76.21235757163126
2026-01-03 01:25:00,D04,45.220141984358456,22.977398174225367,76.21235757163126
2026-01-03 01:25:00,D05,50.63891466720418,22.977398174225367,76.21235757163126
2026-01-03 01:30:00,D01,45.04841873210536,22.70636333311332,73.2380116979466
2026-01-03 01:30:00,D02,51.86601797982364,22.70636333311332,73.2380116979466
2026-01-03 01:30:00,D03,44.42474979585432,22.70636333311332,73.2380116979466
2026-01-03 01:30:00,D04,46.5536112469474,22.70636333311332,73.2380116979466
2026-01-03 01:30:00,D05,52.12539846922028,22.70636333311332,73.2380116979466
2026-01-03 01:35:00,D01,42.33799718724438,21.854599769190358,73.05366144250883
2026-01-03 01:35:00,D02,49.03945381149465,21.854599769190358,73.05366144250883
2026-01-03 01:35:00,D03,42.49714294131481,21.854599769190358,73.05366144250883
2026-01-03 01:35:00,D04,41.71837196924983,21.854599769190358,73.05366144250883
2026-01-03 01:35:00,D05,50.28345069768587,21.854599769190358,73.05366144250883
2026-01-03 01:40:00,D01,42.708124796997744,22.36771529784299,75.70718273158259
2026-01-03 01:40:00,D02,51.908012087130416,22.36771529784299,75.70718273158259
2026-01-03 01:40:00,D03,44.789124792894626,22.36771529784299,75.70718273158259
2026-01-03 01:40:00,D04,42.55668908108896,22.36771529784299,75.70718273158259
2026-01-03 01:40:00,D05,50.55337933045514,22.36771529784299,75.70718273158259
2026-01-03 01:45:00,D01,44.263839557763504,22.51237563472183,74.60670937782204
2026-01-03 01:45:00,D02,46.9915756174317,22.51237563472183,74.60670937782204
2026-01-03 01:45:00,D03,42.64318927033082,22.51237563472183,74.60670937782204
2026-01-03 01:45:00,D04,44.20248332747442,22.51237563472183,74.60670937782204
2026-01-03 01:45:00,D05,51.05852067548676,22.51237563472183,74.60670937782204
2026-01-03 01:50:00,D01,44.28180484079759,22.864343028889845,71.55270231176708
2026-01-03 01:50:00,D02,50.46081384980797,22.864343028889845,71.55270231176708
2026-01-03 01:50:00,D03,43.19913190627507,22.864343028889845,71.55270231176708
2026-01-03 01:50:00,D04,45.67284550919862,22.864343028889845,71.55270231176708
2026-01-03 01:50:00,D05,50.44596771366203,22.864343028889845,71.55270231176708
2026-01-03 01:55:00,D01,44.627896669039934,22.9505364658215,72.95831003538018
2026-01-03 01:55:00,D02,53.17388438437207,22.9505364658215,72.95831003538018
2026-01-03 01:55:00,D03,46.36934461346366,22.9505364658215,72.95831003538018
2026-01-03 01:55:00,D04,45.494511504937954,22.9505364658215,72.95831003538018
2026-01-03 01:55:00,D05,53.59362978147503,22.9505364658215,72.95831003538018
2026-01-03 02:00:00,D01,47.62020879215066,22.30278608168856,74.23982801861649
2026-01-03 02:00:00,D02,52.144454294385206,22.30278608168856,74.23982801861649
2026-01-03 02:00:00,D03,108.1926871732332,22.30278608168856,74.23982801861649
2026-01-03 02:00:00,D04,46.44270600094218,22.30278608168856,74.23982801861649
2026-01-03 02:00:00,D05,53.33752994374598,22.30278608168856,74.23982801861649
2026-01-03 02:05:00,D01,43.544100627538846,22.76643842484205,74.80576503904935
2026-01-03 02:05:00,D02,50.168293266010515,22.76643842484205,74.80576503904935
2026-01-03 02:05:00,D03,43.438752207582745,22.76643842484205,74.80576503904935
2026-01-03 02:05:00,D04,43.50081673978285,22.76643842484205,74.80576503904935
2026-01-03 02:05:00,D05,50.51647925418625,22.76643842484205,74.80576503904935
2026-01-03 02:10:00,D01,47.369461344791056,23.011682973243193,72.41506847833942
2026-01-03 02:10:00,D02,52.105374530687016,23.011682973243193,72.41506847833942
2026-01-03 02:10:00,D03,46.93257755095404,23.011682973243193,72.41506847833942
2026-01-03 02:10:00,D04,47.691211957659704,23.011682973243193,72.41506847833942
2026-01-03 02:10:00,D05,54.75333596261478,23.011682973243193,72.41506847833942
2026-01-03 02:15:00,D01,47.92250083905346,23.570563099560655,68.94331213830004
2026-01-03 02:15:00,D02,53.56535731476958,23.570563099560655,68.94331213830004
2026-01-03 02:15:00,D03,49.046108673394265,23.570563099560655,68.94331213830004
2026-01-03 02:15:00,D04,,23.570563099560655,68.94331213830004
2026-01-03 02:15:00,D05,56.2679504536547,23.570563099560655,68.94331213830004
2026-01-03 02:20:00,D01,45.813218183000885,23.2564930484674,73.97635522149548
2026-01-03 02:20:00,D02,52.94263780684916,23.2564930484674,73.97635522149548
2026-01-03 02:20:00,D03,44.98540579903836,23.2564930484674,73.97635522149548
2026-01-03 02:20:00,D04,46.79305300432153,23.2564930484674,73.97635522149548
2026-01-03 02:20:00,D05,54.478990673945134,23.2564930484674,73.97635522149548
2026-01-03 02:25:00,D01,50.00445420780656,23.362305322350345,71.23396500775887
2026-01-03 02:25:00,D02,56.47021756101888,23.362305322350345,71.23396500775887
2026-01-03 02:25:00,D03,48.8164903629373,23.362305322350345,71.23396500775887
2026-01-03 02:25:00,D04,48.63593661404497,23.362305322350345,71.23396500775887
2026-01-03 02:25:00,D05,56.61301245711964,23.362305322350345,71.23396500775887
2026-01-03 02:30:00,D01,43.99494866188447,23.075146612508505,69.90752520572873
2026-01-03 02:30:00,D02,51.67586074175529,23.075146612508505,69.90752520572873
2026-01-03 02:30:00,D03,42.90179023278552,23.075146612508505,69.90752520572873
2026-01-03 02:30:00,D04,44.51979441719157,23.075146612508505,69.90752520572873
2026-01-03 02:30:00,D05,52.15899390546764,23.075146612508505,69.90752520572873
2026-01-03 02:35:00,D01,45.58668094479285,23.80580715713734,68.55035594345262
2026-01-03 02:35:00,D02,51.36436779793888,23.80580715713734,68.55035594345262
2026-01-03 02:35:00,D03,43.51032859340848,23.80580715713734,68.55035594345262
2026-01-03 02:35:00,D04,42.88609504238888,23.80580715713734,68.55035594345262
2026-01-03 02:35:00,D05,50.92615649538522,23.80580715713734,68.55035594345262
2026-01-03 02:40:00,D01,41.60114449381372,23.374659182384857,73.88141572148639
2026-01-03 02:40:00,D02,48.837728494595936,23.374659182384857,73.88141572148639
2026-01-03 02:40:00,D03,44.081863102689255,23.374659182384857,73.88141572148639
2026-01-03 02:40:00,D04,42.22215188975377,23.374659182384857,73.88141572148639
2026-01-03 02:40:00,D05,48.982588049685575,23.374659182384857,73.88141572148639
2026-01-03 02:45:00,D01,51.121703546834,22.810257007518324,72.71132425039723
2026-01-03 02:45:00,D02,56.82382354155859,22.810257007518324,72.71132425039723
2026-01-03 02:45:00,D03,49.08009956432553,22.810257007518324,72.71132425039723
2026-01-03 02:45:00,D04,,22.810257007518324,72.71132425039723
2026-01-03 02:45:00,D05,57.370305472813826,22.810257007518324,72.71132425039723
2026-01-03 02:50:00,D01,47.95331454006692,24.015298301011974,72.03428879703286
2026-01-03 02:50:00,D02,53.776919116135176,24.015298301011974,72.03428879703286
2026-01-03 02:50:00,D03,47.55394945066907,24.015298301011974,72.03428879703286
2026-01-03 02:50:00,D04,47.44732971884591,24.015298301011974,72.03428879703286
2026-01-03 02:50:00,D05,56.89557621913707,24.015298301011974,72.03428879703286
2026-01-03 02:55:00,D01,47.10304695002288,23.73713182597074,74.3071761650417
2026-01-03 02:55:00,D02,53.770568656622295,23.73713182597074,74.3071761650417
2026-01-03 02:55:00,D03,47.67568564018591,23.73713182597074,74.3071761650417
2026-01-03 02:55:00,D04,45.70511165500109,23.73713182597074,74.3071761650417
2026-01-03 02:55:00,D05,55.928789831248615,23.73713182597074,74.3071761650417
2026-01-03 03:00:00,D01,48.46416283113455,23.242944083503023,73.02705483640008
2026-01-03 03:00:00,D02,53.91293554970221,23.242944083503023,73.02705483640008
2026-01-03 03:00:00,D03,48.69955462296042,23.242944083503023,73.02705483640008
2026-01-03 03:00:00,D04,49.08451436646014,23.242944083503023,73.02705483640008
2026-01-03 03:00:00,D05,55.54144154182419,23.242944083503023,73.02705483640008
2026-01-03 03:05:00,D01,44.34241223099636,23.30268823738903,74.33958062190557
2026-01-03 03:05:00,D02,51.50270667874029,23.30268823738903,74.33958062190557
2026-01-03 03:05:00,D03,44.88409045873201,23.30268823738903,74.33958062190557
2026-01-03 03:05:00,D04,43.888118749009394,23.30268823738903,74.33958062190557
2026-01-03 03:05:00,D05,52.83004584508202,23.30268823738903,74.33958062190557
2026-01-03 03:10:00,D01,53.12852571203352,23.77033673449208,69.66679886790611
2026-01-03 03:10:00,D02,58.78207800532715,23.77033673449208,69.66679886790611
2026-01-03 03:10:00,D03,52.94899218138478,23.77033673449208,69.66679886790611
2026-01-03 03:10:00,D04,49.95382058847972,23.77033673449208,69.66679886790611
2026-01-03 03:10:00,D05,57.262811861369826,23.77033673449208,69.66679886790611
2026-01-03 03:15:00,D01,45.06929658335905,23.93486332213345,71.54163221506974
2026-01-03 03:15:00,D02,52.27635379122529,23.93486332213345,71.54163221506974
2026-01-03 03:15:00,D03,46.69988589786227,23.93486332213345,71.54163221506974
2026-01-03 03:15:00,D04,48.34560523498998,23.93486332213345,71.54163221506974
2026-01-03 03:15:00,D05,58.13444123914506,23.93486332213345,71.54163221506974
2026-01-03 03:20:00,D01,47.159244487177624,23.884708084382904,69.00280603444337
2026-01-03 03:20:00,D02,52.86925608213432,23.884708084382904,69.00280603444337
2026-01-03 03:20:00,D03,49.25720835432498,23.884708084382904,69.00280603444337
2026-01-03 03:20:00,D04,47.589554110429205,23.884708084382904,69.00280603444337
2026-01-03 03:20:00,D05,56.95288237904887,23.884708084382904,69.00280603444337
2026-01-03 03:25:00,D01,48.32631527138513,24.026036975801148,70.91516122405739
2026-01-03 03:25:00,D02,55.476988997451905,24.026036975801148,70.91516122405739
2026-01-03 03:25:00,D03,51.399084372663246,24.026036975801148,70.91516122405739
2026-01-03 03:25:00,D04,49.221040473439835,24.026036975801148,70.91516122405739
2026-01-03 03:25:00,D05,57.66460084175748,24.026036975801148,70.91516122405739
2026-01-03 03:30:00,D01,47.642045854014015,24.806171542244584,70.71469050943719
2026-01-03 03:30:00,D02,53.34226782396544,24.806171542244584,70.71469050943719
2026-01-03 03:30:00,D03,49.416767657574496,24.806171542244584,70.71469050943719
2026-01-03 03:30:00,D04,49.053734869182705,24.806171542244584,70.71469050943719
2026-01-03 03:30:00,D05,56.63504321860195,24.806171542244584,70.71469050943719
2026-01-03 03:35:00,D01,48.29725925315414,24.579223334299527,71.85301693953043
2026-01-03 03:35:00,D02,55.48734578996635,24.579223334299527,71.85301693953043
2026-01-03 03:35:00,D03,46.42788246989029,24.579223334299527,71.85301693953043
2026-01-03 03:35:00,D04,,24.579223334299527,71.85301693953043
2026-01-03 03:35:00,D05,53.96126946428606,24.579223334299527,71.85301693953043
2026-01-03 03:40:00,D01,46.99632150018098,24.22743561387728,70.80411018522332
2026-01-03 03:40:00,D02,53.635973652133586,24.22743561387728,70.80411018522332
2026-01-03 03:40:00,D03,46.052341269601506,24.22743561387728,70.80411018522332
2026-01-03 03:40:00,D04,48.47436973190125,24.22743561387728,70.80411018522332
2026-01-03 03:40:00,D05,54.48518467344746,24.22743561387728,70.80411018522332
2026-01-03 03:45:00,D01,49.96029283579675,24.69280412528573,71.4908130376159
2026-01-03 03:45:00,D02,55.748575102334044,24.69280412528573,71.4908130376159
2026-01-03 03:45:00,D03,49.87045815896676,24.69280412528573,71.4908130376159
2026-01-03 03:45:00,D04,49.51107748638593,24.69280412528573,71.4908130376159
2026-01-03 03:45:00,D05,56.99411580890503,24.69280412528573,71.4908130376159
2026-01-03 03:50:00,D01,52.43884020827933,23.79724000650211,71.42815628317658
2026-01-03 03:50:00,D02,57.250526708792464,23.79724000650211,71.42815628317658
2026-01-03 03:50:00,D03,51.776480453912555,23.79724000650211,71.42815628317658
2026-01-03 03:50:00,D04,51.02223638937647,23.79724000650211,71.42815628317658
2026-01-03 03:50:00,D05,58.505827531558126,23.79724000650211,71.42815628317658
2026-01-03 03:55:00,D01,50.57426533414588,24.605097234170795,73.42012559767993
2026-01-03 03:55:00,D02,58.80372056669205,24.605097234170795,73.42012559767993
2026-01-03 03:55:00,D03,52.51215735328952,24.605097234170795,73.42012559767993
2026-01-03 03:55:00,D04,51.385922307457115,24.605097234170795,73.42012559767993
2026-01-03 03:55:00,D05,59.41764920565034,24.605097234170795,73.42012559767993
2026-01-03 04:00:00,D01,52.21564372894834,25.404653174866556,69.52705501707081
2026-01-03 04:00:00,D02,60.07738631793831,25.404653174866556,69.52705501707081
2026-01-03 04:00:00,D03,52.43478455555904,25.404653174866556,69.52705501707081
2026-01-03 04:00:00,D04,52.43580944149344,25.404653174866556,69.52705501707081
2026-01-03 04:00:00,D05,60.82517664480251,25.404653174866556,69.52705501707081
2026-01-03 04:05:00,D01,47.86912189906355,24.486033207706875,68.39835363819431
2026-01-03 04:05:00,D02,54.0953869770681,24.486033207706875,68.39835363819431
2026-01-03 04:05:00,D03,47.038360703446905,24.486033207706875,68.39835363819431
2026-01-03 04:05:00,D04,48.748471847681586,24.486033207706875,68.39835363819431
2026-01-03 04:05:00,D05,55.83974083044765,24.486033207706875,68.39835363819431
2026-01-03 04:10:00,D01,47.82695485920107,24.267439969515287,69.98661155532497
2026-01-03 04:10:00,D02,53.614833573438375,24.267439969515287,69.98661155532497
2026-01-03 04:10:00,D03,46.9231635020363,24.267439969515287,69.98661155532497
2026-01-03 04:10:00,D04,47.02819256661437,24.267439969515287,69.98661155532497
2026-01-03 04:10:00,D05,54.99493820602881,24.267439969515287,69.98661155532497
2026-01-03 04:15:00,D01,49.4940902780591,24.46251210460846,68.2194668614807
2026-01-03 04:15:00,D02,55.14221729195837,24.46251210460846,68.2194668614807
2026-01-03 04:15:00,D03,47.823320354488494,24.46251210460846,68.2194668614807
2026-01-03 04:15:00,D04,48.15661249499981,24.46251210460846,68.2194668614807
2026-01-03 04:15:00,D05,56.89780383440744,24.46251210460846,68.2194668614807
2026-01-03 04:20:00,D01,49.205004108864514,24.342092172625307,71.4491237700618
2026-01-03 04:20:00,D02,55.93814750429007,24.342092172625307,71.4491237700618
2026-01-03 04:20:00,D03,48.99194281653144,24.342092172625307,71.4491237700618
2026-01-03 04:20:00,D04,48.26773994098693,24.342092172625307,71.4491237700618
2026-01-03 04:20:00,D05,56.6433196767792,24.342092172625307,71.4491237700618
2026-01-03 04:25:00,D01,50.44424482197511,24.59388559664246,68.60263984016953
2026-01-03 04:25:00,D02,57.46511525017002,24.59388559664246,68.60263984016953
2026-01-03 04:25:00,D03,50.786904587703816,24.59388559664246,68.60263984016953
2026-01-03 04:25:00,D04,51.224943742600296,24.59388559664246,68.60263984016953
2026-01-03 04:25:00,D05,59.90380540587864,24.59388559664246,68.60263984016953
2026-01-03 04:30:00,D01,45.200915909851155,24.901328788879532,67.97846977183991
2026-01-03 04:30:00,D02,52.072403562812134,24.901328788879532,67.97846977183991
2026-01-03 04:30:00,D03,47.02862786591627,24.901328788879532,67.97846977183991
2026-01-03 04:30:00,D04,44.35286161778466,24.901328788879532,67.97846977183991
2026-01-03 04:30:00,D05,55.19403832263884,24.901328788879532,67.97846977183991
2026-01-03 04:35:00,D01,51.82938997211117,24.48502629899217,67.91740680111035
2026-01-03 04:35:00,D02,59.54792422753194,24.48502629899217,67.91740680111035
2026-01-03 04:35:00,D03,54.4951913885802,24.48502629899217,67.91740680111035
2026-01-03 04:35:00,D04,52.77356019232817,24.48502629899217,67.91740680111035
2026-01-03 04:35:00,D05,60.24922397441476,24.48502629899217,67.91740680111035
2026-01-03 04:40:00,D01,48.765644076784845,25.29770845034646,69.49782756846416
2026-01-03 04:40:00,D02,57.69948742619555,25.29770845034646,69.49782756846416
2026-01-03 04:40:00,D03,47.64972207746535,25.29770845034646,69.49782756846416
2026-01-03 04:40:00,D04,49.25822655617451,25.29770845034646,69.49782756846416
2026-01-03 04:40:00,D05,56.16672998930702,25.29770845034646,69.49782756846416
2026-01-03 04:45:00,D01,48.88358958264597,25.843941260377516,67.97777417818439
2026-01-03 04:45:00,D02,53.49834633256515,25.843941260377516,67.97777417818439
2026-01-03 04:45:00,D03,46.69232286884646,25.843941260377516,67.97777417818439
2026-01-03 04:45:00,D04,48.7878853821609,25.843941260377516,67.97777417818439
2026-01-03 04:45:00,D05,55.08360700740978,25.843941260377516,67.97777417818439
2026-01-03 04:50:00,D01,48.22813514708999,25.042592912405176,67.04455776484716
2026-01-03 04:50:00,D02,53.7019522427823,25.042592912405176,67.04455776484716
2026-01-03 04:50:00,D03,47.26778833511055,25.042592912405176,67.04455776484716
2026-01-03 04:50:00,D04,48.23058757477959,25.042592912405176,67.04455776484716
2026-01-03 04:50:00,D05,55.87991324652902,25.042592912405176,67.04455776484716
2026-01-03 04:55:00,D01,46.23966650711237,26.36049689166592,70.29631801674523
2026-01-03 04:55:00,D02,51.413054243431645,26.36049689166592,70.29631801674523
2026-01-03 04:55:00,D03,44.77236950129906,26.36049689166592,70.29631801674523
2026-01-03 04:55:00,D04,47.74175615886765,26.36049689166592,70.29631801674523
2026-01-03 04:55:00,D05,54.78341562394263,26.36049689166592,70.29631801674523
2026-01-03 05:00:00,D01,51.321724218714984,25.961300818751194,66.30393569003259
2026-01-03 05:00:00,D02,59.21027941623923,25.961300818751194,66.30393569003259
2026-01-03 05:00:00,D03,51.35181103448543,25.961300818751194,66.30393569003259
2026-01-03 05:00:00,D04,51.23516820376914,25.961300818751194,66.30393569003259
2026-01-03 05:00:00,D05,59.56036427991198,25.961300818751194,66.30393569003259
2026-01-03 05:05:00,D01,50.00336293750942,26.32686083118116,67.43020803431122
2026-01-03 05:05:00,D02,55.59489930835081,26.32686083118116,67.43020803431122
2026-01-03 05:05:00,D03,50.608992746315344,26.32686083118116,67.43020803431122
2026-01-03 05:05:00,D04,49.9369899082891,26.32686083118116,67.43020803431122
2026-01-03 05:05:00,D05,57.52766004936851,26.32686083118116,67.43020803431122
2026-01-03 05:10:00,D01,46.66713295858488,25.588884653383417,68.14285536679637
2026-01-03 05:10:00,D02,52.07234368140538,25.588884653383417,68.14285536679637
2026-01-03 05:10:00,D03,48.677180168984044,25.588884653383417,68.14285536679637
2026-01-03 05:10:00,D04,46.81337292374138,25.588884653383417,68.14285536679637
2026-01-03 05:10:00,D05,55.37579929728128,25.588884653383417,68.14285536679637
2026-01-03 05:15:00,D01,46.292303002262116,26.451811003452665,64.50390055453569
2026-01-03 05:15:00,D02,54.198314020540245,26.451811003452665,64.50390055453569
2026-01-03 05:15:00,D03,47.41908981862035,26.451811003452665,64.50390055453569
2026-01-03 05:15:00,D04,47.76920649975529,26.451811003452665,64.50390055453569
2026-01-03 05:15:00,D05,54.61012435110563,26.451811003452665,64.50390055453569
2026-01-03 05:20:00,D01,47.421070234231124,25.585792161467694,67.45687252877819
2026-01-03 05:20:00,D02,57.273176566384194,25.585792161467694,67.45687252877819
2026-01-03 05:20:00,D03,48.983352906692254,25.585792161467694,67.45687252877819
2026-01-03 05:20:00,D04,49.16889179746294,25.585792161467694,67.45687252877819
2026-01-03 05:20:00,D05,56.406168163515375,25.585792161467694,67.45687252877819
2026-01-03 05:25:00,D01,52.52650879717952,26.68450681946867,64.9385723486785
2026-01-03 05:25:00,D02,60.24753890222907,26.68450681946867,64.9385723486785
2026-01-03 05:25:00,D03,51.24327323868331,26.68450681946867,64.9385723486785
2026-01-03 05:25:00,D04,54.37671782297523,26.68450681946867,64.9385723486785
2026-01-03 05:25:00,D05,60.17821367979701,26.68450681946867,64.9385723486785
2026-01-03 05:30:00,D01,49.868411364278685,26.4332887087965,67.53943609345153
2026-01-03 05:30:00,D02,55.97227222501738,26.4332887087965,67.53943609345153
2026-01-03 05:30:00,D03,49.421451060196695,26.4332887087965,67.53943609345153
2026-01-03 05:30:00,D04,50.529312838542744,26.4332887087965,67.53943609345153
2026-01-03 05:30:00,D05,56.374638335699935,26.4332887087965,67.53943609345153
2026-01-03 05:35:00,D01,46.23136603794742,26.732291235732568,64.64469223064117
2026-01-03 05:35:00,D02,53.7255523938002,26.732291235732568,64.64469223064117
2026-01-03 05:35:00,D03,47.00556473653644,26.732291235732568,64.64469223064117
2026-01-03 05:35:00,D04,47.25035248272883,26.732291235732568,64.64469223064117
2026-01-03 05:35:00,D05,55.44238649142825,26.732291235732568,64.64469223064117
2026-01-03 05:40:00,D01,49.23265381531963,25.976423983449283,66.91071097524988
2026-01-03 05:40:00,D02,57.277361068920996,25.976423983449283,66.91071097524988
2026-01-03 05:40:00,D03,50.109417666958315,25.976423983449283,66.91071097524988
2026-01-03 05:40:00,D04,49.39084941338592,25.976423983449283,66.91071097524988
2026-01-03 05:40:00,D05,57.19126587008029,25.976423983449283,66.91071097524988
2026-01-03 05:45:00,D01,49.89957338030301,26.225449432710985,67.3127808917435
2026-01-03 05:45:00,D02,54.96092793453907,26.225449432710985,67.3127808917435
2026-01-03 05:45:00,D03,48.7246539913616,26.225449432710985,67.3127808917435
2026-01-03 05:45:00,D04,49.15989464541804,26.225449432710985,67.3127808917435
2026-01-03 05:45:00,D05,56.75423426304527,26.225449432710985,67.3127808917435
2026-01-03 05:50:00,D01,45.1173984263581,27.080517172300013,66.72834866210258
2026-01-03 05:50:00,D02,50.8967724958243,27.080517172300013,66.72834866210258
2026-01-03 05:50:00,D03,44.161656329699575,27.080517172300013,66.72834866210258
2026-01-03 05:50:00,D04,45.07707545405621,27.080517172300013,66.72834866210258
2026-01-03 05:50:00,D05,51.24968373891208,27.080517172300013,66.72834866210258
2026-01-03 05:55:00,D01,48.80949768559743,26.416751572715096,65.59512382270276
2026-01-03 05:55:00,D02,55.85817661754177,26.416751572715096,65.59512382270276
2026-01-03 05:55:00,D03,48.411028282459284,26.416751572715096,65.59512382270276
2026-01-03 05:55:00,D04,50.37205719682099,26.416751572715096,65.59512382270276
2026-01-03 05:55:00,D05,58.587387481567035,26.416751572715096,65.59512382270276
2026-01-03 06:00:00,D01,50.53519029603628,27.23160314604956,64.65304858560545
2026-01-03 06:00:00,D02,54.80202741889143,27.23160314604956,64.65304858560545
2026-01-03 06:00:00,D03,47.24683813269858,27.23160314604956,64.65304858560545
2026-01-03 06:00:00,D04,49.26449819973923,27.23160314604956,64.65304858560545
2026-01-03 06:00:00,D05,58.64757750103101,27.23160314604956,64.65304858560545
2026-01-03 06:05:00,D01,52.51738308978141,26.425505521942682,63.91722178515214
2026-01-03 06:05:00,D02,57.50334508592227,26.425505521942682,63.91722178515214
2026-01-03 06:05:00,D03,50.28153590962914,26.425505521942682,63.91722178515214
2026-01-03 06:05:00,D04,51.67847622615392,26.425505521942682,63.91722178515214
2026-01-03 06:05:00,D05,58.41800343778317,26.425505521942682,63.91722178515214
2026-01-03 06:10:00,D01,52.5585445484907,27.642184043160015,66.77035816257231
2026-01-03 06:10:00,D02,61.24772840491752,27.642184043160015,66.77035816257231
2026-01-03 06:10:00,D03,52.11806859145624,27.642184043160015,66.77035816257231
2026-01-03 06:10:00,D04,52.91417246355437,27.642184043160015,66.77035816257231
2026-01-03 06:10:00,D05,61.62825339500332,27.642184043160015,66.77035816257231
2026-01-03 06:15:00,D01,51.4078824218404,26.71075398876646,63.29672587744711
2026-01-03 06:15:00,D02,59.25985990141274,26.71075398876646,63.29672587744711
2026-01-03 06:15:00,D03,52.568431586902165,26.71075398876646,63.29672587744711
2026-01-03 06:15:00,D04,52.68264841102702,26.71075398876646,63.29672587744711
2026-01-03 06:15:00,D05,59.37608003145627,26.71075398876646,63.29672587744711
2026-01-03 06:20:00,D01,50.61526028295398,27.71192868257805,62.57284346216843
2026-01-03 06:20:00,D02,56.53994411976711,27.71192868257805,62.57284346216843
2026-01-03 06:20:00,D03,48.90603554314093,27.71192868257805,62.57284346216843
2026-01-03 06:20:00,D04,,27.71192868257805,62.57284346216843
2026-01-03 06:20:00,D05,57.3717138876082,27.71192868257805,62.57284346216843
2026-01-03 06:25:00,D01,47.580658043484554,27.85714984108282,64.90938465402961
2026-01-03 06:25:00,D02,54.35537675455694,27.85714984108282,64.90938465402961
2026-01-03 06:25:00,D03,47.189274434665066,27.85714984108282,64.90938465402961
2026-01-03 06:25:00,D04,48.49954721216328,27.85714984108282,64.90938465402961
2026-01-03 06:25:00,D05,56.43715561768367,27.85714984108282,64.90938465402961
2026-01-03 06:30:00,D01,52.84139027278597,27.304245051885474,62.500532873019736
2026-01-03 06:30:00,D02,62.075807139442844,27.304245051885474,62.500532873019736
2026-01-03 06:30:00,D03,54.07675517406261,27.304245051885474,62.500532873019736
2026-01-03 06:30:00,D04,54.74445388909837,27.304245051885474,62.500532873019736
2026-01-03 06:30:00,D05,64.79364976784113,27.304245051885474,62.500532873019736
2026-01-03 06:35:00,D01,48.602370467973905,28.051630214491947,62.05367089190164
2026-01-03 06:35:00,D02,55.70270232514756,28.051630214491947,62.05367089190164
2026-01-03 06:35:00,D03,46.76948654019416,28.051630214491947,62.05367089190164
2026-01-03 06:35:00,D04,51.67589623247463,28.051630214491947,62.05367089190164
2026-01-03 06:35:00,D05,57.68157081603652,28.051630214491947,62.05367089190164
2026-01-03 06:40:00,D01,49.62656648877549,27.99846202000143,61.09811183007605
2026-01-03 06:40:00,D02,56.07759248112248,27.99846202000143,61.09811183007605
2026-01-03 06:40:00,D03,51.38424686269552,27.99846202000143,61.09811183007605
2026-01-03 06:40:00,D04,49.91503410954837,27.99846202000143,61.09811183007605
2026-01-03 06:40:00,D05,58.714806615301946,27.99846202000143,61.09811183007605
2026-01-03 06:45:00,D01,48.59655997952769,27.70603068198427,62.32473202064794
2026-01-03 06:45:00,D02,56.472698678195364,27.70603068198427,62.32473202064794
2026-01-03 06:45:00,D03,48.759332107035505,27.70603068198427,62.32473202064794
2026-01-03 06:45:00,D04,49.99756752171218,27.70603068198427,62.32473202064794
2026-01-03 06:45:00,D05,58.63529630811101,27.70603068198427,62.32473202064794
2026-01-03 06:50:00,D01,49.7457058220986,27.57792072765241,62.711531324774235
2026-01-03 06:50:00,D02,56.96766282134398,27.57792072765241,62.711531324774235
2026-01-03 06:50:00,D03,49.74670952288513,27.57792072765241,62.711531324774235
2026-01-03 06:50:00,D04,48.76046768761217,27.57792072765241,62.711531324774235
2026-01-03 06:50:00,D05,58.17177085637127,27.57792072765241,62.711531324774235
2026-01-03 06:55:00,D01,49.45709608796831,27.207116615794575,62.98777866822932
2026-01-03 06:55:00,D02,56.285830657246315,27.207116615794575,62.98777866822932
2026-01-03 06:55:00,D03,47.969807708995425,27.207116615794575,62.98777866822932
2026-01-03 06:55:00,D04,50.83124302146141,27.207116615794575,62.98777866822932
2026-01-03 06:55:00,D05,58.76097832690794,27.207116615794575,62.98777866822932
2026-01-03 07:00:00,D01,49.97418885316494,28.46892024916245,63.83876891542402
2026-01-03 07:00:00,D02,54.92446745346619,28.46892024916245,63.83876891542402
2026-01-03 07:00:00,D03,49.483864592570846,28.46892024916245,63.83876891542402
2026-01-03 07:00:00,D04,48.47399955350259,28.46892024916245,63.83876891542402
2026-01-03 07:00:00,D05,56.37280559231978,28.46892024916245,63.83876891542402
2026-01-03 07:05:00,D01,48.21632674515072,27.61674368447393,62.992056745188776
2026-01-03 07:05:00,D02,54.690151304913186,27.61674368447393,62.992056745188776
2026-01-03 07:05:00,D03,48.650209598415834,27.61674368447393,62.992056745188776
2026-01-03 07:05:00,D04,50.24628525791657,27.61674368447393,62.992056745188776
2026-01-03 07:05:00,D05,57.14317475869403,27.61674368447393,62.992056745188776
2026-01-03 07:10:00,D01,50.54420476662303,28.551201097242018,61.7066336756275
2026-01-03 07:10:00,D02,59.20015385307224,28.551201097242018,61.7066336756275
2026-01-03 07:10:00,D03,48.645297681784406,28.551201097242018,61.7066336756275
2026-01-03 07:10:00,D04,49.51990665513449,28.551201097242018,61.7066336756275
2026-01-03 07:10:00,D05,57.11143993745735,28.551201097242018,61.7066336756275
2026-01-03 07:15:00,D01,49.81121191472031,28.475473218474683,61.48831183239881
2026-01-03 07:15:00,D02,55.869884186906255,28.475473218474683,61.48831183239881
2026-01-03 07:15:00,D03,47.990222141339515,28.475473218474683,61.48831183239881
2026-01-03 07:15:00,D04,48.168324834414726,28.475473218474683,61.48831183239881
2026-01-03 07:15:00,D05,57.1397725556618,28.475473218474683,61.48831183239881
2026-01-03 07:20:00,D01,49.40554431185683,29.049672104347437,62.345034770116094
2026-01-03 07:20:00,D02,54.974952838060354,29.049672104347437,62.345034770116094
2026-01-03 07:20:00,D03,49.64941456462962,29.049672104347437,62.345034770116094
2026-01-03 07:20:00,D04,47.45976098623041,29.049672104347437,62.345034770116094
2026-01-03 07:20:00,D05,56.64065868192512,29.049672104347437,62.345034770116094
2026-01-03 07:25:00,D01,49.817693741597346,28.661167441673577,63.284474861555836
2026-01-03 07:25:00,D02,55.90022692792101,28.661167441673577,63.284474861555836
2026-01-03 07:25:00,D03,49.4599697163305,28.661167441673577,63.284474861555836
2026-01-03 07:25:00,D04,50.175121943311304,28.661167441673577,63.284474861555836
2026-01-03 07:25:00,D05,58.97092071494491,28.661167441673577,63.284474861555836
2026-01-03 07:30:00,D01,46.76555174243219,28.748693268651905,61.3626369755739
2026-01-03 07:30:00,D02,54.88804389955557,28.748693268651905,61.3626369755739
2026-01-03 07:30:00,D03,48.54710735265525,28.748693268651905,61.3626369755739
2026-01-03 07:30:00,D04,49.24959766365262,28.748693268651905,61.3626369755739
2026-01-03 07:30:00,D05,58.827442157939345,28.748693268651905,61.3626369755739
2026-01-03 07:35:00,D01,52.62192563376372,29.379668801437834,60.268836820097015
2026-01-03 07:35:00,D02,58.65064756917385,29.379668801437834,60.268836820097015
2026-01-03 07:35:00,D03,51.219719282220595,29.379668801437834,60.268836820097015
2026-01-03 07:35:00,D04,50.82706613954135,29.379668801437834,60.268836820097015
2026-01-03 07:35:00,D05,61.352360777065655,29.379668801437834,60.268836820097015
2026-01-03 07:40:00,D01,44.809538141394015,29.280620323245557,59.284518380964684
2026-01-03 07:40:00,D02,50.68424005002076,29.280620323245557,59.284518380964684
2026-01-03 07:40:00,D03,41.86655710310817,29.280620323245557,59.284518380964684
2026-01-03 07:40:00,D04,43.192247843957205,29.280620323245557,59.284518380964684
2026-01-03 07:40:00,D05,52.71963957585862,29.280620323245557,59.284518380964684
2026-01-03 07:45:00,D01,51.07067401373639,29.369521429686394,58.40930520119166
2026-01-03 07:45:00,D02,55.911504086274974,29.369521429686394,58.40930520119166
2026-01-03 07:45:00,D03,50.99170244559246,29.369521429686394,58.40930520119166
2026-01-03 07:45:00,D04,,29.369521429686394,58.40930520119166
2026-01-03 07:45:00,D05,59.061307565010374,29.369521429686394,58.40930520119166
2026-01-03 07:50:00,D01,53.10686258685273,29.54337686107943,61.381918375714946
2026-01-03 07:50:00,D02,56.44301319088171,29.54337686107943,61.381918375714946
2026-01-03 07:50:00,D03,51.687763829102096,29.54337686107943,61.381918375714946
2026-01-03 07:50:00,D04,50.7178029465621,29.54337686107943,61.381918375714946
2026-01-03 07:50:00,D05,57.40926758970699,29.54337686107943,61.381918375714946
2026-01-03 07:55:00,D01,45.480320653726245,28.637157782993384,61.057080096265466
2026-01-03 07:55:00,D02,50.64365433111139,28.637157782993384,61.057080096265466
2026-01-03 07:55:00,D03,45.720071556586454,28.637157782993384,61.057080096265466
2026-01-03 07:55:00,D04,43.80345016127599,28.637157782993384,61.057080096265466
2026-01-03 07:55:00,D05,54.243852214958075,28.637157782993384,61.057080096265466
2026-01-03 08:00:00,D01,48.54315222683647,29.878394339993488,60.86604528766
2026-01-03 08:00:00,D02,54.85199347256647,29.878394339993488,60.86604528766
2026-01-03 08:00:00,D03,45.726382315184026,29.878394339993488,60.86604528766
2026-01-03 08:00:00,D04,48.17112269991908,29.878394339993488,60.86604528766
2026-01-03 08:00:00,D05,58.168531472132926,29.878394339993488,60.86604528766
2026-01-03 08:05:00,D01,48.892617685943726,29.900100687809406,59.619278248866706
2026-01-03 08:05:00,D02,54.24686457200291,29.900100687809406,59.619278248866706
2026-01-03 08:05:00,D03,46.681140647714855,29.900100687809406,59.619278248866706
2026-01-03 08:05:00,D04,47.89338197745448,29.900100687809406,59.619278248866706
2026-01-03 08:05:00,D05,56.46909431392122,29.900100687809406,59.619278248866706
2026-01-03 08:10:00,D01,45.9522609199541,29.178156477445867,61.737406035369396
2026-01-03 08:10:00,D02,53.786838597522234,29.178156477445867,61.737406035369396
2026-01-03 08:10:00,D03,45.03814997813677,29.178156477445867,61.737406035369396
2026-01-03 08:10:00,D04,45.154903783962055,29.178156477445867,61.737406035369396
2026-01-03 08:10:00,D05,52.975066055606824,29.178156477445867,61.737406035369396
2026-01-03 08:15:00,D01,44.266252248448346,29.655810928260912,58.71811992792674
2026-01-03 08:15:00,D02,51.97641782189011,29.655810928260912,58.71811992792674
2026-01-03 08:15:00,D03,46.755581899270496,29.655810928260912,58.71811992792674
2026-01-03 08:15:00,D04,48.526449080503184,29.655810928260912,58.71811992792674
2026-01-03 08:15:00,D05,56.511615321504834,29.655810928260912,58.71811992792674
2026-01-03 08:20:00,D01,45.47122980048789,29.848228537941417,60.697139492300344
2026-01-03 08:20:00,D02,51.92870070170972,29.848228537941417,60.697139492300344
2026-01-03 08:20:00,D03,45.82533506042983,29.848228537941417,60.697139492300344
2026-01-03 08:20:00,D04,45.821358135639656,29.848228537941417,60.697139492300344
2026-01-03 08:20:00,D05,55.46254857088059,29.848228537941417,60.697139492300344
2026-01-03 08:25:00,D01,52.76615495676994,29.889299849617046,59.02878917387986
2026-01-03 08:25:00,D02,59.808681648180674,29.889299849617046,59.02878917387986
2026-01-03 08:25:00,D03,51.447298243834815,29.889299849617046,59.02878917387986
2026-01-03 08:25:00,D04,50.303992773261044,29.889299849617046,59.02878917387986
2026-01-03 08:25:00,D05,57.931170424350384,29.889299849617046,59.02878917387986
2026-01-03 08:30:00,D01,48.997298849108994,30.210737128327867,57.99985956289379
2026-01-03 08:30:00,D02,56.66553804986259,30.210737128327867,57.99985956289379
2026-01-03 08:30:00,D03,50.21298624777724,30.210737128327867,57.99985956289379
2026-01-03 08:30:00,D04,48.185978492234774,30.210737128327867,57.99985956289379
2026-01-03 08:30:00,D05,58.35721071423777,30.210737128327867,57.99985956289379
2026-01-03 08:35:00,D01,50.11848251568019,30.845300751835886,59.62956073913606
2026-01-03 08:35:00,D02,57.96625169801109,30.845300751835886,59.62956073913606
2026-01-03 08:35:00,D03,49.43866191013802,30.845300751835886,59.62956073913606
2026-01-03 08:35:00,D04,,30.845300751835886,59.62956073913606
2026-01-03 08:35:00,D05,59.00907456798679,30.845300751835886,59.62956073913606
2026-01-03 08:40:00,D01,48.058952245373185,30.75482141226911,59.1865780811606
2026-01-03 08:40:00,D02,57.90441515515117,30.75482141226911,59.1865780811606
2026-01-03 08:40:00,D03,50.03793000150995,30.75482141226911,59.1865780811606
2026-01-03 08:40:00,D04,48.006395811967266,30.75482141226911,59.1865780811606
2026-01-03 08:40:00,D05,55.93609434541592,30.75482141226911,59.1865780811606
2026-01-03 08:45:00,D01,47.0442171275571,29.64061947878464,58.9420009878997
2026-01-03 08:45:00,D02,51.32579532537162,29.64061947878464,58.9420009878997
2026-01-03 08:45:00,D03,45.69374697405481,29.64061947878464,58.9420009878997
2026-01-03 08:45:00,D04,45.29073609178348,29.64061947878464,58.9420009878997
2026-01-03 08:45:00,D05,52.63055822280666,29.64061947878464,58.9420009878997
2026-01-03 08:50:00,D01,48.00522529295973,30.688986033231327,58.3660155569277
2026-01-03 08:50:00,D02,52.99364926698045,30.688986033231327,58.3660155569277
2026-01-03 08:50:00,D03,46.00390057141363,30.688986033231327,58.3660155569277
2026-01-03 08:50:00,D04,45.44975530327359,30.688986033231327,58.3660155569277
2026-01-03 08:50:00,D05,55.87683213906704,30.688986033231327,58.3660155569277
2026-01-03 08:55:00,D01,47.31851984791266,31.12203193867905,58.02802981960206
2026-01-03 08:55:00,D02,54.70911816966594,31.12203193867905,58.02802981960206
2026-01-03 08:55:00,D03,127.82505968112022,31.12203193867905,58.02802981960206
2026-01-03 08:55:00,D04,48.10027717593669,31.12203193867905,58.02802981960206
2026-01-03 08:55:00,D05,56.746067854646554,31.12203193867905,58.02802981960206
2026-01-03 09:00:00,D01,44.77411019447069,30.728938166277338,61.51149017744018
2026-01-03 09:00:00,D02,49.4613010754544,30.728938166277338,61.51149017744018
2026-01-03 09:00:00,D03,46.183228229653366,30.728938166277338,61.51149017744018
2026-01-03 09:00:00,D04,44.97479910188022,30.728938166277338,61.51149017744018
2026-01-03 09:00:00,D05,52.16322182069182,30.728938166277338,61.51149017744018
2026-01-03 09:05:00,D01,47.66063337040343,31.15731002289176,59.552745347196705
2026-01-03 09:05:00,D02,54.82973805858025,31.15731002289176,59.552745347196705
2026-01-03 09:05:00,D03,49.27402277336129,31.15731002289176,59.552745347196705
2026-01-03 09:05:00,D04,46.9755855626967,31.15731002289176,59.552745347196705
2026-01-03 09:05:00,D05,56.17047690709296,31.15731002289176,59.552745347196705
2026-01-03 09:10:00,D01,46.890195918871704,31.692521906901,58.71146697437703
2026-01-03 09:10:00,D02,53.96524646970238,31.692521906901,58.71146697437703
2026-01-03 09:10:00,D03,43.256694509272535,31.692521906901,58.71146697437703
2026-01-03 09:10:00,D04,45.819549670866536,31.692521906901,58.71146697437703
2026-01-03 09:10:00,D05,53.585304385757155,31.692521906901,58.71146697437703
2026-01-03 09:15:00,D01,46.35349961314382,31.271053810448375,57.64930066251531
2026-01-03 09:15:00,D02,53.203264638507775,31.271053810448375,57.64930066251531
2026-01-03 09:15:00,D03,47.42276162861946,31.271053810448375,57.64930066251531
2026-01-03 09:15:00,D04,45.170226248462235,31.271053810448375,57.64930066251531
2026-01-03 09:15:00,D05,54.44280926772946,31.271053810448375,57.64930066251531
2026-01-03 09:20:00,D01,48.66150160488565,30.95487651341575,58.85029136970523
2026-01-03 09:20:00,D02,55.2976633217671,30.95487651341575,58.85029136970523
2026-01-03 09:20:00,D03,48.64455455574432,30.95487651341575,58.85029136970523
2026-01-03 09:20:00,D04,,30.95487651341575,58.85029136970523
2026-01-03 09:20:00,D05,57.13807998296316,30.95487651341575,58.85029136970523
2026-01-03 09:25:00,D01,47.47967979252057,31.421966652506782,57.97814733365836
2026-01-03 09:25:00,D02,53.610962041592536,31.421966652506782,57.97814733365836
2026-01-03 09:25:00,D03,49.15416998252562,31.421966652506782,57.97814733365836
2026-01-03 09:25:00,D04,46.772095225617015,31.421966652506782,57.97814733365836
2026-01-03 09:25:00,D05,113.96637274517025,31.421966652506782,57.97814733365836
2026-01-03 09:30:00,D01,48.30108816483751,31.039210618004617,57.10577372624871
2026-01-03 09:30:00,D02,51.55821995817541,31.039210618004617,57.10577372624871
2026-01-03 09:30:00,D03,46.60314655018258,31.039210618004617,57.10577372624871
2026-01-03 09:30:00,D04,44.74188166638463,31.039210618004617,57.10577372624871
2026-01-03 09:30:00,D05,53.25849272738094,31.039210618004617,57.10577372624871
2026-01-03 09:35:00,D01,47.20383232535359,31.04417454297989,56.480207469426304
2026-01-03 09:35:00,D02,56.35957255630761,31.04417454297989,56.480207469426304
2026-01-03 09:35:00,D03,49.81009876786161,31.04417454297989,56.480207469426304
2026-01-03 09:35:00,D04,49.10474407627263,31.04417454297989,56.480207469426304
2026-01-03 09:35:00,D05,56.4511733435325,31.04417454297989,56.480207469426304
2026-01-03 09:40:00,D01,41.86303435387417,30.920053103588096,56.687103550616044
2026-01-03 09:40:00,D02,49.94480691431034,30.920053103588096,56.687103550616044
2026-01-03 09:40:00,D03,44.45229255849107,30.920053103588096,56.687103550616044
2026-01-03 09:40:00,D04,42.85786061449653,30.920053103588096,56.687103550616044
2026-01-03 09:40:00,D05,52.66040482736568,30.920053103588096,56.687103550616044
2026-01-03 09:45:00,D01,46.39448334338311,31.939054740928782,51.92966527315746
2026-01-03 09:45:00,D02,53.960067493547754,31.939054740928782,51.92966527315746
2026-01-03 09:45:00,D03,48.13626674273008,31.939054740928782,51.92966527315746
2026-01-03 09:45:00,D04,47.238396822551245,31.939054740928782,51.92966527315746
2026-01-03 09:45:00,D05,56.338196257526846,31.939054740928782,51.92966527315746
2026-01-03 09:50:00,D01,44.991210333844734,30.80774289609343,56.8819868008176
2026-01-03 09:50:00,D02,53.61087074906517,30.80774289609343,56.8819868008176
2026-01-03 09:50:00,D03,48.55332234013944,30.80774289609343,56.8819868008176
2026-01-03 09:50:00,D04,46.97502558251981,30.80774289609343,56.8819868008176
2026-01-03 09:50:00,D05,55.54040029313944,30.80774289609343,56.8819868008176
2026-01-03 09:55:00,D01,43.07617743297125,32.040743215703785,55.718167173105
2026-01-03 09:55:00,D02,52.92861974652965,32.040743215703785,55.718167173105
2026-01-03 09:55:00,D03,44.78519444135545,32.040743215703785,55.718167173105
2026-01-03 09:55:00,D04,43.06753271134723,32.040743215703785,55.718167173105
2026-01-03 09:55:00,D05,54.45900155402318,32.040743215703785,55.718167173105
2026-01-03 10:00:00,D01,44.65095139028628,31.58005908079238,58.72875095957994
2026-01-03 10:00:00,D02,53.531866987764545,31.58005908079238,58.72875095957994
2026-01-03 10:00:00,D03,44.08003550040612,31.58005908079238,58.72875095957994
2026-01-03 10:00:00,D04,45.146566529035404,31.58005908079238,58.72875095957994
2026-01-03 10:00:00,D05,56.104407461348,31.58005908079238,58.72875095957994
2026-01-03 10:05:00,D01,41.38547163099163,30.683980691136565,56.26174854914256
2026-01-03 10:05:00,D02,47.930516059676734,30.683980691136565,56.26174854914256
2026-01-03 10:05:00,D03,42.00019963640811,30.683980691136565,56.26174854914256
2026-01-03 10:05:00,D04,42.197598384678656,30.683980691136565,56.26174854914256
2026-01-03 10:05:00,D05,49.325289014264115,30.683980691136565,56.26174854914256
2026-01-03 10:10:00,D01,45.51092206881409,31.61887881238682,54.34644653891534
2026-01-03 10:10:00,D02,52.20602670622236,31.61887881238682,54.34644653891534
2026-01-03 10:10:00,D03,46.85548577014759,31.61887881238682,54.34644653891534
2026-01-03 10:10:00,D04,46.730952022886754,31.61887881238682,54.34644653891534
2026-01-03 10:10:00,D05,56.64460662424077,31.61887881238682,54.34644653891534
2026-01-03 10:15:00,D01,44.57130157974945,30.434350453837627,55.95645235348094
2026-01-03 10:15:00,D02,51.56995770791909,30.434350453837627,55.95645235348094
2026-01-03 10:15:00,D03,44.1279702136756,30.434350453837627,55.95645235348094
2026-01-03 10:15:00,D04,,30.434350453837627,55.95645235348094
2026-01-03 10:15:00,D05,54.024108253964854,30.434350453837627,55.95645235348094
2026-01-03 10:20:00,D01,42.6745475152836,31.844292943598766,54.367740502039744
2026-01-03 10:20:00,D02,50.06428974784833,31.844292943598766,54.367740502039744
2026-01-03 10:20:00,D03,41.93417461020951,31.844292943598766,54.367740502039744
2026-01-03 10:20:00,D04,44.22265090178973,31.844292943598766,54.367740502039744
2026-01-03 10:20:00,D05,50.69004820434792,31.844292943598766,54.367740502039744
2026-01-03 10:25:00,D01,45.945970775388666,32.01917313709173,56.55699633237423
2026-01-03 10:25:00,D02,52.6281299434786,32.01917313709173,56.55699633237423
2026-01-03 10:25:00,D03,44.494417725066164,32.01917313709173,56.55699633237423
2026-01-03 10:25:00,D04,46.23023132850879,32.01917313709173,56.55699633237423
2026-01-03 10:25:00,D05,55.28653550418817,32.01917313709173,56.55699633237423
2026-01-03 10:30:00,D01,43.31237971706632,31.323219684730404,56.19762572139637
2026-01-03 10:30:00,D02,50.40151676204373,31.323219684730404,56.19762572139637
2026-01-03 10:30:00,D03,41.67698427393056,31.323219684730404,56.19762572139637
2026-01-03 10:30:00,D04,42.86366147962957,31.323219684730404,56.19762572139637
2026-01-03 10:30:00,D05,51.76379830161923,31.323219684730404,56.19762572139637
2026-01-03 10:35:00,D01,40.041135265328485,31.721813194391785,57.11668075383441
2026-01-03 10:35:00,D02,47.97258466599535,31.721813194391785,57.11668075383441
2026-01-03 10:35:00,D03,41.615197346094064,31.721813194391785,57.11668075383441
2026-01-03 10:35:00,D04,40.21528433667466,31.721813194391785,57.11668075383441
2026-01-03 10:35:00,D05,48.43972605386835,31.721813194391785,57.11668075383441
2026-01-03 10:40:00,D01,40.04239718750418,32.67554182080468,54.41675110459907
2026-01-03 10:40:00,D02,47.34699352520753,32.67554182080468,54.41675110459907
2026-01-03 10:40:00,D03,41.88728285703187,32.67554182080468,54.41675110459907
2026-01-03 10:40:00,D04,40.76702283722643,32.67554182080468,54.41675110459907
2026-01-03 10:40:00,D05,48.98034895140103,32.67554182080468,54.41675110459907
2026-01-03 10:45:00,D01,44.79217454181582,31.48177729534456,55.581710849391165
2026-01-03 10:45:00,D02,52.203761806899784,31.48177729534456,55.581710849391165
2026-01-03 10:45:00,D03,45.3429821695006,31.48177729534456,55.581710849391165
2026-01-03 10:45:00,D04,46.36280416162656,31.48177729534456,55.581710849391165
2026-01-03 10:45:00,D05,53.32971141809111,31.48177729534456,55.581710849391165
2026-01-03 10:50:00,D01,38.504631489429954,31.239130960212833,53.41529779937778
2026-01-03 10:50:00,D02,47.0785344638411,31.239130960212833,53.41529779937778
2026-01-03 10:50:00,D03,41.50362657716431,31.239130960212833,53.41529779937778
2026-01-03 10:50:00,D04,,31.239130960212833,53.41529779937778
2026-01-03 10:50:00,D05,48.12557352601728,31.239130960212833,53.41529779937778
2026-01-03 10:55:00,D01,43.92297299532809,32.541080973160945,56.45174362902778
2026-01-03 10:55:00,D02,54.893767216798366,32.541080973160945,56.45174362902778
2026-01-03 10:55:00,D03,46.227062931115114,32.541080973160945,56.45174362902778
2026-01-03 10:55:00,D04,47.410893978948245,32.541080973160945,56.45174362902778
2026-01-03 10:55:00,D05,54.740674024545896,32.541080973160945,56.45174362902778
2026-01-03 11:00:00,D01,38.77044896405547,32.810922726710736,56.1190485077695
2026-01-03 11:00:00,D02,44.66357929738454,32.810922726710736,56.1190485077695
2026-01-03 11:00:00,D03,36.68224917755178,32.810922726710736,56.1190485077695
2026-01-03 11:00:00,D04,38.1327821532513,32.810922726710736,56.1190485077695
2026-01-03 11:00:00,D05,48.60962821144619,32.810922726710736,56.1190485077695
2026-01-03 11:05:00,D01,46.261785940408714,31.85855818499023,56.030286833408745
2026-01-03 11:05:00,D02,53.46392156985636,31.85855818499023,56.030286833408745
2026-01-03 11:05:00,D03,45.31455107895911,31.85855818499023,56.030286833408745
2026-01-03 11:05:00,D04,46.69401766387321,31.85855818499023,56.030286833408745
2026-01-03 11:05:00,D05,56.24962180756866,31.85855818499023,56.030286833408745
2026-01-03 11:10:00,D01,44.65065120863869,32.38721155330384,55.239468475836084
2026-01-03 11:10:00,D02,51.067410314431235,32.38721155330384,55.239468475836084
2026-01-03 11:10:00,D03,42.3276666619139,32.38721155330384,55.239468475836084
2026-01-03 11:10:00,D04,43.5979996976262,32.38721155330384,55.239468475836084
2026-01-03 11:10:00,D05,50.29178114648411,32.38721155330384,55.239468475836084
2026-01-03 11:15:00,D01,41.91557187228732,32.57466435978159,55.81430653215089
2026-01-03 11:15:00,D02,47.43725346744618,32.57466435978159,55.81430653215089
2026-01-03 11:15:00,D03,41.26042450958483,32.57466435978159,55.81430653215089
2026-01-03 11:15:00,D04,42.002925617275096,32.57466435978159,55.81430653215089
2026-01-03 11:15:00,D05,47.91408128312507,32.57466435978159,55.81430653215089
2026-01-03 11:20:00,D01,41.466383320309504,31.55279664879185,57.558431132340814
2026-01-03 11:20:00,D02,47.37030594580938,31.55279664879185,57.558431132340814
2026-01-03 11:20:00,D03,40.70133846842604,31.55279664879185,57.558431132340814
2026-01-03 11:20:00,D04,40.57189266596359,31.55279664879185,57.558431132340814
2026-01-03 11:20:00,D05,50.71774829774171,31.55279664879185,57.558431132340814
2026-01-03 11:25:00,D01,42.12403344701735,31.699154634654867,54.68874350975938
2026-01-03 11:25:00,D02,50.53863656041196,31.699154634654867,54.68874350975938
2026-01-03 11:25:00,D03,42.76092585049627,31.699154634654867,54.68874350975938
2026-01-03 11:25:00,D04,40.82441883863638,31.699154634654867,54.68874350975938
2026-01-03 11:25:00,D05,52.98807279188144,31.699154634654867,54.68874350975938
2026-01-03 11:30:00,D01,41.52721973893592,32.57266156344642,55.29351916182702
2026-01-03 11:30:00,D02,49.47408570031759,32.57266156344642,55.29351916182702
2026-01-03 11:30:00,D03,42.083007705594326,32.57266156344642,55.29351916182702
2026-01-03 11:30:00,D04,41.197608043586065,32.57266156344642,55.29351916182702
2026-01-03 11:30:00,D05,50.965318917577086,32.57266156344642,55.29351916182702
2026-01-03 11:35:00,D01,44.962529354302205,32.812788830465855,53.43024716900469
2026-01-03 11:35:00,D02,50.220551105712815,32.812788830465855,53.43024716900469
2026-01-03 11:35:00,D03,43.01715264818634,32.812788830465855,53.43024716900469
2026-01-03 11:35:00,D04,43.860495985476355,32.812788830465855,53.43024716900469
2026-01-03 11:35:00,D05,51.87923839611675,32.812788830465855,53.43024716900469
2026-01-03 11:40:00,D01,38.976019906675035,32.2624139205459,53.73566157668505
2026-01-03 11:40:00,D02,47.472041382984855,32.2624139205459,53.73566157668505
2026-01-03 11:40:00,D03,39.19625331915608,32.2624139205459,53.73566157668505
2026-01-03 11:40:00,D04,40.334769762164605,32.2624139205459,53.73566157668505
2026-01-03 11:40:00,D05,48.89966056393772,32.2624139205459,53.73566157668505
2026-01-03 11:45:00,D01,41.36825107279688,31.54938743944199,55.16813070725392
2026-01-03 11:45:00,D02,49.02719594772966,31.54938743944199,55.16813070725392
2026-01-03 11:45:00,D03,40.471757095934066,31.54938743944199,55.16813070725392
2026-01-03 11:45:00,D04,39.684551881254336,31.54938743944199,55.16813070725392
2026-01-03 11:45:00,D05,50.46719213275808,31.54938743944199,55.16813070725392
2026-01-03 11:50:00,D01,41.84455617930303,32.98877166375901,56.665418104234284
2026-01-03 11:50:00,D02,48.019069420293626,32.98877166375901,56.665418104234284
2026-01-03 11:50:00,D03,39.752679846217646,32.98877166375901,56.665418104234284
2026-01-03 11:50:00,D04,39.81092112812486,32.98877166375901,56.665418104234284
2026-01-03 11:50:00,D05,49.6718370131354,32.98877166375901,56.665418104234284
2026-01-03 11:55:00,D01,40.386291822112824,31.733324686493564,54.617958492823554
2026-01-03 11:55:00,D02,46.076070681190096,31.733324686493564,54.617958492823554
2026-01-03 11:55:00,D03,41.327065525036886,31.733324686493564,54.617958492823554
2026-01-03 11:55:00,D04,40.33492352283704,31.733324686493564,54.617958492823554
2026-01-03 11:55:00,D05,48.3650442600731,31.733324686493564,54.617958492823554
2026-01-03 12:00:00,D01,42.26617650101697,31.832431109414273,54.64612520603181
2026-01-03 12:00:00,D02,46.55809187392941,31.832431109414273,54.64612520603181
2026-01-03 12:00:00,D03,40.04779569560002,31.832431109414273,54.64612520603181
2026-01-03 12:00:00,D04,39.26823229654445,31.832431109414273,54.64612520603181
2026-01-03 12:00:00,D05,49.82366408749001,31.832431109414273,54.64612520603181
2026-01-03 12:05:00,D01,35.7323022148117,32.16997905264436,54.39205186244435
2026-01-03 12:05:00,D02,43.74309858974907,32.16997905264436,54.39205186244435
2026-01-03 12:05:00,D03,36.874057992740546,32.16997905264436,54.39205186244435
2026-01-03 12:05:00,D04,36.40228605586752,32.16997905264436,54.39205186244435
2026-01-03 12:05:00,D05,44.8722132637161,32.16997905264436,54.39205186244435
2026-01-03 12:10:00,D01,36.83538778797152,32.77232131826668,54.207382777914944
2026-01-03 12:10:00,D02,44.6630490173011,32.77232131826668,54.207382777914944
2026-01-03 12:10:00,D03,37.157523181770664,32.77232131826668,54.207382777914944
2026-01-03 12:10:00,D04,37.15736284074401,32.77232131826668,54.207382777914944
2026-01-03 12:10:00,D05,46.5791872642899,32.77232131826668,54.207382777914944
2026-01-03 12:15:00,D01,40.8660215981326,32.41628260446913,55.4638679511772
2026-01-03 12:15:00,D02,47.709606470563585,32.41628260446913,55.4638679511772
2026-01-03 12:15:00,D03,40.8763974288674,32.41628260446913,55.4638679511772
2026-01-03 12:15:00,D04,42.15380059494579,32.41628260446913,55.4638679511772
2026-01-03 12:15:00,D05,47.74387797355338,32.41628260446913,55.4638679511772
2026-01-03 12:20:00,D01,37.25258236942054,32.18840624063968,52.79216655131458
2026-01-03 12:20:00,D02,47.335571487123936,32.18840624063968,52.79216655131458
2026-01-03 12:20:00,D03,40.400706768103895,32.18840624063968,52.79216655131458
2026-01-03 12:20:00,D04,38.993654313540716,32.18840624063968,52.79216655131458
2026-01-03 12:20:00,D05,48.84947624827293,32.18840624063968,52.79216655131458
2026-01-03 12:25:00,D01,37.375186750924804,32.201925956170655,56.9808459827769
2026-01-03 12:25:00,D02,45.029257748612565,32.201925956170655,56.9808459827769
2026-01-03 12:25:00,D03,37.88252338202243,32.201925956170655,56.9808459827769
2026-01-03 12:25:00,D04,40.62978629383791,32.201925956170655,56.9808459827769
2026-01-03 12:25:00,D05,47.172453552393634,32.201925956170655,56.9808459827769
2026-01-03 12:30:00,D01,37.634730864546285,31.978981641190785,54.087417939067706
2026-01-03 12:30:00,D02,43.82286767984412,31.978981641190785,54.087417939067706
2026-01-03 12:30:00,D03,38.15641949428675,31.978981641190785,54.087417939067706
2026-01-03 12:30:00,D04,38.7854911647639,31.978981641190785,54.087417939067706
2026-01-03 12:30:00,D05,49.5711189826578,31.978981641190785,54.087417939067706
2026-01-03 12:35:00,D01,39.995995626856704,32.22087730959805,56.19924012347961
2026-01-03 12:35:00,D02,45.96590936979183,32.22087730959805,56.19924012347961
2026-01-03 12:35:00,D03,39.16202872572995,32.22087730959805,56.19924012347961
2026-01-03 12:35:00,D04,37.971987016585906,32.22087730959805,56.19924012347961
2026-01-03 12:35:00,D05,48.50577035264573,32.22087730959805,56.19924012347961
2026-01-03 12:40:00,D01,38.05615196839604,30.65925872621389,53.246924573787105
2026-01-03 12:40:00,D02,44.473037460837986,30.65925872621389,53.246924573787105
2026-01-03 12:40:00,D03,36.543852357618285,30.65925872621389,53.246924573787105
2026-01-03 12:40:00,D04,36.85381330148046,30.65925872621389,53.246924573787105
2026-01-03 12:40:00,D05,46.92399809687091,30.65925872621389,53.246924573787105
2026-01-03 12:45:00,D01,36.81652377174064,31.755622672481252,56.19540739178703
2026-01-03 12:45:00,D02,43.4523793790632,31.755622672481252,56.19540739178703
2026-01-03 12:45:00,D03,37.0004996200887,31.755622672481252,56.19540739178703
2026-01-03 12:45:00,D04,35.37964095898024,31.755622672481252,56.19540739178703
2026-01-03 12:45:00,D05,44.59399911776818,31.755622672481252,56.19540739178703
2026-01-03 12:50:00,D01,39.05139726767004,32.00214100305806,56.244956840522406
2026-01-03 12:50:00,D02,44.31434867539306,32.00214100305806,56.244956840522406
2026-01-03 12:50:00,D03,112.94674591661081,32.00214100305806,56.244956840522406
2026-01-03 12:50:00,D04,38.06005647852892,32.00214100305806,56.244956840522406
2026-01-03 12:50:00,D05,47.06293882801863,32.00214100305806,56.244956840522406
2026-01-03 12:55:00,D01,35.50224610878643,31.281203307256554,55.86288240987623
2026-01-03 12:55:00,D02,41.10632967218026,31.281203307256554,55.86288240987623
2026-01-03 12:55:00,D03,35.892699729253344,31.281203307256554,55.86288240987623
2026-01-03 12:55:00,D04,36.13486193851937,31.281203307256554,55.86288240987623
2026-01-03 12:55:00,D05,45.13038117451769,31.281203307256554,55.86288240987623
2026-01-03 13:00:00,D01,39.430246729943285,32.022790790351124,53.84909895440963
2026-01-03 13:00:00,D02,44.97973494089937,32.022790790351124,53.84909895440963
2026-01-03 13:00:00,D03,38.12814229161699,32.022790790351124,53.84909895440963
2026-01-03 13:00:00,D04,38.49650362436782,32.022790790351124,53.84909895440963
2026-01-03 13:00:00,D05,46.950779345043685,32.022790790351124,53.84909895440963
2026-01-03 13:05:00,D01,33.80533109384648,31.698013661436583,55.77382374053783
2026-01-03 13:05:00,D02,41.96963266604033,31.698013661436583,55.77382374053783
2026-01-03 13:05:00,D03,34.01146861599111,31.698013661436583,55.77382374053783
2026-01-03 13:05:00,D04,32.66641740716117,31.698013661436583,55.77382374053783
2026-01-03 13:05:00,D05,42.64857118384931,31.698013661436583,55.77382374053783
2026-01-03 13:10:00,D01,39.109117327035314,32.64632260289888,53.68824621541615
2026-01-03 13:10:00,D02,47.59281052051108,32.64632260289888,53.68824621541615
2026-01-03 13:10:00,D03,38.59151188454552,32.64632260289888,53.68824621541615
2026-01-03 13:10:00,D04,37.79676022707131,32.64632260289888,53.68824621541615
2026-01-03 13:10:00,D05,48.42091619508643,32.64632260289888,53.68824621541615
2026-01-03 13:15:00,D01,37.46520767853206,32.52116051008296,55.151553822404665
2026-01-03 13:15:00,D02,46.21379905573442,32.52116051008296,55.151553822404665
2026-01-03 13:15:00,D03,37.39171201726765,32.52116051008296,55.151553822404665
2026-01-03 13:15:00,D04,38.150189353323476,32.52116051008296,55.151553822404665
2026-01-03 13:15:00,D05,45.136652489932885,32.52116051008296,55.151553822404665
2026-01-03 13:20:00,D01,37.7763085130075,31.46556031937046,57.147193443573904
2026-01-03 13:20:00,D02,43.58115941833666,31.46556031937046,57.147193443573904
2026-01-03 13:20:00,D03,37.18786730336812,31.46556031937046,57.147193443573904
2026-01-03 13:20:00,D04,37.735957015340354,31.46556031937046,57.147193443573904
2026-01-03 13:20:00,D05,45.69895622689519,31.46556031937046,57.147193443573904
2026-01-03 13:25:00,D01,37.91980276844107,31.58462049063065,56.87497419777812
2026-01-03 13:25:00,D02,44.50243173785042,31.58462049063065,56.87497419777812
2026-01-03 13:25:00,D03,38.5430760912153,31.58462049063065,56.87497419777812
2026-01-03 13:25:00,D04,37.85207108965048,31.58462049063065,56.87497419777812
2026-01-03 13:25:00,D05,48.27371862234027,31.58462049063065,56.87497419777812
2026-01-03 13:30:00,D01,40.480545942472304,31.582423879752238,55.783979088697784
2026-01-03 13:30:00,D02,47.325811214993585,31.582423879752238,55.783979088697784
2026-01-03 13:30:00,D03,39.49991264988308,31.582423879752238,55.783979088697784
2026-01-03 13:30:00,D04,36.96644238322511,31.582423879752238,55.783979088697784
2026-01-03 13:30:00,D05,48.26679774959577,31.582423879752238,55.783979088697784
2026-01-03 13:35:00,D01,36.8691240907329,31.350727657517428,54.38467534492126
2026-01-03 13:35:00,D02,45.97136083609895,31.350727657517428,54.38467534492126
2026-01-03 13:35:00,D03,39.706635587962,31.350727657517428,54.38467534492126
2026-01-03 13:35:00,D04,36.84287420454767,31.350727657517428,54.38467534492126
2026-01-03 13:35:00,D05,49.50657994532123,31.350727657517428,54.38467534492126
2026-01-03 13:40:00,D01,30.993152665201542,31.629051427197314,56.905303697894794
2026-01-03 13:40:00,D02,39.837151676495,31.629051427197314,56.905303697894794
2026-01-03 13:40:00,D03,31.101332001188453,31.629051427197314,56.905303697894794
2026-01-03 13:40:00,D04,33.07836928859142,31.629051427197314,56.905303697894794
2026-01-03 13:40:00,D05,41.363954811337024,31.629051427197314,56.905303697894794
2026-01-03 13:45:00,D01,33.70538591946509,31.10522267321965,56.06034444122015
2026-01-03 13:45:00,D02,38.35873459977824,31.10522267321965,56.06034444122015
2026-01-03 13:45:00,D03,32.953755369385874,31.10522267321965,56.06034444122015
2026-01-03 13:45:00,D04,32.2794288767532,31.10522267321965,56.06034444122015
2026-01-03 13:45:00,D05,40.35948237830178,31.10522267321965,56.06034444122015
2026-01-03 13:50:00,D01,34.0443324976753,30.869746498422348,52.64941827087215
2026-01-03 13:50:00,D02,40.63075639536492,30.869746498422348,52.64941827087215
2026-01-03 13:50:00,D03,32.559247690141326,30.869746498422348,52.64941827087215
2026-01-03 13:50:00,D04,33.78564468735605,30.869746498422348,52.64941827087215
2026-01-03 13:50:00,D05,43.782706848139135,30.869746498422348,52.64941827087215
2026-01-03 13:55:00,D01,34.78840299507467,31.694989390487674,57.4066771823997
2026-01-03 13:55:00,D02,42.58729544724454,31.694989390487674,57.4066771823997
2026-01-03 13:55:00,D03,35.614375889895186,31.694989390487674,57.4066771823997
2026-01-03 13:55:00,D04,35.79563406460543,31.694989390487674,57.4066771823997
2026-01-03 13:55:00,D05,43.4047339129027,31.694989390487674,57.4066771823997
2026-01-03 14:00:00,D01,36.92537577341372,31.6448918110331,56.30339671135107
2026-01-03 14:00:00,D02,43.907151620184074,31.6448918110331,56.30339671135107
2026-01-03 14:00:00,D03,34.92007150456144,31.6448918110331,56.30339671135107
2026-01-03 14:00:00,D04,35.72904803213124,31.6448918110331,56.30339671135107
2026-01-03 14:00:00,D05,45.60608082057268,31.6448918110331,56.30339671135107
2026-01-03 14:05:00,D01,32.75351837800176,30.872401473534737,58.25455816524514
2026-01-03 14:05:00,D02,41.522628097618366,30.872401473534737,58.25455816524514
2026-01-03 14:05:00,D03,33.08246953621126,30.872401473534737,58.25455816524514
2026-01-03 14:05:00,D04,34.75820265291097,30.872401473534737,58.25455816524514
2026-01-03 14:05:00,D05,42.0382277765425,30.872401473534737,58.25455816524514
2026-01-03 14:10:00,D01,34.800336191185565,31.664634944445726,54.92317976360694
2026-01-03 14:10:00,D02,42.549257469008666,31.664634944445726,54.92317976360694
2026-01-03 14:10:00,D03,34.62847312015461,31.664634944445726,54.92317976360694
2026-01-03 14:10:00,D04,34.62710092108509,31.664634944445726,54.92317976360694
2026-01-03 14:10:00,D05,43.75669642630486,31.664634944445726,54.92317976360694
2026-01-03 14:15:00,D01,34.33275975516852,30.841559196930064,51.920248157180545
2026-01-03 14:15:00,D02,40.678707671188945,30.841559196930064,51.920248157180545
2026-01-03 14:15:00,D03,33.21442293169853,30.841559196930064,51.920248157180545
2026-01-03 14:15:00,D04,32.07287832695067,30.841559196930064,51.920248157180545
2026-01-03 14:15:00,D05,43.236679561901894,30.841559196930064,51.920248157180545
2026-01-03 14:20:00,D01,34.580342376316295,31.222342840463952,57.22710534462785
2026-01-03 14:20:00,D02,40.550383106732745,31.222342840463952,57.22710534462785
2026-01-03 14:20:00,D03,32.48840911296046,31.222342840463952,57.22710534462785
2026-01-03 14:20:00,D04,34.22347223352322,31.222342840463952,57.22710534462785
2026-01-03 14:20:00,D05,40.7381111522941,31.222342840463952,57.22710534462785
2026-01-03 14:25:00,D01,32.84597953293806,31.44239502764364,57.37289947234814
2026-01-03 14:25:00,D02,39.393443873064875,31.44239502764364,57.37289947234814
2026-01-03 14:25:00,D03,30.67827562497375,31.44239502764364,57.37289947234814
2026-01-03 14:25:00,D04,31.321387416051188,31.44239502764364,57.37289947234814
2026-01-03 14:25:00,D05,40.08113053559412,31.44239502764364,57.37289947234814
2026-01-03 14:30:00,D01,31.78379344075708,30.94996041910432,54.53045915567797
2026-01-03 14:30:00,D02,39.82295360367321,30.94996041910432,54.53045915567797
2026-01-03 14:30:00,D03,33.50177568177689,30.94996041910432,54.53045915567797
2026-01-03 14:30:00,D04,30.98752136915398,30.94996041910432,54.53045915567797
2026-01-03 14:30:00,D05,40.77411023869725,30.94996041910432,54.53045915567797
2026-01-03 14:35:00,D01,32.268098971911215,31.126792871534978,55.73340585027127
2026-01-03 14:35:00,D02,38.557228019778,31.126792871534978,55.73340585027127
2026-01-03 14:35:00,D03,31.32196285740127,31.126792871534978,55.73340585027127
2026-01-03 14:35:00,D04,31.50922043961211,31.126792871534978,55.73340585027127
2026-01-03 14:35:00,D05,41.692053058836734,31.126792871534978,55.73340585027127
2026-01-03 14:40:00,D01,30.671424569411244,30.57200739365111,61.472382184390064
2026-01-03 14:40:00,D02,38.81602844915917,30.57200739365111,61.472382184390064
2026-01-03 14:40:00,D03,31.059326545157653,30.57200739365111,61.472382184390064
2026-01-03 14:40:00,D04,31.326050233695415,30.57200739365111,61.472382184390064
2026-01-03 14:40:00,D05,40.601487809966684,30.57200739365111,61.472382184390064
2026-01-03 14:45:00,D01,34.60692256749294,30.660965745680837,57.023186003979525
2026-01-03 14:45:00,D02,43.069062276686765,30.660965745680837,57.023186003979525
2026-01-03 14:45:00,D03,35.26299177040377,30.660965745680837,57.023186003979525
2026-01-03 14:45:00,D04,34.36796148511671,30.660965745680837,57.023186003979525
2026-01-03 14:45:00,D05,43.91467995340202,30.660965745680837,57.023186003979525
2026-01-03 14:50:00,D01,28.994844293555165,30.583456968610452,58.72366509646308
2026-01-03 14:50:00,D02,39.31376249276074,30.583456968610452,58.72366509646308
2026-01-03 14:50:00,D03,32.99065509845027,30.583456968610452,58.72366509646308
2026-01-03 14:50:00,D04,31.44041591915887,30.583456968610452,58.72366509646308
2026-01-03 14:50:00,D05,40.93138237314963,30.583456968610452,58.72366509646308
2026-01-03 14:55:00,D01,40.02250177375064,30.23853063702866,56.80037063834987
2026-01-03 14:55:00,D02,46.11090548680476,30.23853063702866,56.80037063834987
2026-01-03 14:55:00,D03,38.11446869360101,30.23853063702866,56.80037063834987
2026-01-03 14:55:00,D04,38.1915370694896,30.23853063702866,56.80037063834987
2026-01-03 14:55:00,D05,46.82259304547172,30.23853063702866,56.80037063834987
2026-01-03 15:00:00,D01,33.05158814082022,30.447146824374844,54.793477839854795
2026-01-03 15:00:00,D02,41.8001164926088,30.447146824374844,54.793477839854795
2026-01-03 15:00:00,D03,33.226291366743915,30.447146824374844,54.793477839854795
2026-01-03 15:00:00,D04,32.22814911001758,30.447146824374844,54.793477839854795
2026-01-03 15:00:00,D05,42.5458498395888,30.447146824374844,54.793477839854795
2026-01-03 15:05:00,D01,33.01950004704514,29.683256129479474,57.82948207198345
2026-01-03 15:05:00,D02,42.002402130823285,29.683256129479474,57.82948207198345
2026-01-03 15:05:00,D03,32.461036476665804,29.683256129479474,57.82948207198345
2026-01-03 15:05:00,D04,32.086708631651476,29.683256129479474,57.82948207198345
2026-01-03 15:05:00,D05,43.228210396701925,29.683256129479474,57.82948207198345
2026-01-03 15:10:00,D01,30.000186729608053,30.132374164507247,57.84569108341424
2026-01-03 15:10:00,D02,38.69924819527548,30.132374164507247,57.84569108341424
2026-01-03 15:10:00,D03,30.36138459054676,30.132374164507247,57.84569108341424
2026-01-03 15:10:00,D04,32.775856737997586,30.132374164507247,57.84569108341424
2026-01-03 15:10:00,D05,37.44890596488811,30.132374164507247,57.84569108341424
2026-01-03 15:15:00,D01,34.57738693235834,30.154291328815514,57.80672449099674
2026-01-03 15:15:00,D02,40.76672192286025,30.154291328815514,57.80672449099674
2026-01-03 15:15:00,D03,33.28772396160147,30.154291328815514,57.80672449099674
2026-01-03 15:15:00,D04,33.963531256385245,30.154291328815514,57.80672449099674
2026-01-03 15:15:00,D05,42.33506680083018,30.154291328815514,57.80672449099674
2026-01-03 15:20:00,D01,30.812646255617338,30.085848172185006,58.40016264987502
2026-01-03 15:20:00,D02,39.615311019946716,30.085848172185006,58.40016264987502
2026-01-03 15:20:00,D03,29.908632067985437,30.085848172185006,58.40016264987502
2026-01-03 15:20:00,D04,32.534950392730416,30.085848172185006,58.40016264987502
2026-01-03 15:20:00,D05,39.94079201075287,30.085848172185006,58.40016264987502
2026-01-03 15:25:00,D01,31.14035790792897,30.008868637984907,59.137167685627865
2026-01-03 15:25:00,D02,38.63232633662352,30.008868637984907,59.137167685627865
2026-01-03 15:25:00,D03,31.32097470141494,30.008868637984907,59.137167685627865
2026-01-03 15:25:00,D04,32.753992998529476,30.008868637984907,59.137167685627865
2026-01-03 15:25:00,D05,43.43198901029979,30.008868637984907,59.137167685627865
2026-01-03 15:30:00,D01,37.62829823781131,30.01292504511354,58.68721028303208
2026-01-03 15:30:00,D02,43.668497727129136,30.01292504511354,58.68721028303208
2026-01-03 15:30:00,D03,36.357315299263874,30.01292504511354,58.68721028303208
2026-01-03 15:30:00,D04,38.423771657859284,30.01292504511354,58.68721028303208
2026-01-03 15:30:00,D05,47.08606078228412,30.01292504511354,58.68721028303208
2026-01-03 15:35:00,D01,30.30970413306564,30.196269000860948,57.19089426444312
2026-01-03 15:35:00,D02,39.652482415151766,30.196269000860948,57.19089426444312
2026-01-03 15:35:00,D03,32.33500517632896,30.196269000860948,57.19089426444312
2026-01-03 15:35:00,D04,32.299182791986084,30.196269000860948,57.19089426444312
2026-01-03 15:35:00,D05,41.17820874611908,30.196269000860948,57.19089426444312
2026-01-03 15:40:00,D01,33.269620484365944,30.305140718821487,59.993512823832454
2026-01-03 15:40:00,D02,42.2065494283365,30.305140718821487,59.993512823832454
2026-01-03 15:40:00,D03,33.72578892240856,30.305140718821487,59.993512823832454
2026-01-03 15:40:00,D04,33.16069723609412,30.305140718821487,59.993512823832454
2026-01-03 15:40:00,D05,43.48273244834365,30.305140718821487,59.993512823832454
2026-01-03 15:45:00,D01,28.172061912096694,29.452968551673887,56.520240036820326
2026-01-03 15:45:00,D02,36.626951912399925,29.452968551673887,56.520240036820326
2026-01-03 15:45:00,D03,30.071789337628736,29.452968551673887,56.520240036820326
2026-01-03 15:45:00,D04,30.885776139164115,29.452968551673887,56.520240036820326
2026-01-03 15:45:00,D05,39.89373470133749,29.452968551673887,56.520240036820326
2026-01-03 15:50:00,D01,30.072150448679615,29.08489761403955,56.55146773060545
2026-01-03 15:50:00,D02,38.71626874738427,29.08489761403955,56.55146773060545
2026-01-03 15:50:00,D03,32.76619658613212,29.08489761403955,56.55146773060545
2026-01-03 15:50:00,D04,30.543331404872756,29.08489761403955,56.55146773060545
2026-01-03 15:50:00,D05,41.24543310757137,29.08489761403955,56.55146773060545
2026-01-03 15:55:00,D01,35.17101173426204,29.072844084681055,60.92103816044714
2026-01-03 15:55:00,D02,41.999301958128356,29.072844084681055,60.92103816044714
2026-01-03 15:55:00,D03,36.28748971447998,29.072844084681055,60.92103816044714
2026-01-03 15:55:00,D04,35.92185160004086,29.072844084681055,60.92103816044714
2026-01-03 15:55:00,D05,44.634147134790176,29.072844084681055,60.92103816044714
2026-01-03 16:00:00,D01,28.121275808477165,29.256398539402536,60.76053040820304
2026-01-03 16:00:00,D02,37.2219643078176,29.256398539402536,60.76053040820304
2026-01-03 16:00:00,D03,29.803686903442355,29.256398539402536,60.76053040820304
2026-01-03 16:00:00,D04,30.30353589833936,29.256398539402536,60.76053040820304
2026-01-03 16:00:00,D05,41.56092175319222,29.256398539402536,60.76053040820304
2026-01-03 16:05:00,D01,33.376483834297076,29.228983185688683,60.10401926319507
2026-01-03 16:05:00,D02,43.4339816776235,29.228983185688683,60.10401926319507
2026-01-03 16:05:00,D03,34.22676604823538,29.228983185688683,60.10401926319507
2026-01-03 16:05:00,D04,,29.228983185688683,60.10401926319507
2026-01-03 16:05:00,D05,43.95936904860264,29.228983185688683,60.10401926319507
2026-01-03 16:10:00,D01,32.543026622995924,28.923745033076443,58.28934111051705
2026-01-03 16:10:00,D02,40.894580903420405,28.923745033076443,58.28934111051705
2026-01-03 16:10:00,D03,31.680965225455196,28.923745033076443,58.28934111051705
2026-01-03 16:10:00,D04,32.106864508508984,28.923745033076443,58.28934111051705
2026-01-03 16:10:00,D05,42.27313304406694,28.923745033076443,58.28934111051705
2026-01-03 16:15:00,D01,29.36273213679153,28.563385118970057,59.51524668679888
2026-01-03 16:15:00,D02,37.53982231208795,28.563385118970057,59.51524668679888
2026-01-03 16:15:00,D03,30.59911480259282,28.563385118970057,59.51524668679888
2026-01-03 16:15:00,D04,30.70478233525287,28.563385118970057,59.51524668679888
2026-01-03 16:15:00,D05,39.51008796317413,28.563385118970057,59.51524668679888
2026-01-03 16:20:00,D01,34.19377424370385,28.885030894966413,60.37969726106323
2026-01-03 16:20:00,D02,39.31830669799934,28.885030894966413,60.37969726106323
2026-01-03 16:20:00,D03,31.997030374222252,28.885030894966413,60.37969726106323
2026-01-03 16:20:00,D04,32.04408492866108,28.885030894966413,60.37969726106323
2026-01-03 16:20:00,D05,42.71918042093978,28.885030894966413,60.37969726106323
2026-01-03 16:25:00,D01,34.62589065408337,29.104446759350676,58.578692148551454
2026-01-03 16:25:00,D02,39.11480101352123,29.104446759350676,58.578692148551454
2026-01-03 16:25:00,D03,32.40549921773621,29.104446759350676,58.578692148551454
2026-01-03 16:25:00,D04,30.882098939713977,29.104446759350676,58.578692148551454
2026-01-03 16:25:00,D05,41.68934054708478,29.104446759350676,58.578692148551454
2026-01-03 16:30:00,D01,31.136902136570377,29.210931894743236,60.06462268931424
2026-01-03 16:30:00,D02,41.107391672098515,29.210931894743236,60.06462268931424
2026-01-03 16:30:00,D03,31.19116002418398,29.210931894743236,60.06462268931424
2026-01-03 16:30:00,D04,30.29057318244422,29.210931894743236,60.06462268931424
2026-01-03 16:30:00,D05,41.240985870055454,29.210931894743236,60.06462268931424
2026-01-03 16:35:00,D01,28.09660948579459,28.533478664864344,62.354115124428006
2026-01-03 16:35:00,D02,35.82389345998372,28.533478664864344,62.354115124428006
2026-01-03 16:35:00,D03,26.76980545837972,28.533478664864344,62.354115124428006
2026-01-03 16:35:00,D04,26.270199548780624,28.533478664864344,62.354115124428006
2026-01-03 16:35:00,D05,35.6432027668415,28.533478664864344,62.354115124428006
2026-01-03 16:40:00,D01,29.89808199737064,28.503601805556627,63.72075661317714
2026-01-03 16:40:00,D02,36.1443635870384,28.503601805556627,63.72075661317714
2026-01-03 16:40:00,D03,29.468857631984434,28.503601805556627,63.72075661317714
2026-01-03 16:40:00,D04,29.932979650870355,28.503601805556627,63.72075661317714
2026-01-03 16:40:00,D05,39.7636058398304,28.503601805556627,63.72075661317714
2026-01-03 16:45:00,D01,29.43818257592154,28.143848172092152,61.156453217980555
2026-01-03 16:45:00,D02,38.467419740503836,28.143848172092152,61.156453217980555
2026-01-03 16:45:00,D03,28.72022316805868,28.143848172092152,61.156453217980555
2026-01-03 16:45:00,D04,30.895912020463946,28.143848172092152,61.156453217980555
2026-01-03 16:45:00,D05,38.152962698626396,28.143848172092152,61.156453217980555
2026-01-03 16:50:00,D01,28.818422097819433,28.487809412333974,63.12767453643143
2026-01-03 16:50:00,D02,37.96582438098867,28.487809412333974,63.12767453643143
2026-01-03 16:50:00,D03,31.308832328105577,28.487809412333974,63.12767453643143
2026-01-03 16:50:00,D04,30.638961359644185,28.487809412333974,63.12767453643143
2026-01-03 16:50:00,D05,40.50612554649152,28.487809412333974,63.12767453643143
2026-01-03 16:55:00,D01,31.62854720193401,27.974930753059557,59.33061975380887
2026-01-03 16:55:00,D02,39.08574607193803,27.974930753059557,59.33061975380887
2026-01-03 16:55:00,D03,31.107001007427147,27.974930753059557,59.33061975380887
2026-01-03 16:55:00,D04,31.955254446429173,27.974930753059557,59.33061975380887
2026-01-03 16:55:00,D05,42.986953751518655,27.974930753059557,59.33061975380887
2026-01-03 17:00:00,D01,30.523298064161718,28.580659132133203,63.40098641064521
2026-01-03 17:00:00,D02,38.873290751136395,28.580659132133203,63.40098641064521
2026-01-03 17:00:00,D03,30.546507794724036,28.580659132133203,63.40098641064521
2026-01-03 17:00:00,D04,32.1422783761659,28.580659132133203,63.40098641064521
2026-01-03 17:00:00,D05,42.29929851427314,28.580659132133203,63.40098641064521
2026-01-03 17:05:00,D01,27.180126087476566,27.295496215663814,61.41721845464704
2026-01-03 17:05:00,D02,34.62625337671808,27.295496215663814,61.41721845464704
2026-01-03 17:05:00,D03,26.27891262630663,27.295496215663814,61.41721845464704
2026-01-03 17:05:00,D04,27.958738976527183,27.295496215663814,61.41721845464704
2026-01-03 17:05:00,D05,36.9997483900315,27.295496215663814,61.41721845464704
2026-01-03 17:10:00,D01,31.439752498977082,27.902383233464278,63.29662228568094
2026-01-03 17:10:00,D02,38.41546571179877,27.902383233464278,63.29662228568094
2026-01-03 17:10:00,D03,30.98506969257023,27.902383233464278,63.29662228568094
2026-01-03 17:10:00,D04,31.6355451963149,27.902383233464278,63.29662228568094
2026-01-03 17:10:00,D05,40.35379128142894,27.902383233464278,63.29662228568094
2026-01-03 17:15:00,D01,30.662589079529745,28.12600527967652,62.67746815247914
2026-01-03 17:15:00,D02,39.30649190954382,28.12600527967652,62.67746815247914
2026-01-03 17:15:00,D03,31.084997743844784,28.12600527967652,62.67746815247914
2026-01-03 17:15:00,D04,31.402571349850312,28.12600527967652,62.67746815247914
2026-01-03 17:15:00,D05,41.053839964352,28.12600527967652,62.67746815247914
2026-01-03 17:20:00,D01,30.11950581816086,27.960158146495907,65.24413923800644
2026-01-03 17:20:00,D02,38.553689889976376,27.960158146495907,65.24413923800644
2026-01-03 17:20:00,D03,31.221422766883535,27.960158146495907,65.24413923800644
2026-01-03 17:20:00,D04,30.810448351745244,27.960158146495907,65.24413923800644
2026-01-03 17:20:00,D05,41.89928984241518,27.960158146495907,65.24413923800644
2026-01-03 17:25:00,D01,32.387029316781465,29.107133762939835,62.16711266559095
2026-01-03 17:25:00,D02,40.7385948321334,29.107133762939835,62.16711266559095
2026-01-03 17:25:00,D03,33.74965524479352,29.107133762939835,62.16711266559095
2026-01-03 17:25:00,D04,31.997711416181133,29.107133762939835,62.16711266559095
2026-01-03 17:25:00,D05,41.88530448585082,29.107133762939835,62.16711266559095
2026-01-03 17:30:00,D01,32.13936578792858,27.827530973384217,64.63614752414222
2026-01-03 17:30:00,D02,41.423951032784856,27.827530973384217,64.63614752414222
2026-01-03 17:30:00,D03,31.931093741149944,27.827530973384217,64.63614752414222
2026-01-03 17:30:00,D04,,27.827530973384217,64.63614752414222
2026-01-03 17:30:00,D05,41.23151839113963,27.827530973384217,64.63614752414222
2026-01-03 17:35:00,D01,29.801151832333623,27.042307075838817,63.49207005653555
2026-01-03 17:35:00,D02,38.03491303568609,27.042307075838817,63.49207005653555
2026-01-03 17:35:00,D03,30.183137592087874,27.042307075838817,63.49207005653555
2026-01-03 17:35:00,D04,29.891078213678934,27.042307075838817,63.49207005653555
2026-01-03 17:35:00,D05,41.81477043993522,27.042307075838817,63.49207005653555
2026-01-03 17:40:00,D01,30.825812207156332,27.388046590193753,63.89098435550891
2026-01-03 17:40:00,D02,36.05393625023341,27.388046590193753,63.89098435550891
2026-01-03 17:40:00,D03,29.186401685618684,27.388046590193753,63.89098435550891
2026-01-03 17:40:00,D04,,27.388046590193753,63.89098435550891
2026-01-03 17:40:00,D05,39.71807181847535,27.388046590193753,63.89098435550891
2026-01-03 17:45:00,D01,24.929007762805906,26.438892479417483,64.07018786795976
2026-01-03 17:45:00,D02,32.529014241790584,26.438892479417483,64.07018786795976
2026-01-03 17:45:00,D03,27.29462008649575,26.438892479417483,64.07018786795976
2026-01-03 17:45:00,D04,25.184100042788014,26.438892479417483,64.07018786795976
2026-01-03 17:45:00,D05,36.33548200381101,26.438892479417483,64.07018786795976
2026-01-03 17:50:00,D01,30.29064076373095,27.177797062178307,63.29529646960547
2026-01-03 17:50:00,D02,38.55947714794913,27.177797062178307,63.29529646960547
2026-01-03 17:50:00,D03,32.16744751344002,27.177797062178307,63.29529646960547
2026-01-03 17:50:00,D04,30.258237672151665,27.177797062178307,63.29529646960547
2026-01-03 17:50:00,D05,39.794111294374346,27.177797062178307,63.29529646960547
2026-01-03 17:55:00,D01,30.159746567329524,26.692546396672427,64.76070270079438
2026-01-03 17:55:00,D02,37.605707138711125,26.692546396672427,64.76070270079438
2026-01-03 17:55:00,D03,30.69967312427818,26.692546396672427,64.76070270079438
2026-01-03 17:55:00,D04,31.191581189493032,26.692546396672427,64.76070270079438
2026-01-03 17:55:00,D05,41.25868126862892,26.692546396672427,64.76070270079438
2026-01-03 18:00:00,D01,29.90693396173882,27.457695137780085,64.90602766681727
2026-01-03 18:00:00,D02,38.61206035908066,27.457695137780085,64.90602766681727
2026-01-03 18:00:00,D03,31.23187041894552,27.457695137780085,64.90602766681727
2026-01-03 18:00:00,D04,28.733195743520398,27.457695137780085,64.90602766681727
2026-01-03 18:00:00,D05,40.616538538775195,27.457695137780085,64.90602766681727
2026-01-03 18:05:00,D01,26.8838221040091,26.616155437529432,65.5800092229557
2026-01-03 18:05:00,D02,35.45244799152188,26.616155437529432,65.5800092229557
2026-01-03 18:05:00,D03,28.058620300896994,26.616155437529432,65.5800092229557
2026-01-03 18:05:00,D04,28.353621865534606,26.616155437529432,65.5800092229557
2026-01-03 18:05:00,D05,37.275869705846034,26.616155437529432,65.5800092229557
2026-01-03 18:10:00,D01,29.71847918567301,26.723520105275703,65.56295159219265
2026-01-03 18:10:00,D02,34.12508115699894,26.723520105275703,65.56295159219265
2026-01-03 18:10:00,D03,29.26646911672242,26.723520105275703,65.56295159219265
2026-01-03 18:10:00,D04,29.894948312804164,26.723520105275703,65.56295159219265
2026-01-03 18:10:00,D05,35.83654656467342,26.723520105275703,65.56295159219265
2026-01-03 18:15:00,D01,31.276832385240873,26.35520543314708,66.85102311671977
2026-01-03 18:15:00,D02,38.20365150335916,26.35520543314708,66.85102311671977
2026-01-03 18:15:00,D03,30.17812630155374,26.35520543314708,66.85102311671977
2026-01-03 18:15:00,D04,32.492876991098285,26.35520543314708,66.85102311671977
2026-01-03 18:15:00,D05,42.94573844287243,26.35520543314708,66.85102311671977
2026-01-03 18:20:00,D01,32.40016443384115,27.43364696218838,67.25682035154763
2026-01-03 18:20:00,D02,38.15562036858878,27.43364696218838,67.25682035154763
2026-01-03 18:20:00,D03,30.626161650673765,27.43364696218838,67.25682035154763
2026-01-03 18:20:00,D04,31.220856805912256,27.43364696218838,67.25682035154763
2026-01-03 18:20:00,D05,38.70062536360894,27.43364696218838,67.25682035154763
2026-01-03 18:25:00,D01,31.859564792253106,26.295044242681225,64.51273376577794
2026-01-03 18:25:00,D02,39.46853682242811,26.295044242681225,64.51273376577794
2026-01-03 18:25:00,D03,32.40617405642562,26.295044242681225,64.51273376577794
2026-01-03 18:25:00,D04,31.670476091379925,26.295044242681225,64.51273376577794
2026-01-03 18:25:00,D05,41.76269444252425,26.295044242681225,64.51273376577794
2026-01-03 18:30:00,D01,30.234243275834807,27.26364756063934,67.60842067308667
2026-01-03 18:30:00,D02,37.63696567365503,27.26364756063934,67.60842067308667
2026-01-03 18:30:00,D03,28.80346443238724,27.26364756063934,67.60842067308667
2026-01-03 18:30:00,D04,30.853276992730674,27.26364756063934,67.60842067308667
2026-01-03 18:30:00,D05,39.26439824068099,27.26364756063934,67.60842067308667
2026-01-03 18:35:00,D01,30.652137527701548,26.646458950109547,64.74172922123438
2026-01-03 18:35:00,D02,36.44927468099299,26.646458950109547,64.74172922123438
2026-01-03 18:35:00,D03,29.290228990307465,26.646458950109547,64.74172922123438
2026-01-03 18:35:00,D04,30.62966343429787,26.646458950109547,64.74172922123438
2026-01-03 18:35:00,D05,39.01594959577136,26.646458950109547,64.74172922123438
2026-01-03 18:40:00,D01,34.55841783108187,26.372792475333043,67.6182656088759
2026-01-03 18:40:00,D02,40.44032799471897,26.372792475333043,67.6182656088759
2026-01-03 18:40:00,D03,31.177707333201763,26.372792475333043,67.6182656088759
2026-01-03 18:40:00,D04,31.518434274166328,26.372792475333043,67.6182656088759
2026-01-03 18:40:00,D05,42.88219987895768,26.372792475333043,67.6182656088759
2026-01-03 18:45:00,D01,28.166464735601505,26.208914963578124,67.88051139721559
2026-01-03 18:45:00,D02,38.38232949339362,26.208914963578124,67.88051139721559
2026-01-03 18:45:00,D03,28.43126754315557,26.208914963578124,67.88051139721559
2026-01-03 18:45:00,D04,,26.208914963578124,67.88051139721559
2026-01-03 18:45:00,D05,39.19968089932185,26.208914963578124,67.88051139721559
2026-01-03 18:50:00,D01,29.308863563746243,26.114700579417608,64.29742080188727
2026-01-03 18:50:00,D02,38.66756168965093,26.114700579417608,64.29742080188727
2026-01-03 18:50:00,D03,29.947564431747107,26.114700579417608,64.29742080188727
2026-01-03 18:50:00,D04,31.610738540167112,26.114700579417608,64.29742080188727
2026-01-03 18:50:00,D05,104.39015974110566,26.114700579417608,64.29742080188727
2026-01-03 18:55:00,D01,28.60716252788538,24.84773424869633,67.51632779305585
2026-01-03 18:55:00,D02,36.48477815895427,24.84773424869633,67.51632779305585
2026-01-03 18:55:00,D03,29.60463153751224,24.84773424869633,67.51632779305585
2026-01-03 18:55:00,D04,29.31981486643332,24.84773424869633,67.51632779305585
2026-01-03 18:55:00,D05,41.27531736984437,24.84773424869633,67.51632779305585
2026-01-03 19:00:00,D01,29.503892429209245,25.566463077412024,66.88544628098472
2026-01-03 19:00:00,D02,37.49645033119052,25.566463077412024,66.88544628098472
2026-01-03 19:00:00,D03,30.337423933412055,25.566463077412024,66.88544628098472
2026-01-03 19:00:00,D04,29.329977147750547,25.566463077412024,66.88544628098472
2026-01-03 19:00:00,D05,41.3819711218966,25.566463077412024,66.88544628098472
2026-01-03 19:05:00,D01,28.055386084390857,26.023433915437206,66.66014225340686
2026-01-03 19:05:00,D02,36.40511756995709,26.023433915437206,66.66014225340686
2026-01-03 19:05:00,D03,30.862474166971968,26.023433915437206,66.66014225340686
2026-01-03 19:05:00,D04,29.618670191631843,26.023433915437206,66.66014225340686
2026-01-03 19:05:00,D05,39.52179615985973,26.023433915437206,66.66014225340686
2026-01-03 19:10:00,D01,30.92943727510376,25.47202241074158,70.03333649109123
2026-01-03 19:10:00,D02,39.96505874962394,25.47202241074158,70.03333649109123
2026-01-03 19:10:00,D03,30.069274974617368,25.47202241074158,70.03333649109123
2026-01-03 19:10:00,D04,31.21350480562465,25.47202241074158,70.03333649109123
2026-01-03 19:10:00,D05,39.599951769055416,25.47202241074158,70.03333649109123
2026-01-03 19:15:00,D01,31.266748595135667,24.690207750082408,67.23387594207549
2026-01-03 19:15:00,D02,37.66497135456419,24.690207750082408,67.23387594207549
2026-01-03 19:15:00,D03,28.72849846301901,24.690207750082408,67.23387594207549
2026-01-03 19:15:00,D04,28.387680948863203,24.690207750082408,67.23387594207549
2026-01-03 19:15:00,D05,106.05869850393582,24.690207750082408,67.23387594207549
2026-01-03 19:20:00,D01,33.26599343391273,25.263697058082926,67.2106360395796
2026-01-03 19:20:00,D02,39.36628024816004,25.263697058082926,67.2106360395796
2026-01-03 19:20:00,D03,34.43040788330418,25.263697058082926,67.2106360395796
2026-01-03 19:20:00,D04,32.93244245172232,25.263697058082926,67.2106360395796
2026-01-03 19:20:00,D05,41.79479138599613,25.263697058082926,67.2106360395796
2026-01-03 19:25:00,D01,28.59802124375773,26.039862566709235,68.73792279284466
2026-01-03 19:25:00,D02,36.61980901722729,26.039862566709235,68.73792279284466
2026-01-03 19:25:00,D03,29.537450638151654,26.039862566709235,68.73792279284466
2026-01-03 19:25:00,D04,29.201265986597708,26.039862566709235,68.73792279284466
2026-01-03 19:25:00,D05,39.40312648917096,26.039862566709235,68.73792279284466
2026-01-03 19:30:00,D01,29.76930093788077,25.71002869594191,69.85521894309852
2026-01-03 19:30:00,D02,38.89046513004925,25.71002869594191,69.85521894309852
2026-01-03 19:30:00,D03,30.470326228433397,25.71002869594191,69.85521894309852
2026-01-03 19:30:00,D04,29.108375740763123,25.71002869594191,69.85521894309852
2026-01-03 19:30:00,D05,40.16919673642937,25.71002869594191,69.85521894309852
2026-01-03 19:35:00,D01,30.865934796808737,24.955264546023297,68.81499401957217
2026-01-03 19:35:00,D02,37.684003262844925,24.955264546023297,68.81499401957217
2026-01-03 19:35:00,D03,30.440759767812143,24.955264546023297,68.81499401957217
2026-01-03 19:35:00,D04,30.176654820162916,24.955264546023297,68.81499401957217
2026-01-03 19:35:00,D05,40.10545725236322,24.955264546023297,68.81499401957217
2026-01-03 19:40:00,D01,33.00504512510291,25.362633329825552,70.97573843591087
2026-01-03 19:40:00,D02,41.61453552677672,25.362633329825552,70.97573843591087
2026-01-03 19:40:00,D03,33.80107411648952,25.362633329825552,70.97573843591087
2026-01-03 19:40:00,D04,32.933251356563694,25.362633329825552,70.97573843591087
2026-01-03 19:40:00,D05,45.13161115653445,25.362633329825552,70.97573843591087
2026-01-03 19:45:00,D01,33.270778058295505,24.605303038720965,70.21935039513615
2026-01-03 19:45:00,D02,38.26945883883757,24.605303038720965,70.21935039513615
2026-01-03 19:45:00,D03,31.948966820743873,24.605303038720965,70.21935039513615
2026-01-03 19:45:00,D04,31.736819600012474,24.605303038720965,70.21935039513615
2026-01-03 19:45:00,D05,40.72438637605481,24.605303038720965,70.21935039513615
2026-01-03 19:50:00,D01,35.126940494869416,23.83932114041147,66.3501691527532
2026-01-03 19:50:00,D02,41.839526200737964,23.83932114041147,66.3501691527532
2026-01-03 19:50:00,D03,32.85751405064932,23.83932114041147,66.3501691527532
2026-01-03 19:50:00,D04,35.352092714068434,23.83932114041147,66.3501691527532
2026-01-03 19:50:00,D05,42.68467560613461,23.83932114041147,66.3501691527532
2026-01-03 19:55:00,D01,28.518362495512772,24.132823161338287,69.01568724393336
2026-01-03 19:55:00,D02,35.702472521645745,24.132823161338287,69.01568724393336
2026-01-03 19:55:00,D03,28.530416631290215,24.132823161338287,69.01568724393336
2026-01-03 19:55:00,D04,28.140748227977053,24.132823161338287,69.01568724393336
2026-01-03 19:55:00,D05,39.13132662789967,24.132823161338287,69.01568724393336
2026-01-03 20:00:00,D01,31.86233140581749,25.2814443842541,69.15723685097244
2026-01-03 20:00:00,D02,37.816656700015656,25.2814443842541,69.15723685097244
2026-01-03 20:00:00,D03,30.36330044352464,25.2814443842541,69.15723685097244
2026-01-03 20:00:00,D04,30.79521295633561,25.2814443842541,69.15723685097244
2026-01-03 20:00:00,D05,43.786734279839244,25.2814443842541,69.15723685097244
2026-01-03 20:05:00,D01,34.26080269275895,24.26913716828274,70.90677401174935
2026-01-03 20:05:00,D02,40.96806665528621,24.26913716828274,70.90677401174935
2026-01-03 20:05:00,D03,32.54235858969196,24.26913716828274,70.90677401174935
2026-01-03 20:05:00,D04,33.4672266045455,24.26913716828274,70.90677401174935
2026-01-03 20:05:00,D05,45.840793274620175,24.26913716828274,70.90677401174935
2026-01-03 20:10:00,D01,32.825452022649316,24.19180996857838,66.43577049890706
2026-01-03 20:10:00,D02,40.8309099357442,24.19180996857838,66.43577049890706
2026-01-03 20:10:00,D03,31.053642343631644,24.19180996857838,66.43577049890706
2026-01-03 20:10:00,D04,32.20486363290429,24.19180996857838,66.43577049890706
2026-01-03 20:10:00,D05,40.42872622256871,24.19180996857838,66.43577049890706
2026-01-03 20:15:00,D01,33.010272896045834,24.072229736764548,74.3792168932726
2026-01-03 20:15:00,D02,41.55836743856982,24.072229736764548,74.3792168932726
2026-01-03 20:15:00,D03,33.44187459389833,24.072229736764548,74.3792168932726
2026-01-03 20:15:00,D04,32.87934164361829,24.072229736764548,74.3792168932726
2026-01-03 20:15:00,D05,43.557944323419584,24.072229736764548,74.3792168932726
2026-01-03 20:20:00,D01,30.24734752377263,25.08418611303127,71.53230350585179
2026-01-03 20:20:00,D02,40.650845458410025,25.08418611303127,71.53230350585179
2026-01-03 20:20:00,D03,29.847389402129583,25.08418611303127,71.53230350585179
2026-01-03 20:20:00,D04,29.05542263073875,25.08418611303127,71.53230350585179
2026-01-03 20:20:00,D05,39.916057066034256,25.08418611303127,71.53230350585179
2026-01-03 20:25:00,D01,33.43190140301303,24.856431215863118,71.13641168951236
2026-01-03 20:25:00,D02,43.332100160934665,24.856431215863118,71.13641168951236
2026-01-03 20:25:00,D03,34.220705211873245,24.856431215863118,71.13641168951236
2026-01-03 20:25:00,D04,,24.856431215863118,71.13641168951236
2026-01-03 20:25:00,D05,45.786904731457156,24.856431215863118,71.13641168951236
2026-01-03 20:30:00,D01,37.07332778266021,25.065582971680467,72.85996586471592
2026-01-03 20:30:00,D02,45.161829939609,25.065582971680467,72.85996586471592
2026-01-03 20:30:00,D03,35.149848781928036,25.065582971680467,72.85996586471592
2026-01-03 20:30:00,D04,36.61591116084882,25.065582971680467,72.85996586471592
2026-01-03 20:30:00,D05,46.92364142410683,25.065582971680467,72.85996586471592
2026-01-03 20:35:00,D01,32.14210593164876,23.79086003387968,74.77471580105953
2026-01-03 20:35:00,D02,39.51581427358939,23.79086003387968,74.77471580105953
2026-01-03 20:35:00,D03,32.024178524586766,23.79086003387968,74.77471580105953
2026-01-03 20:35:00,D04,31.02016450456266,23.79086003387968,74.77471580105953
2026-01-03 20:35:00,D05,42.56418353729954,23.79086003387968,74.77471580105953
2026-01-03 20:40:00,D01,30.09862488814738,23.93387419594085,72.73399606374801
2026-01-03 20:40:00,D02,39.55892436787215,23.93387419594085,72.73399606374801
2026-01-03 20:40:00,D03,31.36603700709726,23.93387419594085,72.73399606374801
2026-01-03 20:40:00,D04,32.526044476364476,23.93387419594085,72.73399606374801
2026-01-03 20:40:00,D05,41.27676118542815,23.93387419594085,72.73399606374801
2026-01-03 20:45:00,D01,34.933171974629474,22.944949649789265,73.0166777957081
2026-01-03 20:45:00,D02,43.313532852266576,22.944949649789265,73.0166777957081
2026-01-03 20:45:00,D03,33.68316327166961,22.944949649789265,73.0166777957081
2026-01-03 20:45:00,D04,35.90548395313111,22.944949649789265,73.0166777957081
2026-01-03 20:45:00,D05,46.32363089380148,22.944949649789265,73.0166777957081
2026-01-03 20:50:00,D01,34.43911700577883,24.360516174980837,71.95193711285317
2026-01-03 20:50:00,D02,43.68261269753076,24.360516174980837,71.95193711285317
2026-01-03 20:50:00,D03,34.95154101281351,24.360516174980837,71.95193711285317
2026-01-03 20:50:00,D04,,24.360516174980837,71.95193711285317
2026-01-03 20:50:00,D05,45.855569649426926,24.360516174980837,71.95193711285317
2026-01-03 20:55:00,D01,30.83184051485206,22.95854494545469,71.70284192777227
2026-01-03 20:55:00,D02,40.4699442117288,22.95854494545469,71.70284192777227
2026-01-03 20:55:00,D03,32.06724175265806,22.95854494545469,71.70284192777227
2026-01-03 20:55:00,D04,29.98568110581881,22.95854494545469,71.70284192777227
2026-01-03 20:55:00,D05,42.133416715009965,22.95854494545469,71.70284192777227
2026-01-03 21:00:00,D01,32.6395756141691,23.572853875948578,71.35737464585813
2026-01-03 21:00:00,D02,39.37108960703064,23.572853875948578,71.35737464585813
2026-01-03 21:00:00,D03,31.545536607557008,23.572853875948578,71.35737464585813
2026-01-03 21:00:00,D04,32.718960959798665,23.572853875948578,71.35737464585813
2026-01-03 21:00:00,D05,41.78527043799048,23.572853875948578,71.35737464585813
2026-01-03 21:05:00,D01,31.787818157778016,22.839528925884807,70.98447163302572
2026-01-03 21:05:00,D02,39.673694236923104,22.839528925884807,70.98447163302572
2026-01-03 21:05:00,D03,31.8243587643182,22.839528925884807,70.98447163302572
2026-01-03 21:05:00,D04,34.500477492165366,22.839528925884807,70.98447163302572
2026-01-03 21:05:00,D05,44.16670364117019,22.839528925884807,70.98447163302572
2026-01-03 21:10:00,D01,30.254370945742554,23.019179902580035,71.34225221855199
2026-01-03 21:10:00,D02,37.670215250403196,23.019179902580035,71.34225221855199
2026-01-03 21:10:00,D03,30.480604224766775,23.019179902580035,71.34225221855199
2026-01-03 21:10:00,D04,31.41750328618938,23.019179902580035,71.34225221855199
2026-01-03 21:10:00,D05,39.590246281551565,23.019179902580035,71.34225221855199
2026-01-03 21:15:00,D01,29.941926228083577,22.82216974708026,70.4925641282753
2026-01-03 21:15:00,D02,41.86303146152443,22.82216974708026,70.4925641282753
2026-01-03 21:15:00,D03,31.91283549120911,22.82216974708026,70.4925641282753
2026-01-03 21:15:00,D04,30.91154329396909,22.82216974708026,70.4925641282753
2026-01-03 21:15:00,D05,41.76568155533363,22.82216974708026,70.4925641282753
2026-01-03 21:20:00,D01,31.75083257935514,22.865840154067204,72.54663725516224
2026-01-03 21:20:00,D02,40.35224978743009,22.865840154067204,72.54663725516224
2026-01-03 21:20:00,D03,30.127489912591315,22.865840154067204,72.54663725516224
2026-01-03 21:20:00,D04,31.4274900099645,22.865840154067204,72.54663725516224
2026-01-03 21:20:00,D05,95.81719183545346,22.865840154067204,72.54663725516224
2026-01-03 21:25:00,D01,32.1608968281065,22.831016232961105,70.27184346508923
2026-01-03 21:25:00,D02,40.77765242407298,22.831016232961105,70.27184346508923
2026-01-03 21:25:00,D03,32.75529862916903,22.831016232961105,70.27184346508923
2026-01-03 21:25:00,D04,32.664250206453524,22.831016232961105,70.27184346508923
2026-01-03 21:25:00,D05,43.8161394762321,22.831016232961105,70.27184346508923
2026-01-03 21:30:00,D01,33.11405668510606,22.759098901081288,73.2199081891279
2026-01-03 21:30:00,D02,41.063416897600135,22.759098901081288,73.2199081891279
2026-01-03 21:30:00,D03,33.04272265353185,22.759098901081288,73.2199081891279
2026-01-03 21:30:00,D04,35.22967713778316,22.759098901081288,73.2199081891279
2026-01-03 21:30:00,D05,43.347192654366886,22.759098901081288,73.2199081891279
2026-01-03 21:35:00,D01,34.366318683754734,23.38444393455274,73.00995013061132
2026-01-03 21:35:00,D02,43.466516473179034,23.38444393455274,73.00995013061132
2026-01-03 21:35:00,D03,34.53740501318741,23.38444393455274,73.00995013061132
2026-01-03 21:35:00,D04,,23.38444393455274,73.00995013061132
2026-01-03 21:35:00,D05,44.12277150002267,23.38444393455274,73.00995013061132
2026-01-03 21:40:00,D01,37.54553150262115,22.351808382023783,73.41192339046994
2026-01-03 21:40:00,D02,45.546432025044034,22.351808382023783,73.41192339046994
2026-01-03 21:40:00,D03,37.3298164814262,22.351808382023783,73.41192339046994
2026-01-03 21:40:00,D04,36.899722477217566,22.351808382023783,73.41192339046994
2026-01-03 21:40:00,D05,48.25151975745477,22.351808382023783,73.41192339046994
2026-01-03 21:45:00,D01,31.632721439417065,22.95292265199421,72.53149876799547
2026-01-03 21:45:00,D02,40.96945083715047,22.95292265199421,72.53149876799547
2026-01-03 21:45:00,D03,31.920523470086636,22.95292265199421,72.53149876799547
2026-01-03 21:45:00,D04,32.40442303437716,22.95292265199421,72.53149876799547
2026-01-03 21:45:00,D05,43.48213870563218,22.95292265199421,72.53149876799547
2026-01-03 21:50:00,D01,35.11938616948313,23.392022347088353,78.04920501339961
2026-01-03 21:50:00,D02,43.936646263626315,23.392022347088353,78.04920501339961
2026-01-03 21:50:00,D03,35.571988967354194,23.392022347088353,78.04920501339961
2026-01-03 21:50:00,D04,36.46496600189272,23.392022347088353,78.04920501339961
2026-01-03 21:50:00,D05,48.18257476644564,23.392022347088353,78.04920501339961
2026-01-03 21:55:00,D01,36.189864162630556,22.46884246437857,75.58929255699992
2026-01-03 21:55:00,D02,42.87210201167893,22.46884246437857,75.58929255699992
2026-01-03 21:55:00,D03,34.09860318185147,22.46884246437857,75.58929255699992
2026-01-03 21:55:00,D04,35.1766493005849,22.46884246437857,75.58929255699992
2026-01-03 21:55:00,D05,43.384459263745114,22.46884246437857,75.58929255699992
2026-01-03 22:00:00,D01,34.26779987598486,22.310913535704007,71.7934402877173
2026-01-03 22:00:00,D02,42.81470802511893,22.310913535704007,71.7934402877173
2026-01-03 22:00:00,D03,36.52640288977033,22.310913535704007,71.7934402877173
2026-01-03 22:00:00,D04,35.1633702673655,22.310913535704007,71.7934402877173
2026-01-03 22:00:00,D05,46.63870222170258,22.310913535704007,71.7934402877173
2026-01-03 22:05:00,D01,36.44299119195244,22.501103908872338,74.11656968821542
2026-01-03 22:05:00,D02,44.12153467905207,22.501103908872338,74.11656968821542
2026-01-03 22:05:00,D03,35.178076264675695,22.501103908872338,74.11656968821542
2026-01-03 22:05:00,D04,,22.501103908872338,74.11656968821542
2026-01-03 22:05:00,D05,46.072564270544994,22.501103908872338,74.11656968821542
2026-01-03 22:10:00,D01,34.14790955954536,23.154808438289244,72.95809911737624
2026-01-03 22:10:00,D02,42.22849625958788,23.154808438289244,72.95809911737624
2026-01-03 22:10:00,D03,34.82938284362992,23.154808438289244,72.95809911737624
2026-01-03 22:10:00,D04,32.48028778971617,23.154808438289244,72.95809911737624
2026-01-03 22:10:00,D05,44.9183937327302,23.154808438289244,72.95809911737624
2026-01-03 22:15:00,D01,39.870987777748596,22.612690107813236,72.44700782526576
2026-01-03 22:15:00,D02,43.17147043921635,22.612690107813236,72.44700782526576
2026-01-03 22:15:00,D03,36.082211419101576,22.612690107813236,72.44700782526576
2026-01-03 22:15:00,D04,35.71393531723401,22.612690107813236,72.44700782526576
2026-01-03 22:15:00,D05,45.18556657923929,22.612690107813236,72.44700782526576
2026-01-03 22:20:00,D01,34.862235349130266,22.20285391751295,72.0529697636806
2026-01-03 22:20:00,D02,45.048669279214174,22.20285391751295,72.0529697636806
2026-01-03 22:20:00,D03,36.142093216107774,22.20285391751295,72.0529697636806
2026-01-03 22:20:00,D04,33.89180509452941,22.20285391751295,72.0529697636806
2026-01-03 22:20:00,D05,45.46423164677231,22.20285391751295,72.0529697636806
2026-01-03 22:25:00,D01,37.407262843155415,22.665380929996786,74.80143982733335
2026-01-03 22:25:00,D02,46.029018537175446,22.665380929996786,74.80143982733335
2026-01-03 22:25:00,D03,35.87072481804418,22.665380929996786,74.80143982733335
2026-01-03 22:25:00,D04,37.88707230214727,22.665380929996786,74.80143982733335
2026-01-03 22:25:00,D05,49.16232207159589,22.665380929996786,74.80143982733335
2026-01-03 22:30:00,D01,36.0439506788706,21.82945626252536,73.2167249725085
2026-01-03 22:30:00,D02,44.26888162111967,21.82945626252536,73.2167249725085
2026-01-03 22:30:00,D03,35.980233547487224,21.82945626252536,73.2167249725085
2026-01-03 22:30:00,D04,36.88392800683744,21.82945626252536,73.2167249725085
2026-01-03 22:30:00,D05,49.02381851705761,21.82945626252536,73.2167249725085
2026-01-03 22:35:00,D01,40.74742959240806,22.680640408807484,75.77181772886578
2026-01-03 22:35:00,D02,48.872839326671155,22.680640408807484,75.77181772886578
2026-01-03 22:35:00,D03,40.78331024694675,22.680640408807484,75.77181772886578
2026-01-03 22:35:00,D04,40.74554055420679,22.680640408807484,75.77181772886578
2026-01-03 22:35:00,D05,51.895240101336455,22.680640408807484,75.77181772886578
2026-01-03 22:40:00,D01,34.58410657723389,22.50584054992134,75.88759952965474
2026-01-03 22:40:00,D02,43.49816636610579,22.50584054992134,75.88759952965474
2026-01-03 22:40:00,D03,34.258623627362766,22.50584054992134,75.88759952965474
2026-01-03 22:40:00,D04,36.20692875617586,22.50584054992134,75.88759952965474
2026-01-03 22:40:00,D05,45.49612092565079,22.50584054992134,75.88759952965474
2026-01-03 22:45:00,D01,34.59795646916415,22.111445116955032,76.53017287276822
2026-01-03 22:45:00,D02,44.43244665487113,22.111445116955032,76.53017287276822
2026-01-03 22:45:00,D03,35.514693479593866,22.111445116955032,76.53017287276822
2026-01-03 22:45:00,D04,36.024940840138235,22.111445116955032,76.53017287276822
2026-01-03 22:45:00,D05,46.241056466726896,22.111445116955032,76.53017287276822
2026-01-03 22:50:00,D01,35.70536959032307,21.81212234703525,73.25858935837111
2026-01-03 22:50:00,D02,44.030530526050335,21.81212234703525,73.25858935837111
2026-01-03 22:50:00,D03,35.33964506030096,21.81212234703525,73.25858935837111
2026-01-03 22:50:00,D04,34.46053979014616,21.81212234703525,73.25858935837111
2026-01-03 22:50:00,D05,46.707294610226256,21.81212234703525,73.25858935837111
2026-01-03 22:55:00,D01,34.61625293432135,21.756410266928626,75.31354695989731
2026-01-03 22:55:00,D02,44.970968205630946,21.756410266928626,75.31354695989731
2026-01-03 22:55:00,D03,37.941536763805324,21.756410266928626,75.31354695989731
2026-01-03 22:55:00,D04,36.70034807757601,21.756410266928626,75.31354695989731
2026-01-03 22:55:00,D05,47.15387890013816,21.756410266928626,75.31354695989731
2026-01-03 23:00:00,D01,37.08384286087361,22.437779536727614,75.60793958785413
2026-01-03 23:00:00,D02,46.35659062928127,22.437779536727614,75.60793958785413
2026-01-03 23:00:00,D03,34.971061108681276,22.437779536727614,75.60793958785413
2026-01-03 23:00:00,D04,37.50999830828491,22.437779536727614,75.60793958785413
2026-01-03 23:00:00,D05,46.4130223280447,22.437779536727614,75.60793958785413
2026-01-03 23:05:00,D01,40.05617707498672,22.75777990217823,74.00215343547666
2026-01-03 23:05:00,D02,47.95995861049842,22.75777990217823,74.00215343547666
2026-01-03 23:05:00,D03,40.10386465570193,22.75777990217823,74.00215343547666
2026-01-03 23:05:00,D04,39.86127738393589,22.75777990217823,74.00215343547666
2026-01-03 23:05:00,D05,48.64882744365176,22.75777990217823,74.00215343547666
2026-01-03 23:10:00,D01,41.099047329500124,21.79986609088594,73.60530213511002
2026-01-03 23:10:00,D02,47.437859184902706,21.79986609088594,73.60530213511002
2026-01-03 23:10:00,D03,40.924458638500504,21.79986609088594,73.60530213511002
2026-01-03 23:10:00,D04,40.609563163764285,21.79986609088594,73.60530213511002
2026-01-03 23:10:00,D05,50.72844228719825,21.79986609088594,73.60530213511002
2026-01-03 23:15:00,D01,36.441415580393546,22.325266949759587,77.22213380269626
2026-01-03 23:15:00,D02,46.21988013269052,22.325266949759587,77.22213380269626
2026-01-03 23:15:00,D03,35.83728364368793,22.325266949759587,77.22213380269626
2026-01-03 23:15:00,D04,37.01536436645242,22.325266949759587,77.22213380269626
2026-01-03 23:15:00,D05,45.96054135532078,22.325266949759587,77.22213380269626
2026-01-03 23:20:00,D01,36.23160314291048,21.032447725637923,75.18932134372017
2026-01-03 23:20:00,D02,46.77839956868252,21.032447725637923,75.18932134372017
2026-01-03 23:20:00,D03,37.28563457257507,21.032447725637923,75.18932134372017
2026-01-03 23:20:00,D04,35.38091280050597,21.032447725637923,75.18932134372017
2026-01-03 23:20:00,D05,47.98496509331917,21.032447725637923,75.18932134372017
2026-01-03 23:25:00,D01,39.709161156040956,21.7658835823326,75.83756673074521
2026-01-03 23:25:00,D02,48.32056908787017,21.7658835823326,75.83756673074521
2026-01-03 23:25:00,D03,39.023270237992,21.7658835823326,75.83756673074521
2026-01-03 23:25:00,D04,39.563016999445324,21.7658835823326,75.83756673074521
2026-01-03 23:25:00,D05,50.42324509488576,21.7658835823326,75.83756673074521
2026-01-03 23:30:00,D01,36.42624135683174,22.0272462266955,73.6813345959962
2026-01-03 23:30:00,D02,45.01867234614196,22.0272462266955,73.6813345959962
2026-01-03 23:30:00,D03,35.097902337654496,22.0272462266955,73.6813345959962
2026-01-03 23:30:00,D04,36.69879462978926,22.0272462266955,73.6813345959962
2026-01-03 23:30:00,D05,48.12420449853848,22.0272462266955,73.6813345959962
2026-01-03 23:35:00,D01,39.81920445257802,21.574876600397484,73.1116366824399
2026-01-03 23:35:00,D02,48.57935711432688,21.574876600397484,73.1116366824399
2026-01-03 23:35:00,D03,40.837044499095924,21.574876600397484,73.1116366824399
2026-01-03 23:35:00,D04,40.17066926457052,21.574876600397484,73.1116366824399
2026-01-03 23:35:00,D05,50.58399570051754,21.574876600397484,73.1116366824399
2026-01-03 23:40:00,D01,38.67467510034754,21.550773322146476,74.10777231917929
2026-01-03 23:40:00,D02,46.95174527889774,21.550773322146476,74.10777231917929
2026-01-03 23:40:00,D03,38.41734773012364,21.550773322146476,74.10777231917929
2026-01-03 23:40:00,D04,39.70018014496706,21.550773322146476,74.10777231917929
2026-01-03 23:40:00,D05,52.17036804091415,21.550773322146476,74.10777231917929
2026-01-03 23:45:00,D01,35.42391166711306,21.67681560557254,74.79255715130105
2026-01-03 23:45:00,D02,45.50324167886305,21.67681560557254,74.79255715130105
2026-01-03 23:45:00,D03,35.26670553156497,21.67681560557254,74.79255715130105
2026-01-03 23:45:00,D04,36.84527017495509,21.67681560557254,74.79255715130105
2026-01-03 23:45:00,D05,48.143256287238245,21.67681560557254,74.79255715130105
2026-01-03 23:50:00,D01,40.54897828838112,22.150855256253898,73.39415220559255
2026-01-03 23:50:00,D02,49.86335739181702,22.150855256253898,73.39415220559255
2026-01-03 23:50:00,D03,43.34671861189916,22.150855256253898,73.39415220559255
2026-01-03 23:50:00,D04,43.22637393941817,22.150855256253898,73.39415220559255
2026-01-03 23:50:00,D05,53.558926678446625,22.150855256253898,73.39415220559255
2026-01-03 23:55:00,D01,44.71293308532543,21.90752535539727,74.98285305782352
2026-01-03 23:55:00,D02,51.639234532838564,21.90752535539727,74.98285305782352
2026-01-03 23:55:00,D03,43.02644501342698,21.90752535539727,74.98285305782352
2026-01-03 23:55:00,D04,42.44591463301337,21.90752535539727,74.98285305782352
2026-01-03 23:55:00,D05,53.542753376127116,21.90752535539727,74.98285305782352
2026-01-04 00:00:00,D01,38.08788386587745,20.880884383337513,72.46724221789725
2026-01-04 00:00:00,D02,46.34576717487131,20.880884383337513,72.46724221789725
2026-01-04 00:00:00,D03,39.69219476958272,20.880884383337513,72.46724221789725
2026-01-04 00:00:00,D04,,20.880884383337513,72.46724221789725
2026-01-04 00:00:00,D05,50.784022833727995,20.880884383337513,72.46724221789725
2026-01-04 00:05:00,D01,40.60612178563722,20.940839788282922,73.31754913709428
2026-01-04 00:05:00,D02,48.15517835605528,20.940839788282922,73.31754913709428
2026-01-04 00:05:00,D03,40.652911825838984,20.940839788282922,73.31754913709428
2026-01-04 00:05:00,D04,40.39883679365689,20.940839788282922,73.31754913709428
2026-01-04 00:05:00,D05,50.285256048778535,20.940839788282922,73.31754913709428
2026-01-04 00:10:00,D01,42.076716976497444,21.701326303162126,75.99684908823389
2026-01-04 00:10:00,D02,49.23711647672471,21.701326303162126,75.99684908823389
2026-01-04 00:10:00,D03,40.362996194780855,21.701326303162126,75.99684908823389
2026-01-04 00:10:00,D04,39.85454125599817,21.701326303162126,75.99684908823389
2026-01-04 00:10:00,D05,51.10401288720486,21.701326303162126,75.99684908823389
2026-01-04 00:15:00,D01,40.03694516575897,22.23954867683376,75.88427501280289
2026-01-04 00:15:00,D02,50.10516603259769,22.23954867683376,75.88427501280289
2026-01-04 00:15:00,D03,42.1162073682305,22.23954867683376,75.88427501280289
2026-01-04 00:15:00,D04,43.06804814361739,22.23954867683376,75.88427501280289
2026-01-04 00:15:00,D05,51.489182952928154,22.23954867683376,75.88427501280289
2026-01-04 00:20:00,D01,41.10023473714937,20.645274088178656,74.37413183283716
2026-01-04 00:20:00,D02,50.826381143173194,20.645274088178656,74.37413183283716
2026-01-04 00:20:00,D03,41.433185171429336,20.645274088178656,74.37413183283716
2026-01-04 00:20:00,D04,41.21622564689123,20.645274088178656,74.37413183283716
2026-01-04 00:20:00,D05,53.61973846044404,20.645274088178656,74.37413183283716
2026-01-04 00:25:00,D01,47.66958078540803,21.779853220812587,73.41391691860777
2026-01-04 00:25:00,D02,52.74772897202551,21.779853220812587,73.41391691860777
2026-01-04 00:25:00,D03,47.342193743184524,21.779853220812587,73.41391691860777
2026-01-04 00:25:00,D04,46.7365207792173,21.779853220812587,73.41391691860777
2026-01-04 00:25:00,D05,56.843035684939004,21.779853220812587,73.41391691860777
2026-01-04 00:30:00,D01,42.70229340913956,21.779651764872238,73.37334328644909
2026-01-04 00:30:00,D02,50.21348026275136,21.779651764872238,73.37334328644909
2026-01-04 00:30:00,D03,40.2584104626812,21.779651764872238,73.37334328644909
2026-01-04 00:30:00,D04,39.99652937040889,21.779651764872238,73.37334328644909
2026-01-04 00:30:00,D05,52.38101254049455,21.779651764872238,73.37334328644909
2026-01-04 00:35:00,D01,39.893120859494154,22.752361336765418,74.32371273576562
2026-01-04 00:35:00,D02,48.52103501130172,22.752361336765418,74.32371273576562
2026-01-04 00:35:00,D03,40.95072681378226,22.752361336765418,74.32371273576562
2026-01-04 00:35:00,D04,39.8684189739681,22.752361336765418,74.32371273576562
2026-01-04 00:35:00,D05,51.38864776969125,22.752361336765418,74.32371273576562
2026-01-04 00:40:00,D01,39.23521642705759,21.883450329082528,75.81485526759002
2026-01-04 00:40:00,D02,46.644401161409576,21.883450329082528,75.81485526759002
2026-01-04 00:40:00,D03,39.821633346521814,21.883450329082528,75.81485526759002
2026-01-04 00:40:00,D04,38.78493839461739,21.883450329082528,75.81485526759002
2026-01-04 00:40:00,D05,49.49243103609636,21.883450329082528,75.81485526759002
2026-01-04 00:45:00,D01,39.85819673733023,22.287568090354313,76.20022134104879
2026-01-04 00:45:00,D02,51.394982103431104,22.287568090354313,76.20022134104879
2026-01-04 00:45:00,D03,40.80513096238636,22.287568090354313,76.20022134104879
2026-01-04 00:45:00,D04,39.12223874516494,22.287568090354313,76.20022134104879
2026-01-04 00:45:00,D05,50.7761269697884,22.287568090354313,76.20022134104879
2026-01-04 00:50:00,D01,42.530494907833756,22.189148534444065,74.01816246797638
2026-01-04 00:50:00,D02,51.249510325611084,22.189148534444065,74.01816246797638
2026-01-04 00:50:00,D03,41.42759903221673,22.189148534444065,74.01816246797638
2026-01-04 00:50:00,D04,42.79633589351337,22.189148534444065,74.01816246797638
2026-01-04 00:50:00,D05,53.0903959816915,22.189148534444065,74.01816246797638
2026-01-04 00:55:00,D01,45.24879274957481,21.078006411030092,72.98318205915544
2026-01-04 00:55:00,D02,54.497577620471176,21.078006411030092,72.98318205915544
2026-01-04 00:55:00,D03,45.814577158355874,21.078006411030092,72.98318205915544
2026-01-04 00:55:00,D04,46.71550903256168,21.078006411030092,72.98318205915544
2026-01-04 00:55:00,D05,56.74002940415954,21.078006411030092,72.98318205915544
2026-01-04 01:00:00,D01,39.52061408865448,22.554474476870524,75.06102371969018
2026-01-04 01:00:00,D02,51.66296146154055,22.554474476870524,75.06102371969018
2026-01-04 01:00:00,D03,39.399379740008314,22.554474476870524,75.06102371969018
2026-01-04 01:00:00,D04,42.17270924045941,22.554474476870524,75.06102371969018
2026-01-04 01:00:00,D05,51.420661144112145,22.554474476870524,75.06102371969018
2026-01-04 01:05:00,D01,41.92431025707667,22.3074489807985,73.36519608792051
2026-01-04 01:05:00,D02,53.792396293172835,22.3074489807985,73.36519608792051
2026-01-04 01:05:00,D03,43.47028608196997,22.3074489807985,73.36519608792051
2026-01-04 01:05:00,D04,42.99738741972275,22.3074489807985,73.36519608792051
2026-01-04 01:05:00,D05,54.09450945117031,22.3074489807985,73.36519608792051
2026-01-04 01:10:00,D01,42.995304950747816,22.485549566096157,73.75979054919047
2026-01-04 01:10:00,D02,51.54350297909451,22.485549566096157,73.75979054919047
2026-01-04 01:10:00,D03,43.323827533925616,22.485549566096157,73.75979054919047
2026-01-04 01:10:00,D04,42.27245589546201,22.485549566096157,73.75979054919047
2026-01-04 01:10:00,D05,54.55747962167429,22.485549566096157,73.75979054919047
2026-01-04 01:15:00,D01,44.4601139644252,24.228468205742633,76.45721543060662
2026-01-04 01:15:00,D02,54.66314444318637,24.228468205742633,76.45721543060662
2026-01-04 01:15:00,D03,45.724680618989154,24.228468205742633,76.45721543060662
2026-01-04 01:15:00,D04,46.69033768278403,24.228468205742633,76.45721543060662
2026-01-04 01:15:00,D05,56.10650470859194,24.228468205742633,76.45721543060662
2026-01-04 01:20:00,D01,48.406788820090384,21.25948042632116,75.63759935070773
2026-01-04 01:20:00,D02,56.220554782137455,21.25948042632116,75.63759935070773
2026-01-04 01:20:00,D03,45.500760113711365,21.25948042632116,75.63759935070773
2026-01-04 01:20:00,D04,48.68751028387087,21.25948042632116,75.63759935070773
2026-01-04 01:20:00,D05,60.97943250749989,21.25948042632116,75.63759935070773
2026-01-04 01:25:00,D01,41.4879817975635,23.20230897846656,74.55704016120517
2026-01-04 01:25:00,D02,51.15986695967748,23.20230897846656,74.55704016120517
2026-01-04 01:25:00,D03,41.29700639190655,23.20230897846656,74.55704016120517
2026-01-04 01:25:00,D04,41.80635618752103,23.20230897846656,74.55704016120517
2026-01-04 01:25:00,D05,52.24134750341127,23.20230897846656,74.55704016120517
2026-01-04 01:30:00,D01,42.06560151611244,22.236878577743386,72.33091682344379
2026-01-04 01:30:00,D02,51.403235316616346,22.236878577743386,72.33091682344379
2026-01-04 01:30:00,D03,42.09986445576577,22.236878577743386,72.33091682344379
2026-01-04 01:30:00,D04,43.062492461450944,22.236878577743386,72.33091682344379
2026-01-04 01:30:00,D05,52.96673008481706,22.236878577743386,72.33091682344379
2026-01-04 01:35:00,D01,46.96895395913868,22.567107056604268,74.47020964240046
2026-01-04 01:35:00,D02,55.06488367642159,22.567107056604268,74.47020964240046
2026-01-04 01:35:00,D03,46.40744758591454,22.567107056604268,74.47020964240046
2026-01-04 01:35:00,D04,,22.567107056604268,74.47020964240046
2026-01-04 01:35:00,D05,56.49833784449856,22.567107056604268,74.47020964240046
2026-01-04 01:40:00,D01,45.837446144299726,22.44570494216613,75.65706380654778
2026-01-04 01:40:00,D02,54.69691962368373,22.44570494216613,75.65706380654778
2026-01-04 01:40:00,D03,45.87930450230261,22.44570494216613,75.65706380654778
2026-01-04 01:40:00,D04,,22.44570494216613,75.65706380654778
2026-01-04 01:40:00,D05,57.38019784934911,22.44570494216613,75.65706380654778
2026-01-04 01:45:00,D01,48.10663713234874,22.303518125637535,73.40527691667859
2026-01-04 01:45:00,D02,57.46024910918989,22.303518125637535,73.40527691667859
2026-01-04 01:45:00,D03,47.9460777616909,22.303518125637535,73.40527691667859
2026-01-04 01:45:00,D04,48.77207572895096,22.303518125637535,73.40527691667859
2026-01-04 01:45:00,D05,59.30883174961282,22.303518125637535,73.40527691667859
2026-01-04 01:50:00,D01,46.664306476072916,22.28002936998951,75.8967794667623
2026-01-04 01:50:00,D02,54.81702982431463,22.28002936998951,75.8967794667623
2026-01-04 01:50:00,D03,46.420588039606216,22.28002936998951,75.8967794667623
2026-01-04 01:50:00,D04,45.605934109337404,22.28002936998951,75.8967794667623
2026-01-04 01:50:00,D05,55.89184404491138,22.28002936998951,75.8967794667623
2026-01-04 01:55:00,D01,44.571912100967104,22.781120589248964,75.70638549135239
2026-01-04 01:55:00,D02,51.68453110431565,22.781120589248964,75.70638549135239
2026-01-04 01:55:00,D03,43.065061132316856,22.781120589248964,75.70638549135239
2026-01-04 01:55:00,D04,44.80221031739964,22.781120589248964,75.70638549135239
2026-01-04 01:55:00,D05,53.223994939753254,22.781120589248964,75.70638549135239
2026-01-04 02:00:00,D01,47.62787295263597,21.91128613274197,76.1558532860596
2026-01-04 02:00:00,D02,54.05673833728124,21.91128613274197,76.1558532860596
2026-01-04 02:00:00,D03,46.7915446670786,21.91128613274197,76.1558532860596
2026-01-04 02:00:00,D04,46.994530133552395,21.91128613274197,76.1558532860596
2026-01-04 02:00:00,D05,56.01193657477826,21.91128613274197,76.1558532860596
2026-01-04 02:05:00,D01,46.94528048045587,23.100730230396145,74.00698339652651
2026-01-04 02:05:00,D02,55.68255346325771,23.100730230396145,74.00698339652651
2026-01-04 02:05:00,D03,47.8798818476109,23.100730230396145,74.00698339652651
2026-01-04 02:05:00,D04,47.68045529951779,23.100730230396145,74.00698339652651
2026-01-04 02:05:00,D05,135.70597603840434,23.100730230396145,74.00698339652651
2026-01-04 02:10:00,D01,46.58432546733543,22.574945568492943,74.31500200783788
2026-01-04 02:10:00,D02,55.565466752202745,22.574945568492943,74.31500200783788
2026-01-04 02:10:00,D03,47.39151517870085,22.574945568492943,74.31500200783788
2026-01-04 02:10:00,D04,48.782030447323336,22.574945568492943,74.31500200783788
2026-01-04 02:10:00,D05,58.9296197247722,22.574945568492943,74.31500200783788
2026-01-04 02:15:00,D01,45.26914112601928,22.27761726896709,75.43597705552209
2026-01-04 02:15:00,D02,56.464697139458416,22.27761726896709,75.43597705552209
2026-01-04 02:15:00,D03,46.38820996132497,22.27761726896709,75.43597705552209
2026-01-04 02:15:00,D04,47.9242061575285,22.27761726896709,75.43597705552209
2026-01-04 02:15:00,D05,56.56575754278835,22.27761726896709,75.43597705552209
2026-01-04 02:20:00,D01,47.44013302531635,22.67923334955713,73.86261134849339
2026-01-04 02:20:00,D02,55.559772770724194,22.67923334955713,73.86261134849339
2026-01-04 02:20:00,D03,49.69985756752003,22.67923334955713,73.86261134849339
2026-01-04 02:20:00,D04,48.49644638690298,22.67923334955713,73.86261134849339
2026-01-04 02:20:00,D05,59.61667410423669,22.67923334955713,73.86261134849339
2026-01-04 02:25:00,D01,49.21645755882961,23.59635158709387,72.31259488098951
2026-01-04 02:25:00,D02,56.75779618955746,23.59635158709387,72.31259488098951
2026-01-04 02:25:00,D03,48.744883353017045,23.59635158709387,72.31259488098951
2026-01-04 02:25:00,D04,48.60681538913079,23.59635158709387,72.31259488098951
2026-01-04 02:25:00,D05,59.87489535429333,23.59635158709387,72.31259488098951
2026-01-04 02:30:00,D01,50.151919644424396,22.765565755035713,72.26071914812057
2026-01-04 02:30:00,D02,58.678390901889955,22.765565755035713,72.26071914812057
2026-01-04 02:30:00,D03,47.8835964089087,22.765565755035713,72.26071914812057
2026-01-04 02:30:00,D04,48.59556166860275,22.765565755035713,72.26071914812057
2026-01-04 02:30:00,D05,61.13533208286944,22.765565755035713,72.26071914812057
2026-01-04 02:35:00,D01,48.51695966510654,23.279804393640404,73.15667726158942
2026-01-04 02:35:00,D02,56.140151712349564,23.279804393640404,73.15667726158942
2026-01-04 02:35:00,D03,47.80495997275585,23.279804393640404,73.15667726158942
2026-01-04 02:35:00,D04,46.90949177527831,23.279804393640404,73.15667726158942
2026-01-04 02:35:00,D05,57.946215742982936,23.279804393640404,73.15667726158942
2026-01-04 02:40:00,D01,44.29944806968224,22.80429964654737,70.72460229827045
2026-01-04 02:40:00,D02,55.447355834213454,22.80429964654737,70.72460229827045
2026-01-04 02:40:00,D03,46.846123313305895,22.80429964654737,70.72460229827045
2026-01-04 02:40:00,D04,46.89112570580865,22.80429964654737,70.72460229827045
2026-01-04 02:40:00,D05,57.61499126133908,22.80429964654737,70.72460229827045
2026-01-04 02:45:00,D01,47.97003073652805,23.619761887566924,72.30350970174348
2026-01-04 02:45:00,D02,55.65056928739102,23.619761887566924,72.30350970174348
2026-01-04 02:45:00,D03,46.29877692494301,23.619761887566924,72.30350970174348
2026-01-04 02:45:00,D04,46.68773236285126,23.619761887566924,72.30350970174348
2026-01-04 02:45:00,D05,58.13760120906504,23.619761887566924,72.30350970174348
2026-01-04 02:50:00,D01,47.33040138590125,23.656367185344482,74.01759404544663
2026-01-04 02:50:00,D02,58.33885463126231,23.656367185344482,74.01759404544663
2026-01-04 02:50:00,D03,50.25819225610442,23.656367185344482,74.01759404544663
2026-01-04 02:50:00,D04,48.15482907099562,23.656367185344482,74.01759404544663
2026-01-04 02:50:00,D05,60.434825865725024,23.656367185344482,74.01759404544663
2026-01-04 02:55:00,D01,46.179376539970576,24.312484606349425,68.93675884384965
2026-01-04 02:55:00,D02,53.97586359511561,24.312484606349425,68.93675884384965
2026-01-04 02:55:00,D03,45.66329292156424,24.312484606349425,68.93675884384965
2026-01-04 02:55:00,D04,44.47910030613368,24.312484606349425,68.93675884384965
2026-01-04 02:55:00,D05,56.416089417244194,24.312484606349425,68.93675884384965
2026-01-04 03:00:00,D01,47.44062990304022,23.376684121317652,74.37279096455727
2026-01-04 03:00:00,D02,57.40848238372921,23.376684121317652,74.37279096455727
2026-01-04 03:00:00,D03,45.46593609194593,23.376684121317652,74.37279096455727
2026-01-04 03:00:00,D04,47.13822451902527,23.376684121317652,74.37279096455727
2026-01-04 03:00:00,D05,59.81658239911863,23.376684121317652,74.37279096455727
2026-01-04 03:05:00,D01,47.139495309876686,23.876762123467607,73.59869188587743
2026-01-04 03:05:00,D02,53.83483362823863,23.876762123467607,73.59869188587743
2026-01-04 03:05:00,D03,46.73663397328076,23.876762123467607,73.59869188587743
2026-01-04 03:05:00,D04,48.190514323168934,23.876762123467607,73.59869188587743
2026-01-04 03:05:00,D05,58.34818666343826,23.876762123467607,73.59869188587743
2026-01-04 03:10:00,D01,46.0978146660763,23.671082731691172,71.06625515241089
2026-01-04 03:10:00,D02,56.019804603597215,23.671082731691172,71.06625515241089
2026-01-04 03:10:00,D03,47.02423385955816,23.671082731691172,71.06625515241089
2026-01-04 03:10:00,D04,48.27809086803861,23.671082731691172,71.06625515241089
2026-01-04 03:10:00,D05,58.61881007682645,23.671082731691172,71.06625515241089
2026-01-04 03:15:00,D01,51.246469432710505,24.35120681543116,72.40854439280842
2026-01-04 03:15:00,D02,59.334653633026214,24.35120681543116,72.40854439280842
2026-01-04 03:15:00,D03,50.6124816145461,24.35120681543116,72.40854439280842
2026-01-04 03:15:00,D04,50.10957763266185,24.35120681543116,72.40854439280842
2026-01-04 03:15:00,D05,60.819377526084146,24.35120681543116,72.40854439280842
2026-01-04 03:20:00,D01,46.577667821124685,23.42664575776294,71.43259768722488
2026-01-04 03:20:00,D02,57.54904252987596,23.42664575776294,71.43259768722488
2026-01-04 03:20:00,D03,48.98685740748139,23.42664575776294,71.43259768722488
2026-01-04 03:20:00,D04,48.45659275003681,23.42664575776294,71.43259768722488
2026-01-04 03:20:00,D05,58.68415592758396,23.42664575776294,71.43259768722488
2026-01-04 03:25:00,D01,47.22326301638792,24.242885295518345,73.10422027449862
2026-01-04 03:25:00,D02,58.367300822947776,24.242885295518345,73.10422027449862
2026-01-04 03:25:00,D03,48.08687997438292,24.242885295518345,73.10422027449862
2026-01-04 03:25:00,D04,48.421747853104506,24.242885295518345,73.10422027449862
2026-01-04 03:25:00,D05,59.15543391634969,24.242885295518345,73.10422027449862
2026-01-04 03:30:00,D01,44.21572649318349,23.858844206898056,72.56163900424212
2026-01-04 03:30:00,D02,53.81535228535246,23.858844206898056,72.56163900424212
2026-01-04 03:30:00,D03,46.87907335489722,23.858844206898056,72.56163900424212
2026-01-04 03:30:00,D04,44.3452297166006,23.858844206898056,72.56163900424212
2026-01-04 03:30:00,D05,56.676338495302225,23.858844206898056,72.56163900424212
2026-01-04 03:35:00,D01,47.80266832190677,24.011357669627834,68.81299039886132
2026-01-04 03:35:00,D02,60.03891632616831,24.011357669627834,68.81299039886132
2026-01-04 03:35:00,D03,49.37824629016578,24.011357669627834,68.81299039886132
2026-01-04 03:35:00,D04,48.389386057584964,24.011357669627834,68.81299039886132
2026-01-04 03:35:00,D05,60.71859420734489,24.011357669627834,68.81299039886132
2026-01-04 03:40:00,D01,49.57701637276054,24.177994060468954,71.61665798370672
2026-01-04 03:40:00,D02,57.835871926403215,24.177994060468954,71.61665798370672
2026-01-04 03:40:00,D03,50.10730662822594,24.177994060468954,71.61665798370672
2026-01-04 03:40:00,D04,50.534031316358345,24.177994060468954,71.61665798370672
2026-01-04 03:40:00,D05,59.45620126570473,24.177994060468954,71.61665798370672
2026-01-04 03:45:00,D01,54.44729468747333,24.348269033115326,70.24726054973115
2026-01-04 03:45:00,D02,62.99218448738449,24.348269033115326,70.24726054973115
2026-01-04 03:45:00,D03,53.44614814327372,24.348269033115326,70.24726054973115
2026-01-04 03:45:00,D04,51.29148265959293,24.348269033115326,70.24726054973115
2026-01-04 03:45:00,D05,63.614462497813086,24.348269033115326,70.24726054973115
2026-01-04 03:50:00,D01,50.48526321054286,24.255387436704897,70.4972449392454
2026-01-04 03:50:00,D02,57.66808317943735,24.255387436704897,70.4972449392454
2026-01-04 03:50:00,D03,47.72101201933012,24.255387436704897,70.4972449392454
2026-01-04 03:50:00,D04,47.80092549403978,24.255387436704897,70.4972449392454
2026-01-04 03:50:00,D05,58.58159952346724,24.255387436704897,70.4972449392454
2026-01-04 03:55:00,D01,49.08457514914359,24.51349030078265,69.0954747301505
2026-01-04 03:55:00,D02,57.116144405253905,24.51349030078265,69.0954747301505
2026-01-04 03:55:00,D03,49.76619367003512,24.51349030078265,69.0954747301505
2026-01-04 03:55:00,D04,48.26569087318892,24.51349030078265,69.0954747301505
2026-01-04 03:55:00,D05,60.30522838558612,24.51349030078265,69.0954747301505
2026-01-04 04:00:00,D01,50.2757026803334,25.289059028781093,72.62220560368125
2026-01-04 04:00:00,D02,58.51816982365914,25.289059028781093,72.62220560368125
2026-01-04 04:00:00,D03,48.56434841810371,25.289059028781093,72.62220560368125
2026-01-04 04:00:00,D04,49.38001165301493,25.289059028781093,72.62220560368125
2026-01-04 04:00:00,D05,63.01031598256534,25.289059028781093,72.62220560368125
2026-01-04 04:05:00,D01,52.15426875453058,25.08778099821067,71.36998041904775
2026-01-04 04:05:00,D02,60.932973020523946,25.08778099821067,71.36998041904775
2026-01-04 04:05:00,D03,51.49960569758082,25.08778099821067,71.36998041904775
2026-01-04 04:05:00,D04,51.66912203527018,25.08778099821067,71.36998041904775
2026-01-04 04:05:00,D05,63.67987135041496,25.08778099821067,71.36998041904775
2026-01-04 04:10:00,D01,49.178400461776526,25.125834230073277,68.5078293863909
2026-01-04 04:10:00,D02,58.377062158450066,25.125834230073277,68.5078293863909
2026-01-04 04:10:00,D03,47.367028576672006,25.125834230073277,68.5078293863909
2026-01-04 04:10:00,D04,49.213499673040474,25.125834230073277,68.5078293863909
2026-01-04 04:10:00,D05,61.28170899629016,25.125834230073277,68.5078293863909
2026-01-04 04:15:00,D01,49.18462181574032,24.56078678589306,67.42097099182466
2026-01-04 04:15:00,D02,58.38538473451366,24.56078678589306,67.42097099182466
2026-01-04 04:15:00,D03,49.76817958323761,24.56078678589306,67.42097099182466
2026-01-04 04:15:00,D04,47.21560662219233,24.56078678589306,67.42097099182466
2026-01-04 04:15:00,D05,60.19504422480675,24.56078678589306,67.42097099182466
2026-01-04 04:20:00,D01,50.47394781522217,24.442288277182342,68.64767367094022
2026-01-04 04:20:00,D02,59.0634360785299,24.442288277182342,68.64767367094022
2026-01-04 04:20:00,D03,50.60412256565391,24.442288277182342,68.64767367094022
2026-01-04 04:20:00,D04,51.39954111338989,24.442288277182342,68.64767367094022
2026-01-04 04:20:00,D05,61.66552244910101,24.442288277182342,68.64767367094022
2026-01-04 04:25:00,D01,50.063811742113614,25.463916829825187,69.67922086772434
2026-01-04 04:25:00,D02,59.99716459297475,25.463916829825187,69.67922086772434
2026-01-04 04:25:00,D03,50.70559619608642,25.463916829825187,69.67922086772434
2026-01-04 04:25:00,D04,50.26171683407553,25.463916829825187,69.67922086772434
2026-01-04 04:25:00,D05,98.67325138208413,25.463916829825187,69.67922086772434
2026-01-04 04:30:00,D01,47.76746836713547,25.524606234439442,69.18714308957023
2026-01-04 04:30:00,D02,57.358869732573496,25.524606234439442,69.18714308957023
2026-01-04 04:30:00,D03,49.137068100367685,25.524606234439442,69.18714308957023
2026-01-04 04:30:00,D04,49.35747345686638,25.524606234439442,69.18714308957023
2026-01-04 04:30:00,D05,58.15506392941754,25.524606234439442,69.18714308957023
2026-01-04 04:35:00,D01,49.630764378731605,25.924145146456986,70.50407961998938
2026-01-04 04:35:00,D02,59.65626909214639,25.924145146456986,70.50407961998938
2026-01-04 04:35:00,D03,49.423463121977164,25.924145146456986,70.50407961998938
2026-01-04 04:35:00,D04,50.60464608677893,25.924145146456986,70.50407961998938
2026-01-04 04:35:00,D05,60.87682896736315,25.924145146456986,70.50407961998938
2026-01-04 04:40:00,D01,51.485759588581146,24.987908970387043,69.60508101652798
2026-01-04 04:40:00,D02,60.45035187017711,24.987908970387043,69.60508101652798
2026-01-04 04:40:00,D03,50.36601002024435,24.987908970387043,69.60508101652798
2026-01-04 04:40:00,D04,51.85798780431549,24.987908970387043,69.60508101652798
2026-01-04 04:40:00,D05,63.57923637871937,24.987908970387043,69.60508101652798
2026-01-04 04:45:00,D01,48.242674013459464,25.278028345804017,69.66874819166098
2026-01-04 04:45:00,D02,58.2243731613118,25.278028345804017,69.66874819166098
2026-01-04 04:45:00,D03,47.849121098648915,25.278028345804017,69.66874819166098
2026-01-04 04:45:00,D04,46.77492151573123,25.278028345804017,69.66874819166098
2026-01-04 04:45:00,D05,58.77048758640702,25.278028345804017,69.66874819166098
2026-01-04 04:50:00,D01,48.737076684148334,24.67672892121591,68.4973410959584
2026-01-04 04:50:00,D02,58.27613899070851,24.67672892121591,68.4973410959584
2026-01-04 04:50:00,D03,50.91386202819066,24.67672892121591,68.4973410959584
2026-01-04 04:50:00,D04,50.241540381743384,24.67672892121591,68.4973410959584
2026-01-04 04:50:00,D05,60.6744216366362,24.67672892121591,68.4973410959584
2026-01-04 04:55:00,D01,48.14871470537328,25.404619376814605,65.71434204499343
2026-01-04 04:55:00,D02,56.74740370531439,25.404619376814605,65.71434204499343
2026-01-04 04:55:00,D03,48.95544188778487,25.404619376814605,65.71434204499343
2026-01-04 04:55:00,D04,48.48979375062478,25.404619376814605,65.71434204499343
2026-01-04 04:55:00,D05,59.14014760137366,25.404619376814605,65.71434204499343
2026-01-04 05:00:00,D01,53.96135698979306,26.20419002977711,67.29464265430488
2026-01-04 05:00:00,D02,62.74508458274957,26.20419002977711,67.29464265430488
2026-01-04 05:00:00,D03,53.13382904559765,26.20419002977711,67.29464265430488
2026-01-04 05:00:00,D04,52.92591363553881,26.20419002977711,67.29464265430488
2026-01-04 05:00:00,D05,63.8287678123665,26.20419002977711,67.29464265430488
2026-01-04 05:05:00,D01,47.831107041151,25.578322848755032,68.96699353312474
2026-01-04 05:05:00,D02,55.40324193687576,25.578322848755032,68.96699353312474
2026-01-04 05:05:00,D03,46.455157357366815,25.578322848755032,68.96699353312474
2026-01-04 05:05:00,D04,47.28869675043313,25.578322848755032,68.96699353312474
2026-01-04 05:05:00,D05,56.57298555666175,25.578322848755032,68.96699353312474
2026-01-04 05:10:00,D01,49.99429542554486,26.2380418279099,67.08711174659406
2026-01-04 05:10:00,D02,59.43725768033916,26.2380418279099,67.08711174659406
2026-01-04 05:10:00,D03,48.17849740848051,26.2380418279099,67.08711174659406
2026-01-04 05:10:00,D04,48.73934702396034,26.2380418279099,67.08711174659406
2026-01-04 05:10:00,D05,60.25857769840782,26.2380418279099,67.08711174659406
2026-01-04 05:15:00,D01,50.586708394339375,25.929296836920454,67.7055387730969
2026-01-04 05:15:00,D02,60.65510968958742,25.929296836920454,67.7055387730969
2026-01-04 05:15:00,D03,49.825375201929546,25.929296836920454,67.7055387730969
2026-01-04 05:15:00,D04,50.99540478158368,25.929296836920454,67.7055387730969
2026-01-04 05:15:00,D05,62.7893709007445,25.929296836920454,67.7055387730969
2026-01-04 05:20:00,D01,53.30012315227678,26.293787625776126,66.2583593038001
2026-01-04 05:20:00,D02,62.03539399617385,26.293787625776126,66.2583593038001
2026-01-04 05:20:00,D03,52.923229121977165,26.293787625776126,66.2583593038001
2026-01-04 05:20:00,D04,53.50085580578737,26.293787625776126,66.2583593038001
2026-01-04 05:20:00,D05,64.13064167431634,26.293787625776126,66.2583593038001
2026-01-04 05:25:00,D01,50.75435074923456,25.665537374142577,64.9765160890864
2026-01-04 05:25:00,D02,57.15966478297105,25.665537374142577,64.9765160890864
2026-01-04 05:25:00,D03,49.67352378656281,25.665537374142577,64.9765160890864
2026-01-04 05:25:00,D04,50.84044466525054,25.665537374142577,64.9765160890864
2026-01-04 05:25:00,D05,59.71819097018874,25.665537374142577,64.9765160890864
2026-01-04 05:30:00,D01,50.364305089882635,26.389973763716696,66.12024582613135
2026-01-04 05:30:00,D02,58.015500486849106,26.389973763716696,66.12024582613135
2026-01-04 05:30:00,D03,49.010727188890826,26.389973763716696,66.12024582613135
2026-01-04 05:30:00,D04,50.539930459841884,26.389973763716696,66.12024582613135
2026-01-04 05:30:00,D05,59.830473745971574,26.389973763716696,66.12024582613135
2026-01-04 05:35:00,D01,51.75127460822149,24.960097640289806,66.55223991306865
2026-01-04 05:35:00,D02,63.04520236371969,24.960097640289806,66.55223991306865
2026-01-04 05:35:00,D03,53.57358006406887,24.960097640289806,66.55223991306865
2026-01-04 05:35:00,D04,54.29995963703932,24.960097640289806,66.55223991306865
2026-01-04 05:35:00,D05,65.12998013228464,24.960097640289806,66.55223991306865
2026-01-04 05:40:00,D01,45.75047787303512,26.470773207180713,64.88802584828443
2026-01-04 05:40:00,D02,57.48375726078389,26.470773207180713,64.88802584828443
2026-01-04 05:40:00,D03,46.9322914503582,26.470773207180713,64.88802584828443
2026-01-04 05:40:00,D04,47.59229231520484,26.470773207180713,64.88802584828443
2026-01-04 05:40:00,D05,57.55266291656304,26.470773207180713,64.88802584828443
2026-01-04 05:45:00,D01,46.89042142054852,25.85774773199171,65.30046442501644
2026-01-04 05:45:00,D02,56.42997040109318,25.85774773199171,65.30046442501644
2026-01-04 05:45:00,D03,44.80428326617373,25.85774773199171,65.30046442501644
2026-01-04 05:45:00,D04,45.35798094764243,25.85774773199171,65.30046442501644
2026-01-04 05:45:00,D05,57.18729200850359,25.85774773199171,65.30046442501644
2026-01-04 05:50:00,D01,50.59362176015644,27.38490032144673,64.02699901067437
2026-01-04 05:50:00,D02,59.45599540080134,27.38490032144673,64.02699901067437
2026-01-04 05:50:00,D03,51.81213012947673,27.38490032144673,64.02699901067437
2026-01-04 05:50:00,D04,50.52719295130382,27.38490032144673,64.02699901067437
2026-01-04 05:50:00,D05,62.63064766655666,27.38490032144673,64.02699901067437
2026-01-04 05:55:00,D01,48.32179103283579,27.279629251209442,66.89701622669178
2026-01-04 05:55:00,D02,59.075090608414556,27.279629251209442,66.89701622669178
2026-01-04 05:55:00,D03,49.07002988433758,27.279629251209442,66.89701622669178
2026-01-04 05:55:00,D04,48.26768939249256,27.279629251209442,66.89701622669178
2026-01-04 05:55:00,D05,61.796594650858836,27.279629251209442,66.89701622669178
2026-01-04 06:00:00,D01,46.703373378742974,27.233335490983038,64.55831636361795
2026-01-04 06:00:00,D02,58.013259102397086,27.233335490983038,64.55831636361795
2026-01-04 06:00:00,D03,47.78309043145329,27.233335490983038,64.55831636361795
2026-01-04 06:00:00,D04,,27.233335490983038,64.55831636361795
2026-01-04 06:00:00,D05,59.405514012630775,27.233335490983038,64.55831636361795
2026-01-04 06:05:00,D01,50.85931646385368,27.8695775387525,66.96098446734366
2026-01-04 06:05:00,D02,61.787994006766056,27.8695775387525,66.96098446734366
2026-01-04 06:05:00,D03,50.66690391214859,27.8695775387525,66.96098446734366
2026-01-04 06:05:00,D04,50.575120653873405,27.8695775387525,66.96098446734366
2026-01-04 06:05:00,D05,63.15136706941803,27.8695775387525,66.96098446734366
2026-01-04 06:10:00,D01,49.07571435993715,26.743638676414253,66.856927902158
2026-01-04 06:10:00,D02,60.28694725276699,26.743638676414253,66.856927902158
2026-01-04 06:10:00,D03,49.14617053296989,26.743638676414253,66.856927902158
2026-01-04 06:10:00,D04,50.305354212883174,26.743638676414253,66.856927902158
2026-01-04 06:10:00,D05,61.56484928590201,26.743638676414253,66.856927902158
2026-01-04 06:15:00,D01,50.94152624364506,28.200697245108497,64.22439976061595
2026-01-04 06:15:00,D02,56.22803353553394,28.200697245108497,64.22439976061595
2026-01-04 06:15:00,D03,50.15839616346192,28.200697245108497,64.22439976061595
2026-01-04 06:15:00,D04,48.54417141352657,28.200697245108497,64.22439976061595
2026-01-04 06:15:00,D05,60.02338207174513,28.200697245108497,64.22439976061595
2026-01-04 06:20:00,D01,47.378902131595105,27.90187449586848,62.6157694737024
2026-01-04 06:20:00,D02,56.5759405649437,27.90187449586848,62.6157694737024
2026-01-04 06:20:00,D03,47.95597689170748,27.90187449586848,62.6157694737024
2026-01-04 06:20:00,D04,47.85794236212851,27.90187449586848,62.6157694737024
2026-01-04 06:20:00,D05,59.76805794495738,27.90187449586848,62.6157694737024
2026-01-04 06:25:00,D01,51.62752749702077,27.42605673065035,60.782484434880345
2026-01-04 06:25:00,D02,59.869720836075004,27.42605673065035,60.782484434880345
2026-01-04 06:25:00,D03,50.06156019621352,27.42605673065035,60.782484434880345
2026-01-04 06:25:00,D04,50.88145649372237,27.42605673065035,60.782484434880345
2026-01-04 06:25:00,D05,63.12591984476465,27.42605673065035,60.782484434880345
2026-01-04 06:30:00,D01,51.80292764482326,28.22044103469172,61.48668246825931
2026-01-04 06:30:00,D02,60.36212112725844,28.22044103469172,61.48668246825931
2026-01-04 06:30:00,D03,51.97799327036508,28.22044103469172,61.48668246825931
2026-01-04 06:30:00,D04,50.454847192440766,28.22044103469172,61.48668246825931
2026-01-04 06:30:00,D05,63.72879815699828,28.22044103469172,61.48668246825931
2026-01-04 06:35:00,D01,50.647608546385406,27.207470174743765,61.41801390075285
2026-01-04 06:35:00,D02,60.025069102086476,27.207470174743765,61.41801390075285
2026-01-04 06:35:00,D03,50.60774454735195,27.207470174743765,61.41801390075285
2026-01-04 06:35:00,D04,47.571558987178186,27.207470174743765,61.41801390075285
2026-01-04 06:35:00,D05,61.33822660543079,27.207470174743765,61.41801390075285
2026-01-04 06:40:00,D01,54.48723967877205,27.45598380757081,65.33122266452297
2026-01-04 06:40:00,D02,63.21622940523879,27.45598380757081,65.33122266452297
2026-01-04 06:40:00,D03,53.66572764451834,27.45598380757081,65.33122266452297
2026-01-04 06:40:00,D04,54.01278101777425,27.45598380757081,65.33122266452297
2026-01-04 06:40:00,D05,64.10967719237149,27.45598380757081,65.33122266452297
2026-01-04 06:45:00,D01,48.74130521528757,27.671156748460785,63.22283366067914
2026-01-04 06:45:00,D02,58.19542674323649,27.671156748460785,63.22283366067914
2026-01-04 06:45:00,D03,49.26579416713176,27.671156748460785,63.22283366067914
2026-01-04 06:45:00,D04,46.77984782255148,27.671156748460785,63.22283366067914
2026-01-04 06:45:00,D05,58.69934723258844,27.671156748460785,63.22283366067914
2026-01-04 06:50:00,D01,46.081064178559,27.8177092156585,63.42001064675697
2026-01-04 06:50:00,D02,56.4432418138351,27.8177092156585,63.42001064675697
2026-01-04 06:50:00,D03,46.92862937147274,27.8177092156585,63.42001064675697
2026-01-04 06:50:00,D04,,27.8177092156585,63.42001064675697
2026-01-04 06:50:00,D05,60.8672723672953,27.8177092156585,63.42001064675697
2026-01-04 06:55:00,D01,48.03173775341327,27.660150640250738,59.292509563335585
2026-01-04 06:55:00,D02,56.4307823407856,27.660150640250738,59.292509563335585
2026-01-04 06:55:00,D03,46.91278103042094,27.660150640250738,59.292509563335585
2026-01-04 06:55:00,D04,48.89435191352702,27.660150640250738,59.292509563335585
2026-01-04 06:55:00,D05,59.97852259412617,27.660150640250738,59.292509563335585
2026-01-04 07:00:00,D01,50.33711788562197,28.905636759060272,60.61485990514889
2026-01-04 07:00:00,D02,56.45666850400398,28.905636759060272,60.61485990514889
2026-01-04 07:00:00,D03,49.93325523122802,28.905636759060272,60.61485990514889
2026-01-04 07:00:00,D04,48.68535611365839,28.905636759060272,60.61485990514889
2026-01-04 07:00:00,D05,120.08649741653403,28.905636759060272,60.61485990514889
2026-01-04 07:05:00,D01,49.55978838086506,28.269717869970037,63.53232952435952
2026-01-04 07:05:00,D02,59.655341042893944,28.269717869970037,63.53232952435952
2026-01-04 07:05:00,D03,50.3320747442174,28.269717869970037,63.53232952435952
2026-01-04 07:05:00,D04,50.46751503395144,28.269717869970037,63.53232952435952
2026-01-04 07:05:00,D05,60.72306207138995,28.269717869970037,63.53232952435952
2026-01-04 07:10:00,D01,49.04959075974237,28.679781481699806,62.42310317353115
2026-01-04 07:10:00,D02,58.270051322440764,28.679781481699806,62.42310317353115
2026-01-04 07:10:00,D03,48.45140054299144,28.679781481699806,62.42310317353115
2026-01-04 07:10:00,D04,47.8480723148724,28.679781481699806,62.42310317353115
2026-01-04 07:10:00,D05,60.128441775803594,28.679781481699806,62.42310317353115
2026-01-04 07:15:00,D01,50.57217585240447,28.322021643308965,61.56479742893999
2026-01-04 07:15:00,D02,58.635672303932765,28.322021643308965,61.56479742893999
2026-01-04 07:15:00,D03,50.74697092485708,28.322021643308965,61.56479742893999
2026-01-04 07:15:00,D04,50.15228783784055,28.322021643308965,61.56479742893999
2026-01-04 07:15:00,D05,61.0791341707854,28.322021643308965,61.56479742893999
2026-01-04 07:20:00,D01,47.679032441788586,27.79979906635408,62.427062104643504
2026-01-04 07:20:00,D02,54.642351623474475,27.79979906635408,62.427062104643504
2026-01-04 07:20:00,D03,45.22618209328735,27.79979906635408,62.427062104643504
2026-01-04 07:20:00,D04,46.28419553377103,27.79979906635408,62.427062104643504
2026-01-04 07:20:00,D05,57.606054630225806,27.79979906635408,62.427062104643504
2026-01-04 07:25:00,D01,50.429926938604304,28.94721887061421,63.82931632636672
2026-01-04 07:25:00,D02,60.931921759462085,28.94721887061421,63.82931632636672
2026-01-04 07:25:00,D03,53.19817472841729,28.94721887061421,63.82931632636672
2026-01-04 07:25:00,D04,51.94131318740056,28.94721887061421,63.82931632636672
2026-01-04 07:25:00,D05,65.49379512636217,28.94721887061421,63.82931632636672
2026-01-04 07:30:00,D01,49.78923861821668,27.95728967411556,60.841601981043524
2026-01-04 07:30:00,D02,58.34898411373591,27.95728967411556,60.841601981043524
2026-01-04 07:30:00,D03,48.19637126472228,27.95728967411556,60.841601981043524
2026-01-04 07:30:00,D04,50.58617297207076,27.95728967411556,60.841601981043524
2026-01-04 07:30:00,D05,61.57538382437805,27.95728967411556,60.841601981043524
2026-01-04 07:35:00,D01,51.153982396519005,28.97941642625095,61.07658780539973
2026-01-04 07:35:00,D02,61.532492466662724,28.97941642625095,61.07658780539973
2026-01-04 07:35:00,D03,50.402760329253695,28.97941642625095,61.07658780539973
2026-01-04 07:35:00,D04,49.74841871672466,28.97941642625095,61.07658780539973
2026-01-04 07:35:00,D05,63.036520039066964,28.97941642625095,61.07658780539973
2026-01-04 07:40:00,D01,50.4559862739863,28.428933789287086,61.062712760689976
2026-01-04 07:40:00,D02,59.425993391588165,28.428933789287086,61.062712760689976
2026-01-04 07:40:00,D03,49.63470379081444,28.428933789287086,61.062712760689976
2026-01-04 07:40:00,D04,51.170939272398606,28.428933789287086,61.062712760689976
2026-01-04 07:40:00,D05,61.0223015039738,28.428933789287086,61.062712760689976
2026-01-04 07:45:00,D01,50.65916554598927,30.205081450710406,64.16527755072099
2026-01-04 07:45:00,D02,60.98906040601808,30.205081450710406,64.16527755072099
2026-01-04 07:45:00,D03,50.31520678167807,30.205081450710406,64.16527755072099
2026-01-04 07:45:00,D04,48.963458363423136,30.205081450710406,64.16527755072099
2026-01-04 07:45:00,D05,61.5939883780967,30.205081450710406,64.16527755072099
2026-01-04 07:50:00,D01,51.61755795336579,29.76442442726253,57.23347947102113
2026-01-04 07:50:00,D02,58.482723699724815,29.76442442726253,57.23347947102113
2026-01-04 07:50:00,D03,50.17356695584006,29.76442442726253,57.23347947102113
2026-01-04 07:50:00,D04,50.878724665512614,29.76442442726253,57.23347947102113
2026-01-04 07:50:00,D05,63.676273161989386,29.76442442726253,57.23347947102113
2026-01-04 07:55:00,D01,51.01613832473092,29.457820740232677,61.21494683298934
2026-01-04 07:55:00,D02,60.06235399100338,29.457820740232677,61.21494683298934
2026-01-04 07:55:00,D03,48.920025511337336,29.457820740232677,61.21494683298934
2026-01-04 07:55:00,D04,50.73000163228448,29.457820740232677,61.21494683298934
2026-01-04 07:55:00,D05,60.695909259056336,29.457820740232677,61.21494683298934
2026-01-04 08:00:00,D01,51.29227122018978,30.13185333882733,59.827796626861414
2026-01-04 08:00:00,D02,59.5215342808571,30.13185333882733,59.827796626861414
2026-01-04 08:00:00,D03,49.4396102663876,30.13185333882733,59.827796626861414
2026-01-04 08:00:00,D04,50.376161773131386,30.13185333882733,59.827796626861414
2026-01-04 08:00:00,D05,60.27920424352959,30.13185333882733,59.827796626861414
2026-01-04 08:05:00,D01,52.65109408616057,29.17070830206974,60.662425007671054
2026-01-04 08:05:00,D02,61.440554429574455,29.17070830206974,60.662425007671054
2026-01-04 08:05:00,D03,50.07438141961687,29.17070830206974,60.662425007671054
2026-01-04 08:05:00,D04,49.988980155106326,29.17070830206974,60.662425007671054
2026-01-04 08:05:00,D05,63.79785400022092,29.17070830206974,60.662425007671054
2026-01-04 08:10:00,D01,49.11833578234774,29.958237731069165,58.64094508553968
2026-01-04 08:10:00,D02,57.93882903104045,29.958237731069165,58.64094508553968
2026-01-04 08:10:00,D03,48.60227689590193,29.958237731069165,58.64094508553968
2026-01-04 08:10:00,D04,49.09938648117539,29.958237731069165,58.64094508553968
2026-01-04 08:10:00,D05,61.77057456466711,29.958237731069165,58.64094508553968
2026-01-04 08:15:00,D01,49.76488872523932,29.87775638195736,59.37085012351631
2026-01-04 08:15:00,D02,60.36269666717992,29.87775638195736,59.37085012351631
2026-01-04 08:15:00,D03,50.80772485271339,29.87775638195736,59.37085012351631
2026-01-04 08:15:00,D04,52.292265888525755,29.87775638195736,59.37085012351631
2026-01-04 08:15:00,D05,63.13222873639186,29.87775638195736,59.37085012351631
2026-01-04 08:20:00,D01,48.88486613749379,29.999892222422062,60.331351505687785
2026-01-04 08:20:00,D02,57.8755120260602,29.999892222422062,60.331351505687785
2026-01-04 08:20:00,D03,48.007786116671575,29.999892222422062,60.331351505687785
2026-01-04 08:20:00,D04,48.023284755555586,29.999892222422062,60.331351505687785
2026-01-04 08:20:00,D05,59.620008562585866,29.999892222422062,60.331351505687785
2026-01-04 08:25:00,D01,51.6767614250068,30.592724991871297,63.756268817929936
2026-01-04 08:25:00,D02,59.84339926036819,30.592724991871297,63.756268817929936
2026-01-04 08:25:00,D03,51.80409472833323,30.592724991871297,63.756268817929936
2026-01-04 08:25:00,D04,50.84386371187684,30.592724991871297,63.756268817929936
2026-01-04 08:25:00,D05,62.57550477660236,30.592724991871297,63.756268817929936
2026-01-04 08:30:00,D01,46.27168256205557,30.410053196433502,60.1244399940159
2026-01-04 08:30:00,D02,56.15681409990545,30.410053196433502,60.1244399940159
2026-01-04 08:30:00,D03,48.03615013652002,30.410053196433502,60.1244399940159
2026-01-04 08:30:00,D04,46.383692268073226,30.410053196433502,60.1244399940159
2026-01-04 08:30:00,D05,60.578141466068956,30.410053196433502,60.1244399940159
2026-01-04 08:35:00,D01,51.80554910555874,30.273979192332803,57.468666881113656
2026-01-04 08:35:00,D02,60.759184726150835,30.273979192332803,57.468666881113656
2026-01-04 08:35:00,D03,50.812707177713506,30.273979192332803,57.468666881113656
2026-01-04 08:35:00,D04,51.9162890638237,30.273979192332803,57.468666881113656
2026-01-04 08:35:00,D05,63.9937440352554,30.273979192332803,57.468666881113656
2026-01-04 08:40:00,D01,47.5450320631165,29.386494330318545,57.93648438010056
2026-01-04 08:40:00,D02,57.677247327189015,29.386494330318545,57.93648438010056
2026-01-04 08:40:00,D03,47.39355527684573,29.386494330318545,57.93648438010056
2026-01-04 08:40:00,D04,47.49294769156857,29.386494330318545,57.93648438010056
2026-01-04 08:40:00,D05,59.50497798891641,29.386494330318545,57.93648438010056
2026-01-04 08:45:00,D01,43.802914962093624,29.816705927860614,57.72642068642353
2026-01-04 08:45:00,D02,53.09493712614194,29.816705927860614,57.72642068642353
2026-01-04 08:45:00,D03,46.82804073161617,29.816705927860614,57.72642068642353
2026-01-04 08:45:00,D04,44.94143838024688,29.816705927860614,57.72642068642353
2026-01-04 08:45:00,D05,57.182547461087665,29.816705927860614,57.72642068642353
2026-01-04 08:50:00,D01,48.919442939299174,30.31659657128044,55.55063316489838
2026-01-04 08:50:00,D02,57.227422059082556,30.31659657128044,55.55063316489838
2026-01-04 08:50:00,D03,49.07332560990277,30.31659657128044,55.55063316489838
2026-01-04 08:50:00,D04,,30.31659657128044,55.55063316489838
2026-01-04 08:50:00,D05,59.22772181597001,30.31659657128044,55.55063316489838
2026-01-04 08:55:00,D01,45.91673554817786,30.50425146604967,57.589734154625155
2026-01-04 08:55:00,D02,55.894560679885195,30.50425146604967,57.589734154625155
2026-01-04 08:55:00,D03,44.18913177983542,30.50425146604967,57.589734154625155
2026-01-04 08:55:00,D04,44.82529143434292,30.50425146604967,57.589734154625155
2026-01-04 08:55:00,D05,58.20990751769365,30.50425146604967,57.589734154625155
2026-01-04 09:00:00,D01,50.801063167541784,29.970432043595775,59.02817581086714
2026-01-04 09:00:00,D02,58.43302089693671,29.970432043595775,59.02817581086714
2026-01-04 09:00:00,D03,49.139503225903844,29.970432043595775,59.02817581086714
2026-01-04 09:00:00,D04,51.07442401052722,29.970432043595775,59.02817581086714
2026-01-04 09:00:00,D05,61.096898521870294,29.970432043595775,59.02817581086714
2026-01-04 09:05:00,D01,43.98439032901809,31.817658148087986,55.865012200787255
2026-01-04 09:05:00,D02,56.61439208182032,31.817658148087986,55.865012200787255
2026-01-04 09:05:00,D03,45.61044259155762,31.817658148087986,55.865012200787255
2026-01-04 09:05:00,D04,45.51323129762525,31.817658148087986,55.865012200787255
2026-01-04 09:05:00,D05,58.51601636051929,31.817658148087986,55.865012200787255
2026-01-04 09:10:00,D01,45.306756436883695,31.444583711677403,59.19995060847465
2026-01-04 09:10:00,D02,56.30505178032416,31.444583711677403,59.19995060847465
2026-01-04 09:10:00,D03,46.689988320585826,31.444583711677403,59.19995060847465
2026-01-04 09:10:00,D04,49.06193340301895,31.444583711677403,59.19995060847465
2026-01-04 09:10:00,D05,56.96297210022193,31.444583711677403,59.19995060847465
2026-01-04 09:15:00,D01,42.847015525800494,31.060258197591125,58.21326415683674
2026-01-04 09:15:00,D02,52.48431524720759,31.060258197591125,58.21326415683674
2026-01-04 09:15:00,D03,42.069397921624564,31.060258197591125,58.21326415683674
2026-01-04 09:15:00,D04,43.23929193515654,31.060258197591125,58.21326415683674
2026-01-04 09:15:00,D05,55.26657885620726,31.060258197591125,58.21326415683674
2026-01-04 09:20:00,D01,46.66064455599615,30.86624064623676,56.23820558585366
2026-01-04 09:20:00,D02,55.427297469016274,30.86624064623676,56.23820558585366
2026-01-04 09:20:00,D03,44.68365508632657,30.86624064623676,56.23820558585366
2026-01-04 09:20:00,D04,46.1232456609428,30.86624064623676,56.23820558585366
2026-01-04 09:20:00,D05,56.46585585327529,30.86624064623676,56.23820558585366
2026-01-04 09:25:00,D01,41.81094544118486,30.79331793051383,56.98886071306442
2026-01-04 09:25:00,D02,51.4044120915287,30.79331793051383,56.98886071306442
2026-01-04 09:25:00,D03,110.84401352271142,30.79331793051383,56.98886071306442
2026-01-04 09:25:00,D04,41.10219149906092,30.79331793051383,56.98886071306442
2026-01-04 09:25:00,D05,55.408583602728726,30.79331793051383,56.98886071306442
2026-01-04 09:30:00,D01,43.23028139729652,30.490807471445056,59.4639493085492
2026-01-04 09:30:00,D02,53.03030427705927,30.490807471445056,59.4639493085492
2026-01-04 09:30:00,D03,42.347880096917336,30.490807471445056,59.4639493085492
2026-01-04 09:30:00,D04,42.32685132174064,30.490807471445056,59.4639493085492
2026-01-04 09:30:00,D05,54.6345996193202,30.490807471445056,59.4639493085492
2026-01-04 09:35:00,D01,46.306662003370285,31.070963280596846,58.03587567758397
2026-01-04 09:35:00,D02,55.32538938834915,31.070963280596846,58.03587567758397
2026-01-04 09:35:00,D03,48.249249962733444,31.070963280596846,58.03587567758397
2026-01-04 09:35:00,D04,47.14725567686069,31.070963280596846,58.03587567758397
2026-01-04 09:35:00,D05,57.925433677610215,31.070963280596846,58.03587567758397
2026-01-04 09:40:00,D01,46.15042328358267,31.224636491516335,56.821655039457305
2026-01-04 09:40:00,D02,56.73288553144478,31.224636491516335,56.821655039457305
2026-01-04 09:40:00,D03,46.126163507663264,31.224636491516335,56.821655039457305
2026-01-04 09:40:00,D04,46.47505201677764,31.224636491516335,56.821655039457305
2026-01-04 09:40:00,D05,62.24353447065335,31.224636491516335,56.821655039457305
2026-01-04 09:45:00,D01,46.72912211405587,30.53646777377191,56.32877890153308
2026-01-04 09:45:00,D02,54.65915109028718,30.53646777377191,56.32877890153308
2026-01-04 09:45:00,D03,45.78400355380665,30.53646777377191,56.32877890153308
2026-01-04 09:45:00,D04,45.48193663541507,30.53646777377191,56.32877890153308
2026-01-04 09:45:00,D05,58.056758478865135,30.53646777377191,56.32877890153308
2026-01-04 09:50:00,D01,42.07493780339145,31.384045437686876,56.68099914754863
2026-01-04 09:50:00,D02,54.46422300769659,31.384045437686876,56.68099914754863
2026-01-04 09:50:00,D03,41.650031406708365,31.384045437686876,56.68099914754863
2026-01-04 09:50:00,D04,45.22364485262367,31.384045437686876,56.68099914754863
2026-01-04 09:50:00,D05,55.71763091722545,31.384045437686876,56.68099914754863
2026-01-04 09:55:00,D01,44.56043211903192,31.19692982895236,55.68323595635708
2026-01-04 09:55:00,D02,54.78828417065827,31.19692982895236,55.68323595635708
2026-01-04 09:55:00,D03,46.09942769273362,31.19692982895236,55.68323595635708
2026-01-04 09:55:00,D04,,31.19692982895236,55.68323595635708
2026-01-04 09:55:00,D05,55.59299445440663,31.19692982895236,55.68323595635708
2026-01-04 10:00:00,D01,45.49371225090472,30.376223239983496,53.1826217035771
2026-01-04 10:00:00,D02,54.56620335179184,30.376223239983496,53.1826217035771
2026-01-04 10:00:00,D03,46.26382502125001,30.376223239983496,53.1826217035771
2026-01-04 10:00:00,D04,46.49098004617293,30.376223239983496,53.1826217035771
2026-01-04 10:00:00,D05,57.148224518127314,30.376223239983496,53.1826217035771
2026-01-04 10:05:00,D01,41.510834038532025,30.953441273147785,59.295999308727026
2026-01-04 10:05:00,D02,53.1666305808073,30.953441273147785,59.295999308727026
2026-01-04 10:05:00,D03,42.16608487994502,30.953441273147785,59.295999308727026
2026-01-04 10:05:00,D04,43.61805800044732,30.953441273147785,59.295999308727026
2026-01-04 10:05:00,D05,56.38671581377411,30.953441273147785,59.295999308727026
2026-01-04 10:10:00,D01,49.229638698246454,31.228251399180284,56.36287916701689
2026-01-04 10:10:00,D02,57.833208029612436,31.228251399180284,56.36287916701689
2026-01-04 10:10:00,D03,47.32633337107143,31.228251399180284,56.36287916701689
2026-01-04 10:10:00,D04,47.022911171382674,31.228251399180284,56.36287916701689
2026-01-04 10:10:00,D05,60.562474422722616,31.228251399180284,56.36287916701689
2026-01-04 10:15:00,D01,47.401547827579265,32.42820753633354,56.62849348235692
2026-01-04 10:15:00,D02,54.84550302355274,32.42820753633354,56.62849348235692
2026-01-04 10:15:00,D03,46.63083338562427,32.42820753633354,56.62849348235692
2026-01-04 10:15:00,D04,44.63792564983693,32.42820753633354,56.62849348235692
2026-01-04 10:15:00,D05,56.722433424492195,32.42820753633354,56.62849348235692
2026-01-04 10:20:00,D01,42.212834271409385,31.809815497450124,55.850060504818146
2026-01-04 10:20:00,D02,53.51980052012354,31.809815497450124,55.850060504818146
2026-01-04 10:20:00,D03,45.25873627712594,31.809815497450124,55.850060504818146
2026-01-04 10:20:00,D04,43.324111099050846,31.809815497450124,55.850060504818146
2026-01-04 10:20:00,D05,55.279139884386964,31.809815497450124,55.850060504818146
2026-01-04 10:25:00,D01,43.14886733339447,30.90881661104729,54.74421000771865
2026-01-04 10:25:00,D02,53.56244877456596,30.90881661104729,54.74421000771865
2026-01-04 10:25:00,D03,44.48984932414038,30.90881661104729,54.74421000771865
2026-01-04 10:25:00,D04,44.17307039558807,30.90881661104729,54.74421000771865
2026-01-04 10:25:00,D05,57.26989121890509,30.90881661104729,54.74421000771865
2026-01-04 10:30:00,D01,41.95782269505104,31.862415807265258,55.48231795346397
2026-01-04 10:30:00,D02,52.32536978046848,31.862415807265258,55.48231795346397
2026-01-04 10:30:00,D03,43.54605799707088,31.862415807265258,55.48231795346397
2026-01-04 10:30:00,D04,45.38794305800531,31.862415807265258,55.48231795346397
2026-01-04 10:30:00,D05,57.16312100265618,31.862415807265258,55.48231795346397
2026-01-04 10:35:00,D01,38.7583192834403,30.886387351944805,53.280829163880554
2026-01-04 10:35:00,D02,48.686862700592414,30.886387351944805,53.280829163880554
2026-01-04 10:35:00,D03,37.92208807400199,30.886387351944805,53.280829163880554
2026-01-04 10:35:00,D04,39.48630599830996,30.886387351944805,53.280829163880554
2026-01-04 10:35:00,D05,51.350180745246675,30.886387351944805,53.280829163880554
2026-01-04 10:40:00,D01,43.6922351447879,32.23980863087308,59.01870353922087
2026-01-04 10:40:00,D02,52.58846019235288,32.23980863087308,59.01870353922087
2026-01-04 10:40:00,D03,41.81072040555201,32.23980863087308,59.01870353922087
2026-01-04 10:40:00,D04,45.892212463391516,32.23980863087308,59.01870353922087
2026-01-04 10:40:00,D05,55.63060800242608,32.23980863087308,59.01870353922087
2026-01-04 10:45:00,D01,41.43653121476117,31.499088321566585,53.678930707415354
2026-01-04 10:45:00,D02,51.591554630010684,31.499088321566585,53.678930707415354
2026-01-04 10:45:00,D03,41.92364560734849,31.499088321566585,53.678930707415354
2026-01-04 10:45:00,D04,41.41773016646617,31.499088321566585,53.678930707415354
2026-01-04 10:45:00,D05,52.972368107763614,31.499088321566585,53.678930707415354
2026-01-04 10:50:00,D01,41.46461521886888,31.721766659371553,53.91488106674696
2026-01-04 10:50:00,D02,49.38759151435477,31.721766659371553,53.91488106674696
2026-01-04 10:50:00,D03,40.34849045205212,31.721766659371553,53.91488106674696
2026-01-04 10:50:00,D04,41.5948755777011,31.721766659371553,53.91488106674696
2026-01-04 10:50:00,D05,52.029315897637204,31.721766659371553,53.91488106674696
2026-01-04 10:55:00,D01,40.71375523625628,32.46314759570073,54.73911264956112
2026-01-04 10:55:00,D02,53.26368565867731,32.46314759570073,54.73911264956112
2026-01-04 10:55:00,D03,97.69841849798408,32.46314759570073,54.73911264956112
2026-01-04 10:55:00,D04,41.63749866274232,32.46314759570073,54.73911264956112
2026-01-04 10:55:00,D05,52.08771119094527,32.46314759570073,54.73911264956112
2026-01-04 11:00:00,D01,46.981538759306176,31.186047347153217,57.27285532438788
2026-01-04 11:00:00,D02,55.967316525237294,31.186047347153217,57.27285532438788
2026-01-04 11:00:00,D03,45.630639488488036,31.186047347153217,57.27285532438788
2026-01-04 11:00:00,D04,46.58984589054661,31.186047347153217,57.27285532438788
2026-01-04 11:00:00,D05,59.46627061132263,31.186047347153217,57.27285532438788
2026-01-04 11:05:00,D01,43.103435417867395,31.158151256509807,55.30834280076137
2026-01-04 11:05:00,D02,53.59187936017343,31.158151256509807,55.30834280076137
2026-01-04 11:05:00,D03,42.60039821450133,31.158151256509807,55.30834280076137
2026-01-04 11:05:00,D04,43.532971214390294,31.158151256509807,55.30834280076137
2026-01-04 11:05:00,D05,55.92309622284015,31.158151256509807,55.30834280076137
2026-01-04 11:10:00,D01,41.03420784209833,31.589680372426663,53.382836234754976
2026-01-04 11:10:00,D02,51.32838699418504,31.589680372426663,53.382836234754976
2026-01-04 11:10:00,D03,39.84500652836236,31.589680372426663,53.382836234754976
2026-01-04 11:10:00,D04,40.77337720256953,31.589680372426663,53.382836234754976
2026-01-04 11:10:00,D05,53.40839427461124,31.589680372426663,53.382836234754976
2026-01-04 11:15:00,D01,43.003194281480546,32.423115827525805,57.07365473710371
2026-01-04 11:15:00,D02,52.223625283312366,32.423115827525805,57.07365473710371
2026-01-04 11:15:00,D03,44.65842329224683,32.423115827525805,57.07365473710371
2026-01-04 11:15:00,D04,42.47727667997781,32.423115827525805,57.07365473710371
2026-01-04 11:15:00,D05,114.91406777441281,32.423115827525805,57.07365473710371
2026-01-04 11:20:00,D01,43.26364412894903,31.164365727322622,56.24842341005614
2026-01-04 11:20:00,D02,54.91710693562909,31.164365727322622,56.24842341005614
2026-01-04 11:20:00,D03,45.424180399024955,31.164365727322622,56.24842341005614
2026-01-04 11:20:00,D04,44.68273505627255,31.164365727322622,56.24842341005614
2026-01-04 11:20:00,D05,56.892506801990734,31.164365727322622,56.24842341005614
2026-01-04 11:25:00,D01,42.21741689598493,30.52572975328352,55.92403733114707
2026-01-04 11:25:00,D02,52.93891045267428,30.52572975328352,55.92403733114707
2026-01-04 11:25:00,D03,45.10101917955267,30.52572975328352,55.92403733114707
2026-01-04 11:25:00,D04,44.20667415419236,30.52572975328352,55.92403733114707
2026-01-04 11:25:00,D05,56.34091157434854,30.52572975328352,55.92403733114707
2026-01-04 11:30:00,D01,42.39231713104431,31.73164487766455,56.15915274801816
2026-01-04 11:30:00,D02,50.47334655067408,31.73164487766455,56.15915274801816
2026-01-04 11:30:00,D03,41.96447356279598,31.73164487766455,56.15915274801816
2026-01-04 11:30:00,D04,40.44945629783566,31.73164487766455,56.15915274801816
2026-01-04 11:30:00,D05,51.76683766719202,31.73164487766455,56.15915274801816
2026-01-04 11:35:00,D01,40.193787350610215,32.24615209106706,58.650979468650476
2026-01-04 11:35:00,D02,50.32357767405696,32.24615209106706,58.650979468650476
2026-01-04 11:35:00,D03,39.36480378449368,32.24615209106706,58.650979468650476
2026-01-04 11:35:00,D04,39.74622219813644,32.24615209106706,58.650979468650476
2026-01-04 11:35:00,D05,52.28316384594809,32.24615209106706,58.650979468650476
2026-01-04 11:40:00,D01,43.31805309625718,32.581104365328144,58.31569536163671
2026-01-04 11:40:00,D02,53.72493845941127,32.581104365328144,58.31569536163671
2026-01-04 11:40:00,D03,43.59134497719369,32.581104365328144,58.31569536163671
2026-01-04 11:40:00,D04,42.76113812535939,32.581104365328144,58.31569536163671
2026-01-04 11:40:00,D05,54.658073191783494,32.581104365328144,58.31569536163671
2026-01-04 11:45:00,D01,41.76566029864744,31.757713935150317,53.99133775310902
2026-01-04 11:45:00,D02,52.14101754084912,31.757713935150317,53.99133775310902
2026-01-04 11:45:00,D03,41.40793406178315,31.757713935150317,53.99133775310902
2026-01-04 11:45:00,D04,42.12389317081793,31.757713935150317,53.99133775310902
2026-01-04 11:45:00,D05,53.44468285454661,31.757713935150317,53.99133775310902
2026-01-04 11:50:00,D01,42.36957094851804,31.789527804351287,57.44534527339815
2026-01-04 11:50:00,D02,53.13466954138027,31.789527804351287,57.44534527339815
2026-01-04 11:50:00,D03,42.44742208399917,31.789527804351287,57.44534527339815
2026-01-04 11:50:00,D04,44.089608160892595,31.789527804351287,57.44534527339815
2026-01-04 11:50:00,D05,56.01559268565165,31.789527804351287,57.44534527339815
2026-01-04 11:55:00,D01,39.762481835042784,32.575760502527416,55.57713201383926
2026-01-04 11:55:00,D02,50.962899067990925,32.575760502527416,55.57713201383926
2026-01-04 11:55:00,D03,41.445668074634035,32.575760502527416,55.57713201383926
2026-01-04 11:55:00,D04,42.067170899759795,32.575760502527416,55.57713201383926
2026-01-04 11:55:00,D05,55.049966259712065,32.575760502527416,55.57713201383926
2026-01-04 12:00:00,D01,41.82873873387751,31.06512915015229,55.74864372420662
2026-01-04 12:00:00,D02,50.50644848062655,31.06512915015229,55.74864372420662
2026-01-04 12:00:00,D03,39.152201211354665,31.06512915015229,55.74864372420662
2026-01-04 12:00:00,D04,41.69908333340357,31.06512915015229,55.74864372420662
2026-01-04 12:00:00,D05,57.92299595856908,31.06512915015229,55.74864372420662
2026-01-04 12:05:00,D01,38.68399640612952,31.80454974780804,52.46397348173592
2026-01-04 12:05:00,D02,50.21640658610209,31.80454974780804,52.46397348173592
2026-01-04 12:05:00,D03,40.31611573882812,31.80454974780804,52.46397348173592
2026-01-04 12:05:00,D04,38.14337916812326,31.80454974780804,52.46397348173592
2026-01-04 12:05:00,D05,50.01706367269325,31.80454974780804,52.46397348173592
2026-01-04 12:10:00,D01,44.15170145588788,32.090453052871815,54.753939136099135
2026-01-04 12:10:00,D02,54.2779230428017,32.090453052871815,54.753939136099135
2026-01-04 12:10:00,D03,42.689598203573055,32.090453052871815,54.753939136099135
2026-01-04 12:10:00,D04,,32.090453052871815,54.753939136099135
2026-01-04 12:10:00,D05,55.15825306144382,32.090453052871815,54.753939136099135
2026-01-04 12:15:00,D01,40.428124549182066,32.21390397683553,53.80217538210912
2026-01-04 12:15:00,D02,51.318714144947364,32.21390397683553,53.80217538210912
2026-01-04 12:15:00,D03,40.0709909779519,32.21390397683553,53.80217538210912
2026-01-04 12:15:00,D04,39.10519114048149,32.21390397683553,53.80217538210912
2026-01-04 12:15:00,D05,53.78446539332934,32.21390397683553,53.80217538210912
2026-01-04 12:20:00,D01,44.81502549948347,31.726070143863286,56.28014124142251
2026-01-04 12:20:00,D02,52.98784339120114,31.726070143863286,56.28014124142251
2026-01-04 12:20:00,D03,43.21718825550338,31.726070143863286,56.28014124142251
2026-01-04 12:20:00,D04,43.49470033638133,31.726070143863286,56.28014124142251
2026-01-04 12:20:00,D05,55.142600460275716,31.726070143863286,56.28014124142251
2026-01-04 12:25:00,D01,38.13049332119594,31.98750219696452,56.66605736838101
2026-01-04 12:25:00,D02,46.43291184729197,31.98750219696452,56.66605736838101
2026-01-04 12:25:00,D03,37.696383435687345,31.98750219696452,56.66605736838101
2026-01-04 12:25:00,D04,37.95350586001098,31.98750219696452,56.66605736838101
2026-01-04 12:25:00,D05,51.79244968301652,31.98750219696452,56.66605736838101
2026-01-04 12:30:00,D01,41.4553624571805,30.713060630162555,51.97382185973743
2026-01-04 12:30:00,D02,51.16549911534267,30.713060630162555,51.97382185973743
2026-01-04 12:30:00,D03,41.56938674828373,30.713060630162555,51.97382185973743
2026-01-04 12:30:00,D04,42.99121049951677,30.713060630162555,51.97382185973743
2026-01-04 12:30:00,D05,,30.713060630162555,51.97382185973743
2026-01-04 12:35:00,D01,38.991711921175984,31.61268334617188,55.08333259931599
2026-01-04 12:35:00,D02,47.265296824756994,31.61268334617188,55.08333259931599
2026-01-04 12:35:00,D03,39.4911670573334,31.61268334617188,55.08333259931599
2026-01-04 12:35:00,D04,39.539582431661366,31.61268334617188,55.08333259931599
2026-01-04 12:35:00,D05,49.720943384762634,31.61268334617188,55.08333259931599
2026-01-04 12:40:00,D01,37.196905862366044,32.150793121338275,56.8347147270693
2026-01-04 12:40:00,D02,46.93767084334933,32.150793121338275,56.8347147270693
2026-01-04 12:40:00,D03,35.65358387170268,32.150793121338275,56.8347147270693
2026-01-04 12:40:00,D04,38.20678937074619,32.150793121338275,56.8347147270693
2026-01-04 12:40:00,D05,48.2802686546681,32.150793121338275,56.8347147270693
2026-01-04 12:45:00,D01,36.142169541959404,31.41277938488881,54.91212875249753
2026-01-04 12:45:00,D02,48.78129587378277,31.41277938488881,54.91212875249753
2026-01-04 12:45:00,D03,37.26739354420064,31.41277938488881,54.91212875249753
2026-01-04 12:45:00,D04,36.41240426787073,31.41277938488881,54.91212875249753
2026-01-04 12:45:00,D05,,31.41277938488881,54.91212875249753
2026-01-04 12:50:00,D01,36.810521867637426,31.910972146394464,56.33063539630422
2026-01-04 12:50:00,D02,47.15746497464098,31.910972146394464,56.33063539630422
2026-01-04 12:50:00,D03,37.75648271480145,31.910972146394464,56.33063539630422
2026-01-04 12:50:00,D04,38.831393429863546,31.910972146394464,56.33063539630422
2026-01-04 12:50:00,D05,49.73695119752554,31.910972146394464,56.33063539630422
2026-01-04 12:55:00,D01,38.26570597586492,32.08014659946766,55.81332750330801
2026-01-04 12:55:00,D02,48.8879397904859,32.08014659946766,55.81332750330801
2026-01-04 12:55:00,D03,38.27280383571919,32.08014659946766,55.81332750330801
2026-01-04 12:55:00,D04,37.84181707120233,32.08014659946766,55.81332750330801
2026-01-04 12:55:00,D05,52.352593902535745,32.08014659946766,55.81332750330801
2026-01-04 13:00:00,D01,40.06310035761091,31.65835453101646,55.85323208503825
2026-01-04 13:00:00,D02,49.957146968258186,31.65835453101646,55.85323208503825
2026-01-04 13:00:00,D03,38.82834831751681,31.65835453101646,55.85323208503825
2026-01-04 13:00:00,D04,38.80541288322105,31.65835453101646,55.85323208503825
2026-01-04 13:00:00,D05,51.02289751089509,31.65835453101646,55.85323208503825
2026-01-04 13:05:00,D01,33.97356932642194,31.88548115742793,54.99252898903826
2026-01-04 13:05:00,D02,45.78420957720136,31.88548115742793,54.99252898903826
2026-01-04 13:05:00,D03,35.06297545957867,31.88548115742793,54.99252898903826
2026-01-04 13:05:00,D04,35.859551172829754,31.88548115742793,54.99252898903826
2026-01-04 13:05:00,D05,49.92109716319325,31.88548115742793,54.99252898903826
2026-01-04 13:10:00,D01,38.15005124115138,31.28721847109883,53.63795928631417
2026-01-04 13:10:00,D02,49.123684872688436,31.28721847109883,53.63795928631417
2026-01-04 13:10:00,D03,35.97840604953937,31.28721847109883,53.63795928631417
2026-01-04 13:10:00,D04,36.92033703282577,31.28721847109883,53.63795928631417
2026-01-04 13:10:00,D05,49.73208521302157,31.28721847109883,53.63795928631417
2026-01-04 13:15:00,D01,40.13335082923274,31.63134500762751,53.84840348391139
2026-01-04 13:15:00,D02,53.21608662553573,31.63134500762751,53.84840348391139
2026-01-04 13:15:00,D03,41.30686318521852,31.63134500762751,53.84840348391139
2026-01-04 13:15:00,D04,41.74243482740938,31.63134500762751,53.84840348391139
2026-01-04 13:15:00,D05,53.77483342475392,31.63134500762751,53.84840348391139
2026-01-04 13:20:00,D01,38.662805719675134,32.00357118872415,56.667102563823896
2026-01-04 13:20:00,D02,50.067545280423076,32.00357118872415,56.667102563823896
2026-01-04 13:20:00,D03,40.7134345615658,32.00357118872415,56.667102563823896
2026-01-04 13:20:00,D04,38.59646473762597,32.00357118872415,56.667102563823896
2026-01-04 13:20:00,D05,52.447656245202296,32.00357118872415,56.667102563823896
2026-01-04 13:25:00,D01,38.42820908654952,31.738525826898208,55.70910869045034
2026-01-04 13:25:00,D02,46.84442996296331,31.738525826898208,55.70910869045034
2026-01-04 13:25:00,D03,35.37340130100935,31.738525826898208,55.70910869045034
2026-01-04 13:25:00,D04,36.417542693457236,31.738525826898208,55.70910869045034
2026-01-04 13:25:00,D05,50.94741310549924,31.738525826898208,55.70910869045034
2026-01-04 13:30:00,D01,36.981070701919876,31.326132027774467,55.5534363079763
2026-01-04 13:30:00,D02,47.13003350785992,31.326132027774467,55.5534363079763
2026-01-04 13:30:00,D03,36.77119326779626,31.326132027774467,55.5534363079763
2026-01-04 13:30:00,D04,36.99839936793243,31.326132027774467,55.5534363079763
2026-01-04 13:30:00,D05,49.10817889188253,31.326132027774467,55.5534363079763
2026-01-04 13:35:00,D01,37.46711445723034,31.688665597742638,55.21105014532199
2026-01-04 13:35:00,D02,46.05861919942706,31.688665597742638,55.21105014532199
2026-01-04 13:35:00,D03,35.66939425447281,31.688665597742638,55.21105014532199
2026-01-04 13:35:00,D04,36.21044313865793,31.688665597742638,55.21105014532199
2026-01-04 13:35:00,D05,48.221976556394544,31.688665597742638,55.21105014532199
2026-01-04 13:40:00,D01,37.80155527559941,31.888843830501557,55.47913886141237
2026-01-04 13:40:00,D02,46.04777205639593,31.888843830501557,55.47913886141237
2026-01-04 13:40:00,D03,36.808047240746426,31.888843830501557,55.47913886141237
2026-01-04 13:40:00,D04,36.744235510738804,31.888843830501557,55.47913886141237
2026-01-04 13:40:00,D05,50.08727536577487,31.888843830501557,55.47913886141237
2026-01-04 13:45:00,D01,35.59137296915061,30.459393068374702,57.60164027640533
2026-01-04 13:45:00,D02,45.026166124658275,30.459393068374702,57.60164027640533
2026-01-04 13:45:00,D03,32.19201004384817,30.459393068374702,57.60164027640533
2026-01-04 13:45:00,D04,32.41058740574984,30.459393068374702,57.60164027640533
2026-01-04 13:45:00,D05,45.84095263658812,30.459393068374702,57.60164027640533
2026-01-04 13:50:00,D01,35.42648462974746,32.01459119836906,55.627025545415734
2026-01-04 13:50:00,D02,46.30753324211479,32.01459119836906,55.627025545415734
2026-01-04 13:50:00,D03,34.01614355261627,32.01459119836906,55.627025545415734
2026-01-04 13:50:00,D04,34.618149980472744,32.01459119836906,55.627025545415734
2026-01-04 13:50:00,D05,47.134328449352395,32.01459119836906,55.627025545415734
2026-01-04 13:55:00,D01,31.696466786927797,31.21550640919701,54.22113537297256
2026-01-04 13:55:00,D02,42.24170638716191,31.21550640919701,54.22113537297256
2026-01-04 13:55:00,D03,32.81906948858127,31.21550640919701,54.22113537297256
2026-01-04 13:55:00,D04,32.53389110461793,31.21550640919701,54.22113537297256
2026-01-04 13:55:00,D05,45.827155966980854,31.21550640919701,54.22113537297256
2026-01-04 14:00:00,D01,36.14137262253191,31.542871985542305,57.45522362546588
2026-01-04 14:00:00,D02,44.77875767014244,31.542871985542305,57.45522362546588
2026-01-04 14:00:00,D03,35.83130961919078,31.542871985542305,57.45522362546588
2026-01-04 14:00:00,D04,35.23497312606491,31.542871985542305,57.45522362546588
2026-01-04 14:00:00,D05,48.44305018258319,31.542871985542305,57.45522362546588
2026-01-04 14:05:00,D01,37.35012842614625,31.87318281518735,56.143566297473456
2026-01-04 14:05:00,D02,45.1302347835556,31.87318281518735,56.143566297473456
2026-01-04 14:05:00,D03,35.723880896090726,31.87318281518735,56.143566297473456
2026-01-04 14:05:00,D04,37.470722644658714,31.87318281518735,56.143566297473456
2026-01-04 14:05:00,D05,51.05763202043841,31.87318281518735,56.143566297473456
2026-01-04 14:10:00,D01,32.88125566667288,30.531120380449202,56.6131793401703
2026-01-04 14:10:00,D02,44.030887575637514,30.531120380449202,56.6131793401703
2026-01-04 14:10:00,D03,33.54414263930196,30.531120380449202,56.6131793401703
2026-01-04 14:10:00,D04,34.737515922735625,30.531120380449202,56.6131793401703
2026-01-04 14:10:00,D05,47.224679490895156,30.531120380449202,56.6131793401703
2026-01-04 14:15:00,D01,36.94038261385266,30.80262756029895,59.09667133657382
2026-01-04 14:15:00,D02,47.36535301547702,30.80262756029895,59.09667133657382
2026-01-04 14:15:00,D03,38.08148302104834,30.80262756029895,59.09667133657382
2026-01-04 14:15:00,D04,37.24221829186527,30.80262756029895,59.09667133657382
2026-01-04 14:15:00,D05,49.66768398007152,30.80262756029895,59.09667133657382
2026-01-04 14:20:00,D01,31.503744295886975,30.951485873507103,56.77763872108433
2026-01-04 14:20:00,D02,41.75448979025394,30.951485873507103,56.77763872108433
2026-01-04 14:20:00,D03,32.25319880664822,30.951485873507103,56.77763872108433
2026-01-04 14:20:00,D04,31.218355577694922,30.951485873507103,56.77763872108433
2026-01-04 14:20:00,D05,43.83187334195172,30.951485873507103,56.77763872108433
2026-01-04 14:25:00,D01,29.053570957179208,30.640346260775203,57.36932946700325
2026-01-04 14:25:00,D02,42.47292088122787,30.640346260775203,57.36932946700325
2026-01-04 14:25:00,D03,31.083126755547738,30.640346260775203,57.36932946700325
2026-01-04 14:25:00,D04,28.393675420370304,30.640346260775203,57.36932946700325
2026-01-04 14:25:00,D05,42.78339890108677,30.640346260775203,57.36932946700325
2026-01-04 14:30:00,D01,34.499367755450294,31.834234989374586,55.298081360140145
2026-01-04 14:30:00,D02,45.39719819299128,31.834234989374586,55.298081360140145
2026-01-04 14:30:00,D03,35.45424845792941,31.834234989374586,55.298081360140145
2026-01-04 14:30:00,D04,33.28442830509138,31.834234989374586,55.298081360140145
2026-01-04 14:30:00,D05,47.84564412888086,31.834234989374586,55.298081360140145
2026-01-04 14:35:00,D01,33.948833179432704,30.47103636855101,56.871650990544744
2026-01-04 14:35:00,D02,47.525759650729974,30.47103636855101,56.871650990544744
2026-01-04 14:35:00,D03,36.805424520290394,30.47103636855101,56.871650990544744
2026-01-04 14:35:00,D04,34.69662554682384,30.47103636855101,56.871650990544744
2026-01-04 14:35:00,D05,47.86916551463277,30.47103636855101,56.871650990544744
2026-01-04 14:40:00,D01,36.99303859898297,30.552448825851457,58.25384463662312
2026-01-04 14:40:00,D02,46.271936707834385,30.552448825851457,58.25384463662312
2026-01-04 14:40:00,D03,37.353351315180745,30.552448825851457,58.25384463662312
2026-01-04 14:40:00,D04,35.50901285511566,30.552448825851457,58.25384463662312
2026-01-04 14:40:00,D05,47.57758932615585,30.552448825851457,58.25384463662312
2026-01-04 14:45:00,D01,33.35406307939667,30.861393553196383,55.14854132444835
2026-01-04 14:45:00,D02,42.478087958048654,30.861393553196383,55.14854132444835
2026-01-04 14:45:00,D03,32.54338510617149,30.861393553196383,55.14854132444835
2026-01-04 14:45:00,D04,32.452796845584814,30.861393553196383,55.14854132444835
2026-01-04 14:45:00,D05,,30.861393553196383,55.14854132444835
2026-01-04 14:50:00,D01,34.924583130062146,30.085311921012583,57.928494271572305
2026-01-04 14:50:00,D02,46.5028730479527,30.085311921012583,57.928494271572305
2026-01-04 14:50:00,D03,36.058780685825525,30.085311921012583,57.928494271572305
2026-01-04 14:50:00,D04,35.7135401510321,30.085311921012583,57.928494271572305
2026-01-04 14:50:00,D05,47.22535991673706,30.085311921012583,57.928494271572305
2026-01-04 14:55:00,D01,34.684968373362786,30.413979454420645,57.927546988369656
2026-01-04 14:55:00,D02,43.80828816428806,30.413979454420645,57.927546988369656
2026-01-04 14:55:00,D03,33.322119924977095,30.413979454420645,57.927546988369656
2026-01-04 14:55:00,D04,34.82250784544937,30.413979454420645,57.927546988369656
2026-01-04 14:55:00,D05,46.285152569413924,30.413979454420645,57.927546988369656
2026-01-04 15:00:00,D01,31.123176688834423,30.69426053655783,57.99086337151567
2026-01-04 15:00:00,D02,44.47834084925244,30.69426053655783,57.99086337151567
2026-01-04 15:00:00,D03,33.64447766005886,30.69426053655783,57.99086337151567
2026-01-04 15:00:00,D04,32.6501682496536,30.69426053655783,57.99086337151567
2026-01-04 15:00:00,D05,45.453907988405646,30.69426053655783,57.99086337151567
2026-01-04 15:05:00,D01,35.734940936007625,30.2911350767201,59.64060779016466
2026-01-04 15:05:00,D02,45.33642539700443,30.2911350767201,59.64060779016466
2026-01-04 15:05:00,D03,35.4432416311141,30.2911350767201,59.64060779016466
2026-01-04 15:05:00,D04,,30.2911350767201,59.64060779016466
2026-01-04 15:05:00,D05,125.26550285908726,30.2911350767201,59.64060779016466
2026-01-04 15:10:00,D01,34.60700944513252,30.331257608628324,58.745755696116184
2026-01-04 15:10:00,D02,46.16211548786838,30.331257608628324,58.745755696116184
2026-01-04 15:10:00,D03,32.91361848730787,30.331257608628324,58.745755696116184
2026-01-04 15:10:00,D04,33.18412835738895,30.331257608628324,58.745755696116184
2026-01-04 15:10:00,D05,46.00234925872414,30.331257608628324,58.745755696116184
2026-01-04 15:15:00,D01,27.612784362931045,30.032063019276155,60.62364969653398
2026-01-04 15:15:00,D02,40.26089496631475,30.032063019276155,60.62364969653398
2026-01-04 15:15:00,D03,28.24285444050003,30.032063019276155,60.62364969653398
2026-01-04 15:15:00,D04,29.939381886784037,30.032063019276155,60.62364969653398
2026-01-04 15:15:00,D05,41.994534870332046,30.032063019276155,60.62364969653398
2026-01-04 15:20:00,D01,38.00343056730253,29.45670289384232,57.08173962974354
2026-01-04 15:20:00,D02,46.7567888275132,29.45670289384232,57.08173962974354
2026-01-04 15:20:00,D03,34.59138672385792,29.45670289384232,57.08173962974354
2026-01-04 15:20:00,D04,,29.45670289384232,57.08173962974354
2026-01-04 15:20:00,D05,50.04245111838066,29.45670289384232,57.08173962974354
2026-01-04 15:25:00,D01,34.897592591862114,30.290413966589924,58.94465212898692
2026-01-04 15:25:00,D02,45.049733600556806,30.290413966589924,58.94465212898692
2026-01-04 15:25:00,D03,35.937476567432995,30.290413966589924,58.94465212898692
2026-01-04 15:25:00,D04,35.81816588696049,30.290413966589924,58.94465212898692
2026-01-04 15:25:00,D05,47.63504711701024,30.290413966589924,58.94465212898692
2026-01-04 15:30:00,D01,29.937857171912977,30.92127368086722,59.03908588949773
2026-01-04 15:30:00,D02,41.251464634240435,30.92127368086722,59.03908588949773
2026-01-04 15:30:00,D03,29.239032197297362,30.92127368086722,59.03908588949773
2026-01-04 15:30:00,D04,30.301592220504038,30.92127368086722,59.03908588949773
2026-01-04 15:30:00,D05,44.067090983070415,30.92127368086722,59.03908588949773
2026-01-04 15:35:00,D01,31.320073829416,29.965749057209635,57.483021775731544
2026-01-04 15:35:00,D02,44.069867214639984,29.965749057209635,57.483021775731544
2026-01-04 15:35:00,D03,33.12191841330801,29.965749057209635,57.483021775731544
2026-01-04 15:35:00,D04,33.87919834366496,29.965749057209635,57.483021775731544
2026-01-04 15:35:00,D05,45.11056873936431,29.965749057209635,57.483021775731544
2026-01-04 15:40:00,D01,32.576521902015884,29.980514240379012,60.698678139626544
2026-01-04 15:40:00,D02,44.85120544518176,29.980514240379012,60.698678139626544
2026-01-04 15:40:00,D03,33.15908302076852,29.980514240379012,60.698678139626544
2026-01-04 15:40:00,D04,33.04257000389331,29.980514240379012,60.698678139626544
2026-01-04 15:40:00,D05,45.62310541842505,29.980514240379012,60.698678139626544
2026-01-04 15:45:00,D01,32.0792445362324,30.12421254265645,62.931307628583184
2026-01-04 15:45:00,D02,43.387501261158924,30.12421254265645,62.931307628583184
2026-01-04 15:45:00,D03,33.36929946730856,30.12421254265645,62.931307628583184
2026-01-04 15:45:00,D04,32.47812899255394,30.12421254265645,62.931307628583184
2026-01-04 15:45:00,D05,45.746435659769304,30.12421254265645,62.931307628583184
2026-01-04 15:50:00,D01,30.568120762719975,29.051832793460765,59.60149480480602
2026-01-04 15:50:00,D02,40.843841923784154,29.051832793460765,59.60149480480602
2026-01-04 15:50:00,D03,30.645813924844198,29.051832793460765,59.60149480480602
2026-01-04 15:50:00,D04,30.615430121749952,29.051832793460765,59.60149480480602
2026-01-04 15:50:00,D05,44.19949183383161,29.051832793460765,59.60149480480602
2026-01-04 15:55:00,D01,29.809838401170477,30.445123619867417,60.56979905080543
2026-01-04 15:55:00,D02,41.9564336067739,30.445123619867417,60.56979905080543
2026-01-04 15:55:00,D03,28.764425166810536,30.445123619867417,60.56979905080543
2026-01-04 15:55:00,D04,29.3424784370833,30.445123619867417,60.56979905080543
2026-01-04 15:55:00,D05,43.31509373629193,30.445123619867417,60.56979905080543
2026-01-04 16:00:00,D01,31.921863130287807,29.60116439821141,60.12677771372298
2026-01-04 16:00:00,D02,39.5780487420566,29.60116439821141,60.12677771372298
2026-01-04 16:00:00,D03,30.32928285952459,29.60116439821141,60.12677771372298
2026-01-04 16:00:00,D04,31.23144726533189,29.60116439821141,60.12677771372298
2026-01-04 16:00:00,D05,44.130539255386225,29.60116439821141,60.12677771372298
2026-01-04 16:05:00,D01,33.19056064878042,30.220872294141486,59.11973530594537
2026-01-04 16:05:00,D02,42.64727111641322,30.220872294141486,59.11973530594537
2026-01-04 16:05:00,D03,32.39619495954584,30.220872294141486,59.11973530594537
2026-01-04 16:05:00,D04,33.871951398997034,30.220872294141486,59.11973530594537
2026-01-04 16:05:00,D05,46.8225402832642,30.220872294141486,59.11973530594537
2026-01-04 16:10:00,D01,30.282127860166188,28.94222656841318,57.65137345094662
2026-01-04 16:10:00,D02,43.39996689586413,28.94222656841318,57.65137345094662
2026-01-04 16:10:00,D03,31.67914801107352,28.94222656841318,57.65137345094662
2026-01-04 16:10:00,D04,30.816437368763754,28.94222656841318,57.65137345094662
2026-01-04 16:10:00,D05,44.607514275515875,28.94222656841318,57.65137345094662
2026-01-04 16:15:00,D01,30.140682424851263,30.120474412373923,59.51845287316693
2026-01-04 16:15:00,D02,40.815318529855766,30.120474412373923,59.51845287316693
2026-01-04 16:15:00,D03,30.10714235307698,30.120474412373923,59.51845287316693
2026-01-04 16:15:00,D04,30.369638173264427,30.120474412373923,59.51845287316693
2026-01-04 16:15:00,D05,43.213503959416975,30.120474412373923,59.51845287316693
2026-01-04 16:20:00,D01,30.112841897556912,29.5006690557209,58.68587981116539
2026-01-04 16:20:00,D02,43.60692501346875,29.5006690557209,58.68587981116539
2026-01-04 16:20:00,D03,31.314878024709135,29.5006690557209,58.68587981116539
2026-01-04 16:20:00,D04,33.69519746942873,29.5006690557209,58.68587981116539
2026-01-04 16:20:00,D05,45.964023718032536,29.5006690557209,58.68587981116539
2026-01-04 16:25:00,D01,25.50357059843677,29.29025349221986,63.52868621850131
2026-01-04 16:25:00,D02,35.74522485970437,29.29025349221986,63.52868621850131
2026-01-04 16:25:00,D03,26.62046195819767,29.29025349221986,63.52868621850131
2026-01-04 16:25:00,D04,25.583618100915505,29.29025349221986,63.52868621850131
2026-01-04 16:25:00,D05,39.30056336217072,29.29025349221986,63.52868621850131
2026-01-04 16:30:00,D01,32.07943584534871,29.030429389002027,61.00050113546423
2026-01-04 16:30:00,D02,44.17062469827492,29.030429389002027,61.00050113546423
2026-01-04 16:30:00,D03,31.733454703678902,29.030429389002027,61.00050113546423
2026-01-04 16:30:00,D04,34.42602622540065,29.030429389002027,61.00050113546423
2026-01-04 16:30:00,D05,45.32339770672476,29.030429389002027,61.00050113546423
2026-01-04 16:35:00,D01,27.363854104531608,28.68792588238129,60.85674062359221
2026-01-04 16:35:00,D02,36.93695941497498,28.68792588238129,60.85674062359221
2026-01-04 16:35:00,D03,116.95568506591482,28.68792588238129,60.85674062359221
2026-01-04 16:35:00,D04,27.608221072921648,28.68792588238129,60.85674062359221
2026-01-04 16:35:00,D05,40.21187811763025,28.68792588238129,60.85674062359221
2026-01-04 16:40:00,D01,31.192266890859266,29.31036654586529,62.913529303925
2026-01-04 16:40:00,D02,41.00947204007936,29.31036654586529,62.913529303925
2026-01-04 16:40:00,D03,31.063354940774,29.31036654586529,62.913529303925
2026-01-04 16:40:00,D04,,29.31036654586529,62.913529303925
2026-01-04 16:40:00,D05,42.07410269497984,29.31036654586529,62.913529303925
2026-01-04 16:45:00,D01,27.342610220528663,28.677377261439833,60.10297869268455
2026-01-04 16:45:00,D02,39.85649304698192,28.677377261439833,60.10297869268455
2026-01-04 16:45:00,D03,85.58410736742636,28.677377261439833,60.10297869268455
2026-01-04 16:45:00,D04,29.082118676634263,28.677377261439833,60.10297869268455
2026-01-04 16:45:00,D05,41.06031562850609,28.677377261439833,60.10297869268455
2026-01-04 16:50:00,D01,28.934723799588046,27.519994145727797,60.84264594795043
2026-01-04 16:50:00,D02,39.67466330629748,27.519994145727797,60.84264594795043
2026-01-04 16:50:00,D03,27.179700933579177,27.519994145727797,60.84264594795043
2026-01-04 16:50:00,D04,26.732441422773217,27.519994145727797,60.84264594795043
2026-01-04 16:50:00,D05,42.09977816982001,27.519994145727797,60.84264594795043
2026-01-04 16:55:00,D01,32.287765464211596,27.84055183930147,62.303818263562995
2026-01-04 16:55:00,D02,45.32528004514943,27.84055183930147,62.303818263562995
2026-01-04 16:55:00,D03,33.06360591007465,27.84055183930147,62.303818263562995
2026-01-04 16:55:00,D04,32.51271784116959,27.84055183930147,62.303818263562995
2026-01-04 16:55:00,D05,45.42284182922747,27.84055183930147,62.303818263562995
2026-01-04 17:00:00,D01,31.158534136551122,28.201172349416222,63.95496303611003
2026-01-04 17:00:00,D02,40.24993405590356,28.201172349416222,63.95496303611003
2026-01-04 17:00:00,D03,28.12796820093492,28.201172349416222,63.95496303611003
2026-01-04 17:00:00,D04,29.12934297716831,28.201172349416222,63.95496303611003
2026-01-04 17:00:00,D05,42.559964415690814,28.201172349416222,63.95496303611003
2026-01-04 17:05:00,D01,30.614434452130606,28.343428953213646,63.37566864449145
2026-01-04 17:05:00,D02,41.863919988404284,28.343428953213646,63.37566864449145
2026-01-04 17:05:00,D03,31.890494100362567,28.343428953213646,63.37566864449145
2026-01-04 17:05:00,D04,30.301308669522886,28.343428953213646,63.37566864449145
2026-01-04 17:05:00,D05,43.00582082074236,28.343428953213646,63.37566864449145
2026-01-04 17:10:00,D01,29.3027057855356,28.05390382524057,63.20809157439278
2026-01-04 17:10:00,D02,39.24037370140939,28.05390382524057,63.20809157439278
2026-01-04 17:10:00,D03,30.069213989506025,28.05390382524057,63.20809157439278
2026-01-04 17:10:00,D04,32.52216599289665,28.05390382524057,63.20809157439278
2026-01-04 17:10:00,D05,42.8575123944017,28.05390382524057,63.20809157439278
2026-01-04 17:15:00,D01,31.83346730080923,28.584937004977483,63.16627338269272
2026-01-04 17:15:00,D02,41.245090402129115,28.584937004977483,63.16627338269272
2026-01-04 17:15:00,D03,30.736908635827255,28.584937004977483,63.16627338269272
2026-01-04 17:15:00,D04,31.073583542368848,28.584937004977483,63.16627338269272
2026-01-04 17:15:00,D05,42.88570173804624,28.584937004977483,63.16627338269272
2026-01-04 17:20:00,D01,29.8697765223748,26.89268995631534,63.86387200662085
2026-01-04 17:20:00,D02,40.75268268915808,26.89268995631534,63.86387200662085
2026-01-04 17:20:00,D03,29.081821405342165,26.89268995631534,63.86387200662085
2026-01-04 17:20:00,D04,32.115627962537765,26.89268995631534,63.86387200662085
2026-01-04 17:20:00,D05,43.884546818155435,26.89268995631534,63.86387200662085
2026-01-04 17:25:00,D01,26.70895093281625,27.83241089920217,63.78124549579471
2026-01-04 17:25:00,D02,39.25084406870052,27.83241089920217,63.78124549579471
2026-01-04 17:25:00,D03,25.07289432831624,27.83241089920217,63.78124549579471
2026-01-04 17:25:00,D04,27.893990927458255,27.83241089920217,63.78124549579471
2026-01-04 17:25:00,D05,41.23114903957965,27.83241089920217,63.78124549579471
2026-01-04 17:30:00,D01,31.600245174452386,26.743641348406687,62.149779665634064
2026-01-04 17:30:00,D02,42.12713352885811,26.743641348406687,62.149779665634064
2026-01-04 17:30:00,D03,31.039544168120422,26.743641348406687,62.149779665634064
2026-01-04 17:30:00,D04,31.257163214429447,26.743641348406687,62.149779665634064
2026-01-04 17:30:00,D05,45.74003617081491,26.743641348406687,62.149779665634064
2026-01-04 17:35:00,D01,29.02731691927118,27.9241905220019,63.980450083930094
2026-01-04 17:35:00,D02,40.53823865730723,27.9241905220019,63.980450083930094
2026-01-04 17:35:00,D03,30.184721647067086,27.9241905220019,63.980450083930094
2026-01-04 17:35:00,D04,28.662335687550573,27.9241905220019,63.980450083930094
2026-01-04 17:35:00,D05,86.34289546378807,27.9241905220019,63.980450083930094
2026-01-04 17:40:00,D01,28.267069353007898,27.38854935651729,62.517909584146786
2026-01-04 17:40:00,D02,37.60316824921654,27.38854935651729,62.517909584146786
2026-01-04 17:40:00,D03,26.522055793288242,27.38854935651729,62.517909584146786
2026-01-04 17:40:00,D04,26.886407893949695,27.38854935651729,62.517909584146786
2026-01-04 17:40:00,D05,,27.38854935651729,62.517909584146786
2026-01-04 17:45:00,D01,27.23109270022256,27.53682063216278,64.4675925220498
2026-01-04 17:45:00,D02,39.67783863329691,27.53682063216278,64.4675925220498
2026-01-04 17:45:00,D03,28.995851588567092,27.53682063216278,64.4675925220498
2026-01-04 17:45:00,D04,28.823372120107543,27.53682063216278,64.4675925220498
2026-01-04 17:45:00,D05,,27.53682063216278,64.4675925220498
2026-01-04 17:50:00,D01,33.03411802440046,26.786155456531805,63.842834214114255
2026-01-04 17:50:00,D02,43.95968319562549,26.786155456531805,63.842834214114255
2026-01-04 17:50:00,D03,33.6665917237385,26.786155456531805,63.842834214114255
2026-01-04 17:50:00,D04,32.737085144059755,26.786155456531805,63.842834214114255
2026-01-04 17:50:00,D05,45.59794204506143,26.786155456531805,63.842834214114255
2026-01-04 17:55:00,D01,32.32772680808194,27.74880689100168,68.59092358382868
2026-01-04 17:55:00,D02,42.021344260529894,27.74880689100168,68.59092358382868
2026-01-04 17:55:00,D03,33.50849209154416,27.74880689100168,68.59092358382868
2026-01-04 17:55:00,D04,32.276567173949125,27.74880689100168,68.59092358382868
2026-01-04 17:55:00,D05,42.846188227722145,27.74880689100168,68.59092358382868
2026-01-04 18:00:00,D01,29.496144306176078,27.52086233202943,64.94015842437243
2026-01-04 18:00:00,D02,39.59326146075911,27.52086233202943,64.94015842437243
2026-01-04 18:00:00,D03,30.62770038612992,27.52086233202943,64.94015842437243
2026-01-04 18:00:00,D04,,27.52086233202943,64.94015842437243
2026-01-04 18:00:00,D05,42.23862500650205,27.52086233202943,64.94015842437243
2026-01-04 18:05:00,D01,30.61372948999759,27.182697726333146,63.111789500953215
2026-01-04 18:05:00,D02,38.328606950754086,27.182697726333146,63.111789500953215
2026-01-04 18:05:00,D03,28.331529316747865,27.182697726333146,63.111789500953215
2026-01-04 18:05:00,D04,29.993858043294782,27.182697726333146,63.111789500953215
2026-01-04 18:05:00,D05,41.84504334780878,27.182697726333146,63.111789500953215
2026-01-04 18:10:00,D01,29.29190235198813,26.717144439741606,65.23492355763796
2026-01-04 18:10:00,D02,39.857747568711574,26.717144439741606,65.23492355763796
2026-01-04 18:10:00,D03,27.42367711030925,26.717144439741606,65.23492355763796
2026-01-04 18:10:00,D04,30.892932259272506,26.717144439741606,65.23492355763796
2026-01-04 18:10:00,D05,42.75187717092369,26.717144439741606,65.23492355763796
2026-01-04 18:15:00,D01,33.9903552925497,26.962912996496854,66.43306941075826
2026-01-04 18:15:00,D02,44.44431824119238,26.962912996496854,66.43306941075826
2026-01-04 18:15:00,D03,36.53452099383575,26.962912996496854,66.43306941075826
2026-01-04 18:15:00,D04,33.703420901955205,26.962912996496854,66.43306941075826
2026-01-04 18:15:00,D05,,26.962912996496854,66.43306941075826
2026-01-04 18:20:00,D01,31.394253470558994,26.21077500226804,68.38160334670536
2026-01-04 18:20:00,D02,41.045248145114684,26.21077500226804,68.38160334670536
2026-01-04 18:20:00,D03,33.0709155352051,26.21077500226804,68.38160334670536
2026-01-04 18:20:00,D04,31.915816508073675,26.21077500226804,68.38160334670536
2026-01-04 18:20:00,D05,45.03333291638876,26.21077500226804,68.38160334670536
2026-01-04 18:25:00,D01,31.018833727110295,26.883443455250536,65.20449014861155
2026-01-04 18:25:00,D02,42.10562374397975,26.883443455250536,65.20449014861155
2026-01-04 18:25:00,D03,31.107973508588227,26.883443455250536,65.20449014861155
2026-01-04 18:25:00,D04,32.31312184145334,26.883443455250536,65.20449014861155
2026-01-04 18:25:00,D05,45.91063782473178,26.883443455250536,65.20449014861155
2026-01-04 18:30:00,D01,31.755709556045105,27.172109486061704,63.931619961165055
2026-01-04 18:30:00,D02,43.58390657465951,27.172109486061704,63.931619961165055
2026-01-04 18:30:00,D03,30.875630048743755,27.172109486061704,63.931619961165055
2026-01-04 18:30:00,D04,33.44001908786282,27.172109486061704,63.931619961165055
2026-01-04 18:30:00,D05,46.44147877430149,27.172109486061704,63.931619961165055
2026-01-04 18:35:00,D01,31.110107252961797,26.774688349040012,67.74648937904563
2026-01-04 18:35:00,D02,41.615239603873825,26.774688349040012,67.74648937904563
2026-01-04 18:35:00,D03,31.557189747269355,26.774688349040012,67.74648937904563
2026-01-04 18:35:00,D04,28.834032402968248,26.774688349040012,67.74648937904563
2026-01-04 18:35:00,D05,43.980240543154565,26.774688349040012,67.74648937904563
2026-01-04 18:40:00,D01,28.98130988501987,25.766957876761648,64.66558371781981
2026-01-04 18:40:00,D02,41.428260812854724,25.766957876761648,64.66558371781981
2026-01-04 18:40:00,D03,29.525854492223903,25.766957876761648,64.66558371781981
2026-01-04 18:40:00,D04,31.43152470869938,25.766957876761648,64.66558371781981
2026-01-04 18:40:00,D05,43.12289724638209,25.766957876761648,64.66558371781981
2026-01-04 18:45:00,D01,29.188270345778413,26.205257048555914,66.29667005790004
2026-01-04 18:45:00,D02,41.183942426109496,26.205257048555914,66.29667005790004
2026-01-04 18:45:00,D03,29.68646637469113,26.205257048555914,66.29667005790004
2026-01-04 18:45:00,D04,29.16304851674227,26.205257048555914,66.29667005790004
2026-01-04 18:45:00,D05,44.17519899481779,26.205257048555914,66.29667005790004
2026-01-04 18:50:00,D01,29.565843388206922,25.27123115843016,66.77796541111454
2026-01-04 18:50:00,D02,40.61763978096094,25.27123115843016,66.77796541111454
2026-01-04 18:50:00,D03,30.988296253077664,25.27123115843016,66.77796541111454
2026-01-04 18:50:00,D04,28.253165106156086,25.27123115843016,66.77796541111454
2026-01-04 18:50:00,D05,43.86576160883473,25.27123115843016,66.77796541111454
2026-01-04 18:55:00,D01,31.56520398901411,26.097765693956973,67.27240874331156
2026-01-04 18:55:00,D02,40.57806266224002,26.097765693956973,67.27240874331156
2026-01-04 18:55:00,D03,30.546509575721,26.097765693956973,67.27240874331156
2026-01-04 18:55:00,D04,31.98524491963371,26.097765693956973,67.27240874331156
2026-01-04 18:55:00,D05,43.460154176206004,26.097765693956973,67.27240874331156
2026-01-04 19:00:00,D01,28.574984468397556,25.93120648091867,68.6219371366367
2026-01-04 19:00:00,D02,42.94753273856947,25.93120648091867,68.6219371366367
2026-01-04 19:00:00,D03,30.610185913368326,25.93120648091867,68.6219371366367
2026-01-04 19:00:00,D04,32.30940519255723,25.93120648091867,68.6219371366367
2026-01-04 19:00:00,D05,,25.93120648091867,68.6219371366367
2026-01-04 19:05:00,D01,30.89899206251825,24.665946760078963,66.77283871688032
2026-01-04 19:05:00,D02,41.925795573389216,24.665946760078963,66.77283871688032
2026-01-04 19:05:00,D03,30.178651292673333,24.665946760078963,66.77283871688032
2026-01-04 19:05:00,D04,,24.665946760078963,66.77283871688032
2026-01-04 19:05:00,D05,,24.665946760078963,66.77283871688032
2026-01-04 19:10:00,D01,31.962382461149105,24.915579080522456,67.59646411679259
2026-01-04 19:10:00,D02,44.18451574802505,24.915579080522456,67.59646411679259
2026-01-04 19:10:00,D03,32.58926357561023,24.915579080522456,67.59646411679259
2026-01-04 19:10:00,D04,31.596038291036898,24.915579080522456,67.59646411679259
2026-01-04 19:10:00,D05,44.07614066037101,24.915579080522456,67.59646411679259
2026-01-04 19:15:00,D01,28.688395085593648,25.251233225112312,68.19298912360752
2026-01-04 19:15:00,D02,42.428924942129186,25.251233225112312,68.19298912360752
2026-01-04 19:15:00,D03,30.879517767236788,25.251233225112312,68.19298912360752
2026-01-04 19:15:00,D04,30.551363457328748,25.251233225112312,68.19298912360752
2026-01-04 19:15:00,D05,43.774504242019866,25.251233225112312,68.19298912360752
2026-01-04 19:20:00,D01,31.070070951909102,25.139469409801247,68.64459836953486
2026-01-04 19:20:00,D02,41.09728307693591,25.139469409801247,68.64459836953486
2026-01-04 19:20:00,D03,31.022360747131575,25.139469409801247,68.64459836953486
2026-01-04 19:20:00,D04,30.62102765192666,25.139469409801247,68.64459836953486
2026-01-04 19:20:00,D05,44.40859674963667,25.139469409801247,68.64459836953486
2026-01-04 19:25:00,D01,27.159271929939333,24.583071340872078,68.77112114489891
2026-01-04 19:25:00,D02,37.469851126963164,24.583071340872078,68.77112114489891
2026-01-04 19:25:00,D03,27.616942892583666,24.583071340872078,68.77112114489891
2026-01-04 19:25:00,D04,26.05931712727821,24.583071340872078,68.77112114489891
2026-01-04 19:25:00,D05,39.88957295611841,24.583071340872078,68.77112114489891
2026-01-04 19:30:00,D01,33.1834992556495,25.281072202850634,69.48084298648479
2026-01-04 19:30:00,D02,44.16314085650515,25.281072202850634,69.48084298648479
2026-01-04 19:30:00,D03,32.23214303647483,25.281072202850634,69.48084298648479
2026-01-04 19:30:00,D04,32.616850871692826,25.281072202850634,69.48084298648479
2026-01-04 19:30:00,D05,45.831528336047334,25.281072202850634,69.48084298648479
2026-01-04 19:35:00,D01,28.88803409755656,25.112003355176583,70.29322616304995
2026-01-04 19:35:00,D02,43.51604852426842,25.112003355176583,70.29322616304995
2026-01-04 19:35:00,D03,31.71853193582058,25.112003355176583,70.29322616304995
2026-01-04 19:35:00,D04,31.653000367899306,25.112003355176583,70.29322616304995
2026-01-04 19:35:00,D05,44.75781716304176,25.112003355176583,70.29322616304995
2026-01-04 19:40:00,D01,34.29933176120724,24.789774125307254,69.81513379088341
2026-01-04 19:40:00,D02,44.79002596197819,24.789774125307254,69.81513379088341
2026-01-04 19:40:00,D03,29.5573632491752,24.789774125307254,69.81513379088341
2026-01-04 19:40:00,D04,31.61130834075609,24.789774125307254,69.81513379088341
2026-01-04 19:40:00,D05,44.795879654176545,24.789774125307254,69.81513379088341
2026-01-04 19:45:00,D01,24.501025123600886,24.410660798825813,70.10326518745384
2026-01-04 19:45:00,D02,36.102923697687636,24.410660798825813,70.10326518745384
2026-01-04 19:45:00,D03,24.789111634442914,24.410660798825813,70.10326518745384
2026-01-04 19:45:00,D04,25.29439395377184,24.410660798825813,70.10326518745384
2026-01-04 19:45:00,D05,36.936277973364334,24.410660798825813,70.10326518745384
2026-01-04 19:50:00,D01,35.9932088245324,25.215610497033115,67.24415138223063
2026-01-04 19:50:00,D02,44.99058368589661,25.215610497033115,67.24415138223063
2026-01-04 19:50:00,D03,36.07054398635487,25.215610497033115,67.24415138223063
2026-01-04 19:50:00,D04,33.519116205912006,25.215610497033115,67.24415138223063
2026-01-04 19:50:00,D05,48.32570439240824,25.215610497033115,67.24415138223063
2026-01-04 19:55:00,D01,31.694626967296866,25.42275971194721,69.8852292379424
2026-01-04 19:55:00,D02,40.90250762922755,25.42275971194721,69.8852292379424
2026-01-04 19:55:00,D03,30.563158719497437,25.42275971194721,69.8852292379424
2026-01-04 19:55:00,D04,32.873904588731676,25.42275971194721,69.8852292379424
2026-01-04 19:55:00,D05,44.237919972161734,25.42275971194721,69.8852292379424
2026-01-04 20:00:00,D01,32.679414510011355,24.25821925807674,70.7192613220024
2026-01-04 20:00:00,D02,44.786561487121276,24.25821925807674,70.7192613220024
2026-01-04 20:00:00,D03,33.089884203913535,24.25821925807674,70.7192613220024
2026-01-04 20:00:00,D04,33.45353023538977,24.25821925807674,70.7192613220024
2026-01-04 20:00:00,D05,45.91408652547927,24.25821925807674,70.7192613220024
2026-01-04 20:05:00,D01,30.031529391371024,24.100050250619972,71.2811443734609
2026-01-04 20:05:00,D02,40.68103695392769,24.100050250619972,71.2811443734609
2026-01-04 20:05:00,D03,28.329616487244653,24.100050250619972,71.2811443734609
2026-01-04 20:05:00,D04,28.29957405368769,24.100050250619972,71.2811443734609
2026-01-04 20:05:00,D05,42.05651913273813,24.100050250619972,71.2811443734609
2026-01-04 20:10:00,D01,32.40614011108392,24.559105790971888,69.33446992211753
2026-01-04 20:10:00,D02,42.67062147235842,24.559105790971888,69.33446992211753
2026-01-04 20:10:00,D03,33.794999244725425,24.559105790971888,69.33446992211753
2026-01-04 20:10:00,D04,33.30485155268589,24.559105790971888,69.33446992211753
2026-01-04 20:10:00,D05,46.26058834903692,24.559105790971888,69.33446992211753
2026-01-04 20:15:00,D01,27.50709557128907,24.043134145028507,69.56714341786304
2026-01-04 20:15:00,D02,40.61063541362568,24.043134145028507,69.56714341786304
2026-01-04 20:15:00,D03,30.126936024167797,24.043134145028507,69.56714341786304
2026-01-04 20:15:00,D04,28.831773364485237,24.043134145028507,69.56714341786304
2026-01-04 20:15:00,D05,44.34402261217359,24.043134145028507,69.56714341786304
2026-01-04 20:20:00,D01,31.728683561246243,24.062419217913153,69.87461335058507
2026-01-04 20:20:00,D02,42.189684603112084,24.062419217913153,69.87461335058507
2026-01-04 20:20:00,D03,31.386356233541548,24.062419217913153,69.87461335058507
2026-01-04 20:20:00,D04,30.53168429957576,24.062419217913153,69.87461335058507
2026-01-04 20:20:00,D05,45.27313926345966,24.062419217913153,69.87461335058507
2026-01-04 20:25:00,D01,34.98857170204249,24.413278334044424,71.71771733347285
2026-01-04 20:25:00,D02,45.619834176286076,24.413278334044424,71.71771733347285
2026-01-04 20:25:00,D03,34.037402703100845,24.413278334044424,71.71771733347285
2026-01-04 20:25:00,D04,36.219117816150586,24.413278334044424,71.71771733347285
2026-01-04 20:25:00,D05,50.5217410832249,24.413278334044424,71.71771733347285
2026-01-04 20:30:00,D01,30.830608332822905,23.001514811202753,72.63843587247352
2026-01-04 20:30:00,D02,43.80746872441252,23.001514811202753,72.63843587247352
2026-01-04 20:30:00,D03,31.524651752295327,23.001514811202753,72.63843587247352
2026-01-04 20:30:00,D04,30.66841101235834,23.001514811202753,72.63843587247352
2026-01-04 20:30:00,D05,44.44648943899132,23.001514811202753,72.63843587247352
2026-01-04 20:35:00,D01,32.232955047393915,24.52953380150604,70.64804456090319
2026-01-04 20:35:00,D02,43.28578505223061,24.52953380150604,70.64804456090319
2026-01-04 20:35:00,D03,32.355909907680626,24.52953380150604,70.64804456090319
2026-01-04 20:35:00,D04,34.58573024086777,24.52953380150604,70.64804456090319
2026-01-04 20:35:00,D05,46.197857574269335,24.52953380150604,70.64804456090319
2026-01-04 20:40:00,D01,34.35192775551511,23.822402213731966,72.78981956730598
2026-01-04 20:40:00,D02,46.37452498643683,23.822402213731966,72.78981956730598
2026-01-04 20:40:00,D03,33.799119323589174,23.822402213731966,72.78981956730598
2026-01-04 20:40:00,D04,36.124605498969906,23.822402213731966,72.78981956730598
2026-01-04 20:40:00,D05,49.111860165594784,23.822402213731966,72.78981956730598
2026-01-04 20:45:00,D01,33.41569529033334,23.497524352218573,71.77867786474756
2026-01-04 20:45:00,D02,43.98665965736465,23.497524352218573,71.77867786474756
2026-01-04 20:45:00,D03,32.85693815743748,23.497524352218573,71.77867786474756
2026-01-04 20:45:00,D04,32.94751237491696,23.497524352218573,71.77867786474756
2026-01-04 20:45:00,D05,45.5172072684679,23.497524352218573,71.77867786474756
2026-01-04 20:50:00,D01,33.47613136689308,23.57743188481098,71.56947341041294
2026-01-04 20:50:00,D02,42.9585109195995,23.57743188481098,71.56947341041294
2026-01-04 20:50:00,D03,32.58196017040589,23.57743188481098,71.56947341041294
2026-01-04 20:50:00,D04,31.80473826138116,23.57743188481098,71.56947341041294
2026-01-04 20:50:00,D05,46.289955682026275,23.57743188481098,71.56947341041294
2026-01-04 20:55:00,D01,32.16679301780622,23.523649398598923,71.59805421309572
2026-01-04 20:55:00,D02,44.11514291310358,23.523649398598923,71.59805421309572
2026-01-04 20:55:00,D03,34.355927167041536,23.523649398598923,71.59805421309572
2026-01-04 20:55:00,D04,32.97627422223744,23.523649398598923,71.59805421309572
2026-01-04 20:55:00,D05,47.562196623591916,23.523649398598923,71.59805421309572
2026-01-04 21:00:00,D01,36.99337698818032,22.5988654423448,73.19098485876872
2026-01-04 21:00:00,D02,48.71753831245681,22.5988654423448,73.19098485876872
2026-01-04 21:00:00,D03,35.82291200526323,22.5988654423448,73.19098485876872
2026-01-04 21:00:00,D04,,22.5988654423448,73.19098485876872
2026-01-04 21:00:00,D05,,22.5988654423448,73.19098485876872
2026-01-04 21:05:00,D01,32.85363477578859,24.13564930342784,72.71200634577816
2026-01-04 21:05:00,D02,43.66800057657438,24.13564930342784,72.71200634577816
2026-01-04 21:05:00,D03,34.74692661614058,24.13564930342784,72.71200634577816
2026-01-04 21:05:00,D04,34.07998234207196,24.13564930342784,72.71200634577816
2026-01-04 21:05:00,D05,47.25705313248042,24.13564930342784,72.71200634577816
2026-01-04 21:10:00,D01,35.54418330993205,23.334276132084693,75.78651150957269
2026-01-04 21:10:00,D02,44.52706878924862,23.334276132084693,75.78651150957269
2026-01-04 21:10:00,D03,34.1301371422998,23.334276132084693,75.78651150957269
2026-01-04 21:10:00,D04,33.13358284731813,23.334276132084693,75.78651150957269
2026-01-04 21:10:00,D05,49.06425683378845,23.334276132084693,75.78651150957269
2026-01-04 21:15:00,D01,35.394038102600774,23.462302027828795,71.2400611102938
2026-01-04 21:15:00,D02,46.94851554255177,23.462302027828795,71.2400611102938
2026-01-04 21:15:00,D03,35.46551874535432,23.462302027828795,71.2400611102938
2026-01-04 21:15:00,D04,34.34618944374481,23.462302027828795,71.2400611102938
2026-01-04 21:15:00,D05,50.61581007243055,23.462302027828795,71.2400611102938
2026-01-04 21:20:00,D01,36.86839803271221,23.645552669692133,73.43759698423474
2026-01-04 21:20:00,D02,46.72862170942787,23.645552669692133,73.43759698423474
2026-01-04 21:20:00,D03,36.6900099154235,23.645552669692133,73.43759698423474
2026-01-04 21:20:00,D04,,23.645552669692133,73.43759698423474
2026-01-04 21:20:00,D05,,23.645552669692133,73.43759698423474
2026-01-04 21:25:00,D01,36.15338105806448,22.589996355755446,72.00504331621153
2026-01-04 21:25:00,D02,47.17526436381451,22.589996355755446,72.00504331621153
2026-01-04 21:25:00,D03,34.66299114411173,22.589996355755446,72.00504331621153
2026-01-04 21:25:00,D04,34.62397229693204,22.589996355755446,72.00504331621153
2026-01-04 21:25:00,D05,50.83740950436696,22.589996355755446,72.00504331621153
2026-01-04 21:30:00,D01,34.70618751653358,23.269969248061443,71.62960292242937
2026-01-04 21:30:00,D02,44.61709618156756,23.269969248061443,71.62960292242937
2026-01-04 21:30:00,D03,34.52514524882014,23.269969248061443,71.62960292242937
2026-01-04 21:30:00,D04,36.25784122052453,23.269969248061443,71.62960292242937
2026-01-04 21:30:00,D05,47.39411155700114,23.269969248061443,71.62960292242937
2026-01-04 21:35:00,D01,31.554169266788755,22.83395643321319,73.04814533712238
2026-01-04 21:35:00,D02,43.338993692025326,22.83395643321319,73.04814533712238
2026-01-04 21:35:00,D03,31.67981825851264,22.83395643321319,73.04814533712238
2026-01-04 21:35:00,D04,32.400886372868925,22.83395643321319,73.04814533712238
2026-01-04 21:35:00,D05,46.012249028539706,22.83395643321319,73.04814533712238
2026-01-04 21:40:00,D01,37.362678989062836,23.327625166163287,73.39754916200047
2026-01-04 21:40:00,D02,48.598222946824364,23.327625166163287,73.39754916200047
2026-01-04 21:40:00,D03,38.89665907152389,23.327625166163287,73.39754916200047
2026-01-04 21:40:00,D04,36.931209099257735,23.327625166163287,73.39754916200047
2026-01-04 21:40:00,D05,51.17183379351731,23.327625166163287,73.39754916200047
2026-01-04 21:45:00,D01,32.75525262272735,21.779038228311528,77.6919564556156
2026-01-04 21:45:00,D02,44.92815296598645,21.779038228311528,77.6919564556156
2026-01-04 21:45:00,D03,32.10511030264005,21.779038228311528,77.6919564556156
2026-01-04 21:45:00,D04,31.660885758290956,21.779038228311528,77.6919564556156
2026-01-04 21:45:00,D05,45.95998816151169,21.779038228311528,77.6919564556156
2026-01-04 21:50:00,D01,36.60688611458638,22.73349562081494,73.15769573460405
2026-01-04 21:50:00,D02,45.468888339805495,22.73349562081494,73.15769573460405
2026-01-04 21:50:00,D03,35.68232951819497,22.73349562081494,73.15769573460405
2026-01-04 21:50:00,D04,35.481009921082034,22.73349562081494,73.15769573460405
2026-01-04 21:50:00,D05,49.30632819960053,22.73349562081494,73.15769573460405
2026-01-04 21:55:00,D01,33.663396566042394,22.42403031874329,71.85385061250243
2026-01-04 21:55:00,D02,42.681524608218844,22.42403031874329,71.85385061250243
2026-01-04 21:55:00,D03,32.714136722419944,22.42403031874329,71.85385061250243
2026-01-04 21:55:00,D04,32.20066927087973,22.42403031874329,71.85385061250243
2026-01-04 21:55:00,D05,47.67397785331317,22.42403031874329,71.85385061250243
2026-01-04 22:00:00,D01,36.058800985555735,22.88600445639489,74.06977011408596
2026-01-04 22:00:00,D02,46.685821577418956,22.88600445639489,74.06977011408596
2026-01-04 22:00:00,D03,35.35856537578147,22.88600445639489,74.06977011408596
2026-01-04 22:00:00,D04,34.08382760113613,22.88600445639489,74.06977011408596
2026-01-04 22:00:00,D05,47.414671046543916,22.88600445639489,74.06977011408596
2026-01-04 22:05:00,D01,34.882847393783386,22.85138831514657,70.65530750075551
2026-01-04 22:05:00,D02,47.40011948471366,22.85138831514657,70.65530750075551
2026-01-04 22:05:00,D03,37.52487672438753,22.85138831514657,70.65530750075551
2026-01-04 22:05:00,D04,35.62222403454438,22.85138831514657,70.65530750075551
2026-01-04 22:05:00,D05,48.87462404232432,22.85138831514657,70.65530750075551
2026-01-04 22:10:00,D01,35.61059778973617,22.21113288669788,73.73217315787582
2026-01-04 22:10:00,D02,46.2326761713193,22.21113288669788,73.73217315787582
2026-01-04 22:10:00,D03,37.02075499022431,22.21113288669788,73.73217315787582
2026-01-04 22:10:00,D04,34.70644566087966,22.21113288669788,73.73217315787582
2026-01-04 22:10:00,D05,49.78881810818447,22.21113288669788,73.73217315787582
2026-01-04 22:15:00,D01,35.69665207207287,22.159549360248537,73.99276533876962
2026-01-04 22:15:00,D02,46.117012102889355,22.159549360248537,73.99276533876962
2026-01-04 22:15:00,D03,36.33949861850266,22.159549360248537,73.99276533876962
2026-01-04 22:15:00,D04,35.96661600656489,22.159549360248537,73.99276533876962
2026-01-04 22:15:00,D05,48.67455155043618,22.159549360248537,73.99276533876962
2026-01-04 22:20:00,D01,39.31568451158516,22.413128380538087,75.25497844478431
2026-01-04 22:20:00,D02,51.77436866132016,22.413128380538087,75.25497844478431
2026-01-04 22:20:00,D03,39.67673076797578,22.413128380538087,75.25497844478431
2026-01-04 22:20:00,D04,37.92818100159704,22.413128380538087,75.25497844478431
2026-01-04 22:20:00,D05,53.18315433599999,22.413128380538087,75.25497844478431
2026-01-04 22:25:00,D01,36.52064331926118,21.975121490745163,75.61354816533624
2026-01-04 22:25:00,D02,49.53936966328559,21.975121490745163,75.61354816533624
2026-01-04 22:25:00,D03,37.45711865904781,21.975121490745163,75.61354816533624
2026-01-04 22:25:00,D04,38.30580086475993,21.975121490745163,75.61354816533624
2026-01-04 22:25:00,D05,51.76939190968142,21.975121490745163,75.61354816533624
2026-01-04 22:30:00,D01,36.41462534280201,22.801594185169634,73.48344089675129
2026-01-04 22:30:00,D02,44.45297877361255,22.801594185169634,73.48344089675129
2026-01-04 22:30:00,D03,36.19144007746509,22.801594185169634,73.48344089675129
2026-01-04 22:30:00,D04,35.28141669973198,22.801594185169634,73.48344089675129
2026-01-04 22:30:00,D05,51.14647414021022,22.801594185169634,73.48344089675129
2026-01-04 22:35:00,D01,37.372792242107224,22.155357053362287,74.09415767088308
2026-01-04 22:35:00,D02,49.11107960934669,22.155357053362287,74.09415767088308
2026-01-04 22:35:00,D03,39.415747314600075,22.155357053362287,74.09415767088308
2026-01-04 22:35:00,D04,37.35696989972504,22.155357053362287,74.09415767088308
2026-01-04 22:35:00,D05,52.482099440163324,22.155357053362287,74.09415767088308
2026-01-04 22:40:00,D01,39.00177051791387,20.848042786409643,73.24774496194307
2026-01-04 22:40:00,D02,51.898365842552664,20.848042786409643,73.24774496194307
2026-01-04 22:40:00,D03,40.06321724843006,20.848042786409643,73.24774496194307
2026-01-04 22:40:00,D04,,20.848042786409643,73.24774496194307
2026-01-04 22:40:00,D05,54.93941735721278,20.848042786409643,73.24774496194307
2026-01-04 22:45:00,D01,35.017247627706645,22.07793832421357,72.77720746273951
2026-01-04 22:45:00,D02,45.139686960405356,22.07793832421357,72.77720746273951
2026-01-04 22:45:00,D03,34.203231119819506,22.07793832421357,72.77720746273951
2026-01-04 22:45:00,D04,33.70190385719614,22.07793832421357,72.77720746273951
2026-01-04 22:45:00,D05,,22.07793832421357,72.77720746273951
2026-01-04 22:50:00,D01,36.12243936961636,21.71214333583688,75.00201167655322
2026-01-04 22:50:00,D02,48.99241527043181,21.71214333583688,75.00201167655322
2026-01-04 22:50:00,D03,38.82962120613474,21.71214333583688,75.00201167655322
2026-01-04 22:50:00,D04,37.085256440887505,21.71214333583688,75.00201167655322
2026-01-04 22:50:00,D05,51.050060555895705,21.71214333583688,75.00201167655322
2026-01-04 22:55:00,D01,40.725686651642064,21.384112820339883,72.69012022096439
2026-01-04 22:55:00,D02,49.62650693479663,21.384112820339883,72.69012022096439
2026-01-04 22:55:00,D03,38.220960423152064,21.384112820339883,72.69012022096439
2026-01-04 22:55:00,D04,39.49158526336981,21.384112820339883,72.69012022096439
2026-01-04 22:55:00,D05,52.679615130898185,21.384112820339883,72.69012022096439
2026-01-04 23:00:00,D01,36.53353065737494,21.551657549443373,74.03731791203289
2026-01-04 23:00:00,D02,47.01092204491346,21.551657549443373,74.03731791203289
2026-01-04 23:00:00,D03,35.89361014593924,21.551657549443373,74.03731791203289
2026-01-04 23:00:00,D04,36.49354100412218,21.551657549443373,74.03731791203289
2026-01-04 23:00:00,D05,50.75493026581317,21.551657549443373,74.03731791203289
2026-01-04 23:05:00,D01,38.349514789685344,22.19799388685018,73.22065975828376
2026-01-04 23:05:00,D02,49.99484099387293,22.19799388685018,73.22065975828376
2026-01-04 23:05:00,D03,40.105060947657535,22.19799388685018,73.22065975828376
2026-01-04 23:05:00,D04,41.21557600758735,22.19799388685018,73.22065975828376
2026-01-04 23:05:00,D05,55.04703988345959,22.19799388685018,73.22065975828376
2026-01-04 23:10:00,D01,37.693586585130674,22.78284037852445,75.58748485063472
2026-01-04 23:10:00,D02,49.92302759034074,22.78284037852445,75.58748485063472
2026-01-04 23:10:00,D03,37.45921453481431,22.78284037852445,75.58748485063472
2026-01-04 23:10:00,D04,37.52043881555229,22.78284037852445,75.58748485063472
2026-01-04 23:10:00,D05,51.97485319629414,22.78284037852445,75.58748485063472
2026-01-04 23:15:00,D01,38.33369315475495,22.25266583491634,77.50999795293204
2026-01-04 23:15:00,D02,47.80222593189889,22.25266583491634,77.50999795293204
2026-01-04 23:15:00,D03,36.638668697603805,22.25266583491634,77.50999795293204
2026-01-04 23:15:00,D04,38.42944847222825,22.25266583491634,77.50999795293204
2026-01-04 23:15:00,D05,52.68066553850531,22.25266583491634,77.50999795293204
2026-01-04 23:20:00,D01,37.835480195190456,21.77270954083109,72.89569555591709
2026-01-04 23:20:00,D02,49.51948473654913,21.77270954083109,72.89569555591709
2026-01-04 23:20:00,D03,38.77770713417967,21.77270954083109,72.89569555591709
2026-01-04 23:20:00,D04,38.480553364442585,21.77270954083109,72.89569555591709
2026-01-04 23:20:00,D05,53.077833121265,21.77270954083109,72.89569555591709
2026-01-04 23:25:00,D01,39.501115346190424,22.286144545246547,72.10408738033125
2026-01-04 23:25:00,D02,50.76126799401148,22.286144545246547,72.10408738033125
2026-01-04 23:25:00,D03,35.74259881066136,22.286144545246547,72.10408738033125
2026-01-04 23:25:00,D04,37.87509687288689,22.286144545246547,72.10408738033125
2026-01-04 23:25:00,D05,52.28592129655862,22.286144545246547,72.10408738033125
2026-01-04 23:30:00,D01,37.24963287543612,21.813230538021454,74.727118285713
2026-01-04 23:30:00,D02,46.42565143141063,21.813230538021454,74.727118285713
2026-01-04 23:30:00,D03,39.21700484349538,21.813230538021454,74.727118285713
2026-01-04 23:30:00,D04,35.69197333719797,21.813230538021454,74.727118285713
2026-01-04 23:30:00,D05,,21.813230538021454,74.727118285713
2026-01-04 23:35:00,D01,36.329105677315624,21.682418124306828,74.96411007615983
2026-01-04 23:35:00,D02,46.49157646831209,21.682418124306828,74.96411007615983
2026-01-04 23:35:00,D03,37.5331086200881,21.682418124306828,74.96411007615983
2026-01-04 23:35:00,D04,37.233066292352994,21.682418124306828,74.96411007615983
2026-01-04 23:35:00,D05,50.54286523626527,21.682418124306828,74.96411007615983
2026-01-04 23:40:00,D01,42.76760833292002,21.44184517542478,75.2899359410534
2026-01-04 23:40:00,D02,54.925172830293,21.44184517542478,75.2899359410534
2026-01-04 23:40:00,D03,42.056443974801056,21.44184517542478,75.2899359410534
2026-01-04 23:40:00,D04,42.8963720055598,21.44184517542478,75.2899359410534
2026-01-04 23:40:00,D05,56.67457432827872,21.44184517542478,75.2899359410534
2026-01-04 23:45:00,D01,37.547687561623796,21.134790980431124,74.30910845953453
2026-01-04 23:45:00,D02,49.58940423252962,21.134790980431124,74.30910845953453
2026-01-04 23:45:00,D03,37.661472371625656,21.134790980431124,74.30910845953453
2026-01-04 23:45:00,D04,37.584548028812065,21.134790980431124,74.30910845953453
2026-01-04 23:45:00,D05,51.841924325307346,21.134790980431124,74.30910845953453
2026-01-04 23:50:00,D01,39.35651227667404,21.80979703881099,74.68952326758043
2026-01-04 23:50:00,D02,48.37812778010845,21.80979703881099,74.68952326758043
2026-01-04 23:50:00,D03,37.88399330102127,21.80979703881099,74.68952326758043
2026-01-04 23:50:00,D04,38.37672233985755,21.80979703881099,74.68952326758043
2026-01-04 23:50:00,D05,50.57773095805142,21.80979703881099,74.68952326758043
2026-01-04 23:55:00,D01,33.99587490408919,22.080216609560523,75.54888588661
2026-01-04 23:55:00,D02,48.101637543674144,22.080216609560523,75.54888588661
2026-01-04 23:55:00,D03,34.88591053445802,22.080216609560523,75.54888588661
2026-01-04 23:55:00,D04,36.0152306313171,22.080216609560523,75.54888588661
2026-01-04 23:55:00,D05,49.50155530918015,22.080216609560523,75.54888588661
2026-01-05 00:00:00,D01,38.861728178836884,21.951688164992554,76.56064633896726
2026-01-05 00:00:00,D02,51.36285540425395,21.951688164992554,76.56064633896726
2026-01-05 00:00:00,D03,38.914695652207925,21.951688164992554,76.56064633896726
2026-01-05 00:00:00,D04,39.665379371639844,21.951688164992554,76.56064633896726
2026-01-05 00:00:00,D05,52.82508660981188,21.951688164992554,76.56064633896726
2026-01-05 00:05:00,D01,37.63699389471938,21.793206400626776,72.06504711532166
2026-01-05 00:05:00,D02,49.28519069103763,21.793206400626776,72.06504711532166
2026-01-05 00:05:00,D03,37.427969285828944,21.793206400626776,72.06504711532166
2026-01-05 00:05:00,D04,36.42913472065019,21.793206400626776,72.06504711532166
2026-01-05 00:05:00,D05,51.154455491688566,21.793206400626776,72.06504711532166
2026-01-05 00:10:00,D01,44.53350459999071,21.53188586174232,74.43707305727138
2026-01-05 00:10:00,D02,54.274158258856424,21.53188586174232,74.43707305727138
2026-01-05 00:10:00,D03,43.62595147669515,21.53188586174232,74.43707305727138
2026-01-05 00:10:00,D04,43.656045153557116,21.53188586174232,74.43707305727138
2026-01-05 00:10:00,D05,56.67995704843759,21.53188586174232,74.43707305727138
2026-01-05 00:15:00,D01,41.82981159356181,22.314828479649467,75.29930242329763
2026-01-05 00:15:00,D02,53.72423661863154,22.314828479649467,75.29930242329763
2026-01-05 00:15:00,D03,42.855126534467345,22.314828479649467,75.29930242329763
2026-01-05 00:15:00,D04,43.8034684709783,22.314828479649467,75.29930242329763
2026-01-05 00:15:00,D05,56.44716557698497,22.314828479649467,75.29930242329763
2026-01-05 00:20:00,D01,37.75158413472457,21.360460549567982,73.58498282400136
2026-01-05 00:20:00,D02,51.25558889050578,21.360460549567982,73.58498282400136
2026-01-05 00:20:00,D03,38.18172893876711,21.360460549567982,73.58498282400136
2026-01-05 00:20:00,D04,41.17248381315809,21.360460549567982,73.58498282400136
2026-01-05 00:20:00,D05,53.36426315919098,21.360460549567982,73.58498282400136
2026-01-05 00:25:00,D01,45.75036337530642,22.41773226581014,77.53731782987415
2026-01-05 00:25:00,D02,56.88881649780267,22.41773226581014,77.53731782987415
2026-01-05 00:25:00,D03,45.633110083341876,22.41773226581014,77.53731782987415
2026-01-05 00:25:00,D04,45.05760211239491,22.41773226581014,77.53731782987415
2026-01-05 00:25:00,D05,58.608066799964746,22.41773226581014,77.53731782987415
2026-01-05 00:30:00,D01,43.55002338840231,21.541667183667588,73.961333793395
2026-01-05 00:30:00,D02,55.701546600473144,21.541667183667588,73.961333793395
2026-01-05 00:30:00,D03,43.43224064280118,21.541667183667588,73.961333793395
2026-01-05 00:30:00,D04,43.427958280994766,21.541667183667588,73.961333793395
2026-01-05 00:30:00,D05,56.29468036922773,21.541667183667588,73.961333793395
2026-01-05 00:35:00,D01,42.361170504329564,21.68197482898468,74.82167607416667
2026-01-05 00:35:00,D02,50.84551909913983,21.68197482898468,74.82167607416667
2026-01-05 00:35:00,D03,41.00042071623783,21.68197482898468,74.82167607416667
2026-01-05 00:35:00,D04,40.890906913466544,21.68197482898468,74.82167607416667
2026-01-05 00:35:00,D05,53.15928202776399,21.68197482898468,74.82167607416667
2026-01-05 00:40:00,D01,35.46730830059706,21.34256863963112,75.68211067538552
2026-01-05 00:40:00,D02,46.757054460535805,21.34256863963112,75.68211067538552
2026-01-05 00:40:00,D03,36.52183959148599,21.34256863963112,75.68211067538552
2026-01-05 00:40:00,D04,35.493489131211945,21.34256863963112,75.68211067538552
2026-01-05 00:40:00,D05,51.424803072452605,21.34256863963112,75.68211067538552
2026-01-05 00:45:00,D01,47.687482132059465,21.84537252454103,73.92092562082946
2026-01-05 00:45:00,D02,58.23723267781774,21.84537252454103,73.92092562082946
2026-01-05 00:45:00,D03,47.67064614131212,21.84537252454103,73.92092562082946
2026-01-05 00:45:00,D04,46.24522855891873,21.84537252454103,73.92092562082946
2026-01-05 00:45:00,D05,61.91529167166939,21.84537252454103,73.92092562082946
2026-01-05 00:50:00,D01,41.75266556988097,22.606176193639325,71.9931004994927
2026-01-05 00:50:00,D02,50.42720555135215,22.606176193639325,71.9931004994927
2026-01-05 00:50:00,D03,39.0315986509723,22.606176193639325,71.9931004994927
2026-01-05 00:50:00,D04,37.80655852712738,22.606176193639325,71.9931004994927
2026-01-05 00:50:00,D05,53.81822690096732,22.606176193639325,71.9931004994927
2026-01-05 00:55:00,D01,38.70829654182545,22.40110369515567,74.0704389077578
2026-01-05 00:55:00,D02,50.00243713226804,22.40110369515567,74.0704389077578
2026-01-05 00:55:00,D03,39.31338733617111,22.40110369515567,74.0704389077578
2026-01-05 00:55:00,D04,38.91873982002677,22.40110369515567,74.0704389077578
2026-01-05 00:55:00,D05,53.111027182843834,22.40110369515567,74.0704389077578
2026-01-05 01:00:00,D01,43.34238909555123,22.659581924568673,76.20341909678125
2026-01-05 01:00:00,D02,54.418624471800584,22.659581924568673,76.20341909678125
2026-01-05 01:00:00,D03,45.93062884897,22.659581924568673,76.20341909678125
2026-01-05 01:00:00,D04,43.59531243825983,22.659581924568673,76.20341909678125
2026-01-05 01:00:00,D05,57.68500979580135,22.659581924568673,76.20341909678125
2026-01-05 01:05:00,D01,47.2708205866151,22.460822001037325,74.09515585368158
2026-01-05 01:05:00,D02,59.260616232029825,22.460822001037325,74.09515585368158
2026-01-05 01:05:00,D03,47.598418812968156,22.460822001037325,74.09515585368158
2026-01-05 01:05:00,D04,47.847709734470634,22.460822001037325,74.09515585368158
2026-01-05 01:05:00,D05,59.92701017855626,22.460822001037325,74.09515585368158
2026-01-05 01:10:00,D01,45.78960859943514,21.679580331993677,73.2675180552938
2026-01-05 01:10:00,D02,57.29604951661883,21.679580331993677,73.2675180552938
2026-01-05 01:10:00,D03,45.990066899531314,21.679580331993677,73.2675180552938
2026-01-05 01:10:00,D04,45.465706411760536,21.679580331993677,73.2675180552938
2026-01-05 01:10:00,D05,60.20913141910641,21.679580331993677,73.2675180552938
2026-01-05 01:15:00,D01,44.90600076814324,22.099954740360694,75.85780960920513
2026-01-05 01:15:00,D02,56.57881842595655,22.099954740360694,75.85780960920513
2026-01-05 01:15:00,D03,44.245828256821426,22.099954740360694,75.85780960920513
2026-01-05 01:15:00,D04,,22.099954740360694,75.85780960920513
2026-01-05 01:15:00,D05,59.43678952586748,22.099954740360694,75.85780960920513
2026-01-05 01:20:00,D01,44.018315386749194,21.911437331511728,73.90076386382451
2026-01-05 01:20:00,D02,56.27166835888936,21.911437331511728,73.90076386382451
2026-01-05 01:20:00,D03,45.847079910150846,21.911437331511728,73.90076386382451
2026-01-05 01:20:00,D04,46.163131602990134,21.911437331511728,73.90076386382451
2026-01-05 01:20:00,D05,58.268616779156005,21.911437331511728,73.90076386382451
2026-01-05 01:25:00,D01,46.886410034544994,23.005248105605528,73.55483747235266
2026-01-05 01:25:00,D02,56.80158508965095,23.005248105605528,73.55483747235266
2026-01-05 01:25:00,D03,45.07348693881136,23.005248105605528,73.55483747235266
2026-01-05 01:25:00,D04,45.4020206692513,23.005248105605528,73.55483747235266
2026-01-05 01:25:00,D05,60.8903432996572,23.005248105605528,73.55483747235266
2026-01-05 01:30:00,D01,44.23015918821635,21.782208014230402,74.46297945960784
2026-01-05 01:30:00,D02,58.1345953658212,21.782208014230402,74.46297945960784
2026-01-05 01:30:00,D03,46.62804608051262,21.782208014230402,74.46297945960784
2026-01-05 01:30:00,D04,47.22291388864529,21.782208014230402,74.46297945960784
2026-01-05 01:30:00,D05,59.17193243698205,21.782208014230402,74.46297945960784
2026-01-05 01:35:00,D01,42.8506445943533,22.87029144909732,75.30924010562265
2026-01-05 01:35:00,D02,54.90021122719666,22.87029144909732,75.30924010562265
2026-01-05 01:35:00,D03,44.486261851879036,22.87029144909732,75.30924010562265
2026-01-05 01:35:00,D04,45.036221279741774,22.87029144909732,75.30924010562265
2026-01-05 01:35:00,D05,60.20338400952866,22.87029144909732,75.30924010562265
2026-01-05 01:40:00,D01,45.54129524959803,22.914937999871132,77.63564816796531
2026-01-05 01:40:00,D02,56.60372838659005,22.914937999871132,77.63564816796531
2026-01-05 01:40:00,D03,43.575125101862696,22.914937999871132,77.63564816796531
2026-01-05 01:40:00,D04,45.2501376852368,22.914937999871132,77.63564816796531
2026-01-05 01:40:00,D05,58.19473179960393,22.914937999871132,77.63564816796531
2026-01-05 01:45:00,D01,42.02307961518477,23.4304463931946,75.20958157681304
2026-01-05 01:45:00,D02,54.26923338234004,23.4304463931946,75.20958157681304
2026-01-05 01:45:00,D03,44.977073816965095,23.4304463931946,75.20958157681304
2026-01-05 01:45:00,D04,43.42817827798655,23.4304463931946,75.20958157681304
2026-01-05 01:45:00,D05,56.188118479608605,23.4304463931946,75.20958157681304
2026-01-05 01:50:00,D01,42.905427185744266,22.360102537794145,75.60986828136473
2026-01-05 01:50:00,D02,53.923800533673244,22.360102537794145,75.60986828136473
2026-01-05 01:50:00,D03,42.804889120861326,22.360102537794145,75.60986828136473
2026-01-05 01:50:00,D04,42.41587831168585,22.360102537794145,75.60986828136473
2026-01-05 01:50:00,D05,58.30166948452494,22.360102537794145,75.60986828136473
2026-01-05 01:55:00,D01,47.36621866466836,22.972527301252544,73.00831825859329
2026-01-05 01:55:00,D02,54.698411420206725,22.972527301252544,73.00831825859329
2026-01-05 01:55:00,D03,44.86903843455948,22.972527301252544,73.00831825859329
2026-01-05 01:55:00,D04,44.26580141471942,22.972527301252544,73.00831825859329
2026-01-05 01:55:00,D05,57.90385472727698,22.972527301252544,73.00831825859329
2026-01-05 02:00:00,D01,41.602042818649316,23.81069889934723,72.12145187889017
2026-01-05 02:00:00,D02,54.06848548274355,23.81069889934723,72.12145187889017
2026-01-05 02:00:00,D03,38.884681986685514,23.81069889934723,72.12145187889017
2026-01-05 02:00:00,D04,42.82716160832923,23.81069889934723,72.12145187889017
2026-01-05 02:00:00,D05,54.66219310046271,23.81069889934723,72.12145187889017
2026-01-05 02:05:00,D01,43.870285677319444,22.41661980816841,73.64261573115817
2026-01-05 02:05:00,D02,56.60802522841534,22.41661980816841,73.64261573115817
2026-01-05 02:05:00,D03,44.99625858991064,22.41661980816841,73.64261573115817
2026-01-05 02:05:00,D04,44.62809930686176,22.41661980816841,73.64261573115817
2026-01-05 02:05:00,D05,60.07562401063684,22.41661980816841,73.64261573115817
2026-01-05 02:10:00,D01,43.33841640537959,22.01552264716939,73.59466933101825
2026-01-05 02:10:00,D02,55.0746183168811,22.01552264716939,73.59466933101825
2026-01-05 02:10:00,D03,42.9362085704089,22.01552264716939,73.59466933101825
2026-01-05 02:10:00,D04,41.96436157793734,22.01552264716939,73.59466933101825
2026-01-05 02:10:00,D05,,22.01552264716939,73.59466933101825
2026-01-05 02:15:00,D01,43.29772290714492,21.90264692153339,71.69692701097856
2026-01-05 02:15:00,D02,53.94402395865535,21.90264692153339,71.69692701097856
2026-01-05 02:15:00,D03,42.28526500923318,21.90264692153339,71.69692701097856
2026-01-05 02:15:00,D04,43.746514054311554,21.90264692153339,71.69692701097856
2026-01-05 02:15:00,D05,56.563415353957524,21.90264692153339,71.69692701097856
2026-01-05 02:20:00,D01,46.25620260617054,23.260595792985704,72.9285786480339
2026-01-05 02:20:00,D02,57.508017978817534,23.260595792985704,72.9285786480339
2026-01-05 02:20:00,D03,45.54231166397762,23.260595792985704,72.9285786480339
2026-01-05 02:20:00,D04,46.159530976097514,23.260595792985704,72.9285786480339
2026-01-05 02:20:00,D05,62.04716037263767,23.260595792985704,72.9285786480339
2026-01-05 02:25:00,D01,49.359364038484635,22.02620187463329,73.66342244525353
2026-01-05 02:25:00,D02,59.65572012026156,22.02620187463329,73.66342244525353
2026-01-05 02:25:00,D03,48.12339791203237,22.02620187463329,73.66342244525353
2026-01-05 02:25:00,D04,48.146090978987836,22.02620187463329,73.66342244525353
2026-01-05 02:25:00,D05,63.144958487525614,22.02620187463329,73.66342244525353
2026-01-05 02:30:00,D01,46.88513633372409,22.847073772074864,73.47412349543947
2026-01-05 02:30:00,D02,60.03971244250435,22.847073772074864,73.47412349543947
2026-01-05 02:30:00,D03,47.87626170724125,22.847073772074864,73.47412349543947
2026-01-05 02:30:00,D04,47.55118371512804,22.847073772074864,73.47412349543947
2026-01-05 02:30:00,D05,61.154167484837785,22.847073772074864,73.47412349543947
2026-01-05 02:35:00,D01,44.805781569831026,23.319234178055073,73.55527661100523
2026-01-05 02:35:00,D02,53.86907786313358,23.319234178055073,73.55527661100523
2026-01-05 02:35:00,D03,41.75090705330928,23.319234178055073,73.55527661100523
2026-01-05 02:35:00,D04,42.24715984369899,23.319234178055073,73.55527661100523
2026-01-05 02:35:00,D05,57.33252491572546,23.319234178055073,73.55527661100523
2026-01-05 02:40:00,D01,44.69373410809732,23.262365552820057,73.09689152639596
2026-01-05 02:40:00,D02,57.53027523111339,23.262365552820057,73.09689152639596
2026-01-05 02:40:00,D03,44.76489360398441,23.262365552820057,73.09689152639596
2026-01-05 02:40:00,D04,45.37252657498747,23.262365552820057,73.09689152639596
2026-01-05 02:40:00,D05,61.27100921508104,23.262365552820057,73.09689152639596
2026-01-05 02:45:00,D01,49.20179457337891,23.4535233946972,71.7578850858847
2026-01-05 02:45:00,D02,58.56120667784929,23.4535233946972,71.7578850858847
2026-01-05 02:45:00,D03,49.8412153121829,23.4535233946972,71.7578850858847
2026-01-05 02:45:00,D04,48.49832462396843,23.4535233946972,71.7578850858847
2026-01-05 02:45:00,D05,63.28959431927703,23.4535233946972,71.7578850858847
2026-01-05 02:50:00,D01,44.16277788932432,23.424758243849805,71.60192242812798
2026-01-05 02:50:00,D02,55.75611961543233,23.424758243849805,71.60192242812798
2026-01-05 02:50:00,D03,45.07185578602779,23.424758243849805,71.60192242812798
2026-01-05 02:50:00,D04,45.03140467897154,23.424758243849805,71.60192242812798
2026-01-05 02:50:00,D05,58.86372200654595,23.424758243849805,71.60192242812798
2026-01-05 02:55:00,D01,47.752246394824176,24.027613096357914,70.42521252360675
2026-01-05 02:55:00,D02,59.92470248491633,24.027613096357914,70.42521252360675
2026-01-05 02:55:00,D03,47.27485286705765,24.027613096357914,70.42521252360675
2026-01-05 02:55:00,D04,45.86943776562119,24.027613096357914,70.42521252360675
2026-01-05 02:55:00,D05,61.69428799996778,24.027613096357914,70.42521252360675
2026-01-05 03:00:00,D01,47.91411960110151,22.988307903697855,74.74823037064313
2026-01-05 03:00:00,D02,59.527596537386785,22.988307903697855,74.74823037064313
2026-01-05 03:00:00,D03,49.26573446452837,22.988307903697855,74.74823037064313
2026-01-05 03:00:00,D04,49.507399259539184,22.988307903697855,74.74823037064313
2026-01-05 03:00:00,D05,62.45628725501818,22.988307903697855,74.74823037064313
2026-01-05 03:05:00,D01,45.56450322436381,23.203937151859392,71.93530610475162
2026-01-05 03:05:00,D02,55.77356088021277,23.203937151859392,71.93530610475162
2026-01-05 03:05:00,D03,46.52344022305446,23.203937151859392,71.93530610475162
2026-01-05 03:05:00,D04,45.50774739781498,23.203937151859392,71.93530610475162
2026-01-05 03:05:00,D05,59.52940425274035,23.203937151859392,71.93530610475162
2026-01-05 03:10:00,D01,46.650418303206045,23.23571923928629,71.41862249246431
2026-01-05 03:10:00,D02,59.61401033499038,23.23571923928629,71.41862249246431
2026-01-05 03:10:00,D03,49.453663073214464,23.23571923928629,71.41862249246431
2026-01-05 03:10:00,D04,45.44238866442325,23.23571923928629,71.41862249246431
2026-01-05 03:10:00,D05,61.691423837821624,23.23571923928629,71.41862249246431
2026-01-05 03:15:00,D01,43.853415458551225,24.11836683043095,70.20027002882203
2026-01-05 03:15:00,D02,56.19629479311102,24.11836683043095,70.20027002882203
2026-01-05 03:15:00,D03,44.35114508667743,24.11836683043095,70.20027002882203
2026-01-05 03:15:00,D04,45.31032867976046,24.11836683043095,70.20027002882203
2026-01-05 03:15:00,D05,60.480970979451655,24.11836683043095,70.20027002882203
2026-01-05 03:20:00,D01,47.145914449740225,24.236261245764837,75.83136295035706
2026-01-05 03:20:00,D02,57.4531043963539,24.236261245764837,75.83136295035706
2026-01-05 03:20:00,D03,45.739225158126224,24.236261245764837,75.83136295035706
2026-01-05 03:20:00,D04,46.19338845161803,24.236261245764837,75.83136295035706
2026-01-05 03:20:00,D05,61.441545436357316,24.236261245764837,75.83136295035706
2026-01-05 03:25:00,D01,47.99480186900649,24.09599529873896,69.64924267350625
2026-01-05 03:25:00,D02,59.183728955412676,24.09599529873896,69.64924267350625
2026-01-05 03:25:00,D03,141.32929793168245,24.09599529873896,69.64924267350625
2026-01-05 03:25:00,D04,48.27446361111673,24.09599529873896,69.64924267350625
2026-01-05 03:25:00,D05,64.66214137209255,24.09599529873896,69.64924267350625
2026-01-05 03:30:00,D01,43.893722848344616,24.547939688401357,70.44434240167811
2026-01-05 03:30:00,D02,59.36703616678511,24.547939688401357,70.44434240167811
2026-01-05 03:30:00,D03,45.455812155506386,24.547939688401357,70.44434240167811
2026-01-05 03:30:00,D04,45.741236887941945,24.547939688401357,70.44434240167811
2026-01-05 03:30:00,D05,59.868327036444875,24.547939688401357,70.44434240167811
2026-01-05 03:35:00,D01,48.3022121765686,23.454431324493893,71.53685173806493
2026-01-05 03:35:00,D02,60.55488580203432,23.454431324493893,71.53685173806493
2026-01-05 03:35:00,D03,49.721070818211324,23.454431324493893,71.53685173806493
2026-01-05 03:35:00,D04,49.033967136410126,23.454431324493893,71.53685173806493
2026-01-05 03:35:00,D05,65.29929862832397,23.454431324493893,71.53685173806493
2026-01-05 03:40:00,D01,48.851197916753975,24.965729874020344,71.63608381212686
2026-01-05 03:40:00,D02,58.09764522663916,24.965729874020344,71.63608381212686
2026-01-05 03:40:00,D03,50.041527299286805,24.965729874020344,71.63608381212686
2026-01-05 03:40:00,D04,49.86458717001423,24.965729874020344,71.63608381212686
2026-01-05 03:40:00,D05,63.6410411595661,24.965729874020344,71.63608381212686
2026-01-05 03:45:00,D01,48.79063817065613,24.983768145758123,71.99260041301955
2026-01-05 03:45:00,D02,62.79427909111342,24.983768145758123,71.99260041301955
2026-01-05 03:45:00,D03,49.43104594065824,24.983768145758123,71.99260041301955
2026-01-05 03:45:00,D04,49.52526917001079,24.983768145758123,71.99260041301955
2026-01-05 03:45:00,D05,64.0108443550994,24.983768145758123,71.99260041301955
2026-01-05 03:50:00,D01,48.764087794656014,24.681312956888743,73.08440884512216
2026-01-05 03:50:00,D02,61.38363248992954,24.681312956888743,73.08440884512216
2026-01-05 03:50:00,D03,49.30789928590436,24.681312956888743,73.08440884512216
2026-01-05 03:50:00,D04,48.41512571529896,24.681312956888743,73.08440884512216
2026-01-05 03:50:00,D05,63.60989068792581,24.681312956888743,73.08440884512216
2026-01-05 03:55:00,D01,51.29242731696424,25.297033163582906,70.94696906479632
2026-01-05 03:55:00,D02,62.41167755253081,25.297033163582906,70.94696906479632
2026-01-05 03:55:00,D03,50.29701131519367,25.297033163582906,70.94696906479632
2026-01-05 03:55:00,D04,49.46411161905277,25.297033163582906,70.94696906479632
2026-01-05 03:55:00,D05,67.98120220494272,25.297033163582906,70.94696906479632
2026-01-05 04:00:00,D01,46.993354157129886,23.671688396161112,68.41595380005
2026-01-05 04:00:00,D02,59.88825392964015,23.671688396161112,68.41595380005
2026-01-05 04:00:00,D03,51.046024167116144,23.671688396161112,68.41595380005
2026-01-05 04:00:00,D04,48.192833095188334,23.671688396161112,68.41595380005
2026-01-05 04:00:00,D05,,23.671688396161112,68.41595380005
2026-01-05 04:05:00,D01,46.43733006945104,24.332832087271736,69.42447000151121
2026-01-05 04:05:00,D02,60.50252480448155,24.332832087271736,69.42447000151121
2026-01-05 04:05:00,D03,47.57191155361545,24.332832087271736,69.42447000151121
2026-01-05 04:05:00,D04,47.586211353855404,24.332832087271736,69.42447000151121
2026-01-05 04:05:00,D05,64.35595872689731,24.332832087271736,69.42447000151121
2026-01-05 04:10:00,D01,49.450981227094346,24.323605203483847,70.07923469112117
2026-01-05 04:10:00,D02,60.798306102168745,24.323605203483847,70.07923469112117
2026-01-05 04:10:00,D03,48.80648740968596,24.323605203483847,70.07923469112117
2026-01-05 04:10:00,D04,,24.323605203483847,70.07923469112117
2026-01-05 04:10:00,D05,63.02040449454421,24.323605203483847,70.07923469112117
2026-01-05 04:15:00,D01,49.31829411224696,25.149296210783675,72.52522596444874
2026-01-05 04:15:00,D02,60.069792305078636,25.149296210783675,72.52522596444874
2026-01-05 04:15:00,D03,49.708573582391416,25.149296210783675,72.52522596444874
2026-01-05 04:15:00,D04,49.59476914268675,25.149296210783675,72.52522596444874
2026-01-05 04:15:00,D05,,25.149296210783675,72.52522596444874
2026-01-05 04:20:00,D01,50.21752292229833,24.36183832149544,67.12947439977053
2026-01-05 04:20:00,D02,62.8984101840593,24.36183832149544,67.12947439977053
2026-01-05 04:20:00,D03,48.51590215237357,24.36183832149544,67.12947439977053
2026-01-05 04:20:00,D04,50.80281000465867,24.36183832149544,67.12947439977053
2026-01-05 04:20:00,D05,63.25559661574699,24.36183832149544,67.12947439977053
2026-01-05 04:25:00,D01,50.201105277852776,25.365014125375048,70.83133165642523
2026-01-05 04:25:00,D02,60.76060547813565,25.365014125375048,70.83133165642523
2026-01-05 04:25:00,D03,48.504861124754584,25.365014125375048,70.83133165642523
2026-01-05 04:25:00,D04,48.08598812223315,25.365014125375048,70.83133165642523
2026-01-05 04:25:00,D05,64.35015281484684,25.365014125375048,70.83133165642523
2026-01-05 04:30:00,D01,48.55398061585478,25.771850910172894,69.09670587797055
2026-01-05 04:30:00,D02,61.30060701104381,25.771850910172894,69.09670587797055
2026-01-05 04:30:00,D03,47.31110766660982,25.771850910172894,69.09670587797055
2026-01-05 04:30:00,D04,47.062343922879876,25.771850910172894,69.09670587797055
2026-01-05 04:30:00,D05,,25.771850910172894,69.09670587797055
2026-01-05 04:35:00,D01,49.814048645038675,25.53541125862349,69.88112618568124
2026-01-05 04:35:00,D02,61.25286069906648,25.53541125862349,69.88112618568124
2026-01-05 04:35:00,D03,46.628480929675135,25.53541125862349,69.88112618568124
2026-01-05 04:35:00,D04,49.12125384507588,25.53541125862349,69.88112618568124
2026-01-05 04:35:00,D05,62.99687148924771,25.53541125862349,69.88112618568124
2026-01-05 04:40:00,D01,46.50862633651651,25.431774795202404,68.2672093583028
2026-01-05 04:40:00,D02,57.58078056146422,25.431774795202404,68.2672093583028
2026-01-05 04:40:00,D03,45.80639774399645,25.431774795202404,68.2672093583028
2026-01-05 04:40:00,D04,45.99659364325248,25.431774795202404,68.2672093583028
2026-01-05 04:40:00,D05,61.12809840763241,25.431774795202404,68.2672093583028
2026-01-05 04:45:00,D01,53.61733670722877,24.898866003033813,66.95074570784213
2026-01-05 04:45:00,D02,66.00164464568809,24.898866003033813,66.95074570784213
2026-01-05 04:45:00,D03,54.917417892772555,24.898866003033813,66.95074570784213
2026-01-05 04:45:00,D04,54.0676834270187,24.898866003033813,66.95074570784213
2026-01-05 04:45:00,D05,66.20375559750211,24.898866003033813,66.95074570784213
2026-01-05 04:50:00,D01,46.46504206010367,25.073045519415945,69.13336716414474
2026-01-05 04:50:00,D02,58.40792604514867,25.073045519415945,69.13336716414474
2026-01-05 04:50:00,D03,47.785098180341066,25.073045519415945,69.13336716414474
2026-01-05 04:50:00,D04,46.22314151961027,25.073045519415945,69.13336716414474
2026-01-05 04:50:00,D05,62.490745838548634,25.073045519415945,69.13336716414474
2026-01-05 04:55:00,D01,50.667058061136196,26.22566438249338,68.77993668096833
2026-01-05 04:55:00,D02,58.36783867808884,26.22566438249338,68.77993668096833
2026-01-05 04:55:00,D03,49.14059232499519,26.22566438249338,68.77993668096833
2026-01-05 04:55:00,D04,47.488597990108296,26.22566438249338,68.77993668096833
2026-01-05 04:55:00,D05,63.27036941859393,26.22566438249338,68.77993668096833
2026-01-05 05:00:00,D01,50.206077384188305,26.095579276440052,69.04627589963481
2026-01-05 05:00:00,D02,59.827622240668106,26.095579276440052,69.04627589963481
2026-01-05 05:00:00,D03,49.3996525191692,26.095579276440052,69.04627589963481
2026-01-05 05:00:00,D04,48.86429266570925,26.095579276440052,69.04627589963481
2026-01-05 05:00:00,D05,64.58901699949855,26.095579276440052,69.04627589963481
2026-01-05 05:05:00,D01,51.515149886539284,25.792060778680348,67.3569019701938
2026-01-05 05:05:00,D02,63.940609187048395,25.792060778680348,67.3569019701938
2026-01-05 05:05:00,D03,53.337404016383886,25.792060778680348,67.3569019701938
2026-01-05 05:05:00,D04,50.69096810333896,25.792060778680348,67.3569019701938
2026-01-05 05:05:00,D05,66.7127529960233,25.792060778680348,67.3569019701938
2026-01-05 05:10:00,D01,49.559646944520466,25.708847157426543,66.26466310440125
2026-01-05 05:10:00,D02,60.75995185818221,25.708847157426543,66.26466310440125
2026-01-05 05:10:00,D03,47.401638163171434,25.708847157426543,66.26466310440125
2026-01-05 05:10:00,D04,48.89865636903016,25.708847157426543,66.26466310440125
2026-01-05 05:10:00,D05,65.01774550041901,25.708847157426543,66.26466310440125
2026-01-05 05:15:00,D01,53.66263454874458,25.011644453363672,64.61272272762552
2026-01-05 05:15:00,D02,64.0558419583306,25.011644453363672,64.61272272762552
2026-01-05 05:15:00,D03,51.07345383409323,25.011644453363672,64.61272272762552
2026-01-05 05:15:00,D04,52.69811557506925,25.011644453363672,64.61272272762552
2026-01-05 05:15:00,D05,66.55850766449245,25.011644453363672,64.61272272762552
2026-01-05 05:20:00,D01,48.35395677682023,25.596332902323127,67.96554167887842
2026-01-05 05:20:00,D02,61.71414123475154,25.596332902323127,67.96554167887842
2026-01-05 05:20:00,D03,47.69737262073966,25.596332902323127,67.96554167887842
2026-01-05 05:20:00,D04,48.24849055247699,25.596332902323127,67.96554167887842
2026-01-05 05:20:00,D05,63.93495308954901,25.596332902323127,67.96554167887842
2026-01-05 05:25:00,D01,49.78497935832551,27.19509261262027,67.15706808556516
2026-01-05 05:25:00,D02,62.62750187591655,27.19509261262027,67.15706808556516
2026-01-05 05:25:00,D03,49.97187363263562,27.19509261262027,67.15706808556516
2026-01-05 05:25:00,D04,49.87902502647543,27.19509261262027,67.15706808556516
2026-01-05 05:25:00,D05,66.34943807664234,27.19509261262027,67.15706808556516
2026-01-05 05:30:00,D01,49.11774425822547,25.707141253398518,64.85658797290456
2026-01-05 05:30:00,D02,59.48978622074753,25.707141253398518,64.85658797290456
2026-01-05 05:30:00,D03,47.94318511663334,25.707141253398518,64.85658797290456
2026-01-05 05:30:00,D04,47.03652660123926,25.707141253398518,64.85658797290456
2026-01-05 05:30:00,D05,63.91178242721064,25.707141253398518,64.85658797290456
2026-01-05 05:35:00,D01,54.309300883853645,26.550405536350706,65.28080823857474
2026-01-05 05:35:00,D02,67.03214754456386,26.550405536350706,65.28080823857474
2026-01-05 05:35:00,D03,53.78388408496394,26.550405536350706,65.28080823857474
2026-01-05 05:35:00,D04,55.68019024572166,26.550405536350706,65.28080823857474
2026-01-05 05:35:00,D05,,26.550405536350706,65.28080823857474
2026-01-05 05:40:00,D01,47.769744592503685,27.0679432728593,65.17141920954944
2026-01-05 05:40:00,D02,59.89360685125188,27.0679432728593,65.17141920954944
2026-01-05 05:40:00,D03,47.80605905599048,27.0679432728593,65.17141920954944
2026-01-05 05:40:00,D04,49.222862384673704,27.0679432728593,65.17141920954944
2026-01-05 05:40:00,D05,63.073676380907735,27.0679432728593,65.17141920954944
2026-01-05 05:45:00,D01,49.76395930977212,26.045523019848122,63.42955464432783
2026-01-05 05:45:00,D02,60.19573255112991,26.045523019848122,63.42955464432783
2026-01-05 05:45:00,D03,50.633526043585306,26.045523019848122,63.42955464432783
2026-01-05 05:45:00,D04,50.92756631571218,26.045523019848122,63.42955464432783
2026-01-05 05:45:00,D05,66.36986091000793,26.045523019848122,63.42955464432783
2026-01-05 05:50:00,D01,49.540363829319375,26.874258300563863,64.20967027874565
2026-01-05 05:50:00,D02,63.81542114951874,26.874258300563863,64.20967027874565
2026-01-05 05:50:00,D03,50.53520118250452,26.874258300563863,64.20967027874565
2026-01-05 05:50:00,D04,51.02591882873638,26.874258300563863,64.20967027874565
2026-01-05 05:50:00,D05,67.62071487181561,26.874258300563863,64.20967027874565
2026-01-05 05:55:00,D01,51.06136087558119,27.35988334358252,63.51740331513608
2026-01-05 05:55:00,D02,63.35600498979536,27.35988334358252,63.51740331513608
2026-01-05 05:55:00,D03,48.64966968871452,27.35988334358252,63.51740331513608
2026-01-05 05:55:00,D04,50.648046706674286,27.35988334358252,63.51740331513608
2026-01-05 05:55:00,D05,65.4378002460353,27.35988334358252,63.51740331513608
2026-01-05 06:00:00,D01,50.534386723738784,27.00624966095362,64.3812814821681
2026-01-05 06:00:00,D02,61.798429186515264,27.00624966095362,64.3812814821681
2026-01-05 06:00:00,D03,48.636555976865885,27.00624966095362,64.3812814821681
2026-01-05 06:00:00,D04,50.46161759038078,27.00624966095362,64.3812814821681
2026-01-05 06:00:00,D05,63.698708769276465,27.00624966095362,64.3812814821681
2026-01-05 06:05:00,D01,49.512172122256196,28.5432759530062,63.67380490216003
2026-01-05 06:05:00,D02,62.7884883854043,28.5432759530062,63.67380490216003
2026-01-05 06:05:00,D03,49.18874021801966,28.5432759530062,63.67380490216003
2026-01-05 06:05:00,D04,,28.5432759530062,63.67380490216003
2026-01-05 06:05:00,D05,64.10517831211969,28.5432759530062,63.67380490216003
2026-01-05 06:10:00,D01,51.514534679335654,26.383797307387574,62.12329874504654
2026-01-05 06:10:00,D02,61.574446066765425,26.383797307387574,62.12329874504654
2026-01-05 06:10:00,D03,49.83102572296907,26.383797307387574,62.12329874504654
2026-01-05 06:10:00,D04,49.53795230492444,26.383797307387574,62.12329874504654
2026-01-05 06:10:00,D05,65.43442478848928,26.383797307387574,62.12329874504654
2026-01-05 06:15:00,D01,48.980668903713514,27.856379911092645,67.3798540535528
2026-01-05 06:15:00,D02,62.19974506757775,27.856379911092645,67.3798540535528
2026-01-05 06:15:00,D03,48.554917769818516,27.856379911092645,67.3798540535528
2026-01-05 06:15:00,D04,50.759193402862294,27.856379911092645,67.3798540535528
2026-01-05 06:15:00,D05,64.91230138856733,27.856379911092645,67.3798540535528
2026-01-05 06:20:00,D01,50.83500075954136,27.349377845040046,66.00725366906728
2026-01-05 06:20:00,D02,62.51133145128038,27.349377845040046,66.00725366906728
2026-01-05 06:20:00,D03,51.39889874801086,27.349377845040046,66.00725366906728
2026-01-05 06:20:00,D04,52.50479419865665,27.349377845040046,66.00725366906728
2026-01-05 06:20:00,D05,67.75275465355045,27.349377845040046,66.00725366906728
2026-01-05 06:25:00,D01,54.294379078209765,27.930294451678165,62.74280211920037
2026-01-05 06:25:00,D02,66.96721093505784,27.930294451678165,62.74280211920037
2026-01-05 06:25:00,D03,53.23062199692031,27.930294451678165,62.74280211920037
2026-01-05 06:25:00,D04,55.418833127174516,27.930294451678165,62.74280211920037
2026-01-05 06:25:00,D05,70.44052508783331,27.930294451678165,62.74280211920037
2026-01-05 06:30:00,D01,48.71687246837115,27.873284536949882,64.1033701727799
2026-01-05 06:30:00,D02,62.9609614638281,27.873284536949882,64.1033701727799
2026-01-05 06:30:00,D03,48.67364569217411,27.873284536949882,64.1033701727799
2026-01-05 06:30:00,D04,47.19768809864807,27.873284536949882,64.1033701727799
2026-01-05 06:30:00,D05,62.174806098239884,27.873284536949882,64.1033701727799
2026-01-05 06:35:00,D01,47.91397787685467,27.394038832394582,64.10496377283278
2026-01-05 06:35:00,D02,58.367515075930314,27.394038832394582,64.10496377283278
2026-01-05 06:35:00,D03,46.07091781715683,27.394038832394582,64.10496377283278
2026-01-05 06:35:00,D04,46.72480567537047,27.394038832394582,64.10496377283278
2026-01-05 06:35:00,D05,61.93588884226112,27.394038832394582,64.10496377283278
2026-01-05 06:40:00,D01,48.89655060935559,27.98273908456432,65.05014700549093
2026-01-05 06:40:00,D02,61.13999914262287,27.98273908456432,65.05014700549093
2026-01-05 06:40:00,D03,48.82260877704911,27.98273908456432,65.05014700549093
2026-01-05 06:40:00,D04,49.4986120165215,27.98273908456432,65.05014700549093
2026-01-05 06:40:00,D05,65.16910701448957,27.98273908456432,65.05014700549093
2026-01-05 06:45:00,D01,56.33536571615584,27.04650088438149,61.821189239848614
2026-01-05 06:45:00,D02,66.49546943595311,27.04650088438149,61.821189239848614
2026-01-05 06:45:00,D03,53.6585873483518,27.04650088438149,61.821189239848614
2026-01-05 06:45:00,D04,,27.04650088438149,61.821189239848614
2026-01-05 06:45:00,D05,71.3802170851092,27.04650088438149,61.821189239848614
2026-01-05 06:50:00,D01,50.12252789776814,28.383821819976202,64.47376403659263
2026-01-05 06:50:00,D02,60.53374811887785,28.383821819976202,64.47376403659263
2026-01-05 06:50:00,D03,48.002110239690104,28.383821819976202,64.47376403659263
2026-01-05 06:50:00,D04,50.072933929397294,28.383821819976202,64.47376403659263
2026-01-05 06:50:00,D05,63.41240408410812,28.383821819976202,64.47376403659263
2026-01-05 06:55:00,D01,52.95251028205241,28.337508694626116,61.80128312042789
2026-01-05 06:55:00,D02,64.18668255229608,28.337508694626116,61.80128312042789
2026-01-05 06:55:00,D03,52.12520653906835,28.337508694626116,61.80128312042789
2026-01-05 06:55:00,D04,52.581786671903885,28.337508694626116,61.80128312042789
2026-01-05 06:55:00,D05,69.67968689930676,28.337508694626116,61.80128312042789
2026-01-05 07:00:00,D01,54.26437031122789,28.613425309834156,60.40801594272187
2026-01-05 07:00:00,D02,65.70389734417624,28.613425309834156,60.40801594272187
2026-01-05 07:00:00,D03,53.921444157719,28.613425309834156,60.40801594272187
2026-01-05 07:00:00,D04,53.4830523112785,28.613425309834156,60.40801594272187
2026-01-05 07:00:00,D05,68.90102717914867,28.613425309834156,60.40801594272187
2026-01-05 07:05:00,D01,47.436824989818035,28.928204232698537,63.28791469866182
2026-01-05 07:05:00,D02,61.618077638666804,28.928204232698537,63.28791469866182
2026-01-05 07:05:00,D03,48.8991723271362,28.928204232698537,63.28791469866182
2026-01-05 07:05:00,D04,48.64616197616755,28.928204232698537,63.28791469866182
2026-01-05 07:05:00,D05,,28.928204232698537,63.28791469866182
2026-01-05 07:10:00,D01,51.75035720703473,28.68733891762622,63.929079641140916
2026-01-05 07:10:00,D02,63.497324070373594,28.68733891762622,63.929079641140916
2026-01-05 07:10:00,D03,50.60528379766917,28.68733891762622,63.929079641140916
2026-01-05 07:10:00,D04,50.38490846822757,28.68733891762622,63.929079641140916
2026-01-05 07:10:00,D05,65.92471294197296,28.68733891762622,63.929079641140916
2026-01-05 07:15:00,D01,53.77337094976759,28.681242036414943,65.66746880726441
2026-01-05 07:15:00,D02,63.255445864949706,28.681242036414943,65.66746880726441
2026-01-05 07:15:00,D03,51.92860904386434,28.681242036414943,65.66746880726441
2026-01-05 07:15:00,D04,52.01745431360213,28.681242036414943,65.66746880726441
2026-01-05 07:15:00,D05,68.07369216396116,28.681242036414943,65.66746880726441
2026-01-05 07:20:00,D01,49.50210800607398,28.269566548297693,59.780210669108
2026-01-05 07:20:00,D02,61.941530698735015,28.269566548297693,59.780210669108
2026-01-05 07:20:00,D03,49.01919103120041,28.269566548297693,59.780210669108
2026-01-05 07:20:00,D04,50.694519258085336,28.269566548297693,59.780210669108
2026-01-05 07:20:00,D05,64.35406867659654,28.269566548297693,59.780210669108
2026-01-05 07:25:00,D01,48.89735488375298,28.456079809593977,62.42399914478418
2026-01-05 07:25:00,D02,62.16790325288191,28.456079809593977,62.42399914478418
2026-01-05 07:25:00,D03,49.60361886197191,28.456079809593977,62.42399914478418
2026-01-05 07:25:00,D04,48.6910456443411,28.456079809593977,62.42399914478418
2026-01-05 07:25:00,D05,64.11456050120155,28.456079809593977,62.42399914478418
2026-01-05 07:30:00,D01,45.12118455597355,29.506784471914106,60.55846381065882
2026-01-05 07:30:00,D02,61.2331382938795,29.506784471914106,60.55846381065882
2026-01-05 07:30:00,D03,48.218121909417206,29.506784471914106,60.55846381065882
2026-01-05 07:30:00,D04,48.95101807963723,29.506784471914106,60.55846381065882
2026-01-05 07:30:00,D05,64.59742437020964,29.506784471914106,60.55846381065882
2026-01-05 07:35:00,D01,46.48187418615662,29.731901152146662,62.1475711671987
2026-01-05 07:35:00,D02,59.833912561094834,29.731901152146662,62.1475711671987
2026-01-05 07:35:00,D03,48.72730318527567,29.731901152146662,62.1475711671987
2026-01-05 07:35:00,D04,47.113952996857954,29.731901152146662,62.1475711671987
2026-01-05 07:35:00,D05,63.4250153553855,29.731901152146662,62.1475711671987
2026-01-05 07:40:00,D01,47.13860676254989,28.99403609054747,58.56808305574613
2026-01-05 07:40:00,D02,60.33210663538256,28.99403609054747,58.56808305574613
2026-01-05 07:40:00,D03,48.22416009830931,28.99403609054747,58.56808305574613
2026-01-05 07:40:00,D04,47.305801118651345,28.99403609054747,58.56808305574613
2026-01-05 07:40:00,D05,64.39676093771035,28.99403609054747,58.56808305574613
2026-01-05 07:45:00,D01,45.542591943741904,29.234444824721646,58.68295843426214
2026-01-05 07:45:00,D02,59.910556379184364,29.234444824721646,58.68295843426214
2026-01-05 07:45:00,D03,47.43445409937042,29.234444824721646,58.68295843426214
2026-01-05 07:45:00,D04,46.62913845925748,29.234444824721646,58.68295843426214
2026-01-05 07:45:00,D05,60.927599060186424,29.234444824721646,58.68295843426214
2026-01-05 07:50:00,D01,49.06051827284773,28.856435878678287,59.218701632899936
2026-01-05 07:50:00,D02,63.22903441347236,28.856435878678287,59.218701632899936
2026-01-05 07:50:00,D03,49.07184068383664,28.856435878678287,59.218701632899936
2026-01-05 07:50:00,D04,49.24638898494366,28.856435878678287,59.218701632899936
2026-01-05 07:50:00,D05,63.32459107272392,28.856435878678287,59.218701632899936
2026-01-05 07:55:00,D01,46.80835764943655,29.991322267230657,60.30855837930825
2026-01-05 07:55:00,D02,58.65145184747383,29.991322267230657,60.30855837930825
2026-01-05 07:55:00,D03,47.902985548214765,29.991322267230657,60.30855837930825
2026-01-05 07:55:00,D04,46.757735376854406,29.991322267230657,60.30855837930825
2026-01-05 07:55:00,D05,63.18668948166208,29.991322267230657,60.30855837930825
2026-01-05 08:00:00,D01,48.30321385166088,29.832708411845882,59.03837810019248
2026-01-05 08:00:00,D02,62.59304803141421,29.832708411845882,59.03837810019248
2026-01-05 08:00:00,D03,48.33104462875672,29.832708411845882,59.03837810019248
2026-01-05 08:00:00,D04,48.36320524326091,29.832708411845882,59.03837810019248
2026-01-05 08:00:00,D05,64.53108052390702,29.832708411845882,59.03837810019248
2026-01-05 08:05:00,D01,44.37852726607439,30.564475009034474,60.800848934264934
2026-01-05 08:05:00,D02,57.74813264882096,30.564475009034474,60.800848934264934
2026-01-05 08:05:00,D03,44.97892905110942,30.564475009034474,60.800848934264934
2026-01-05 08:05:00,D04,45.91350142332663,30.564475009034474,60.800848934264934
2026-01-05 08:05:00,D05,61.192446038081876,30.564475009034474,60.800848934264934
2026-01-05 08:10:00,D01,48.38016193707255,29.24733650314424,61.16734584391865
2026-01-05 08:10:00,D02,61.37294976134804,29.24733650314424,61.16734584391865
2026-01-05 08:10:00,D03,49.44503847604015,29.24733650314424,61.16734584391865
2026-01-05 08:10:00,D04,49.21204218752754,29.24733650314424,61.16734584391865
2026-01-05 08:10:00,D05,,29.24733650314424,61.16734584391865
2026-01-05 08:15:00,D01,51.10325325809323,29.588847215588906,60.34366398167201
2026-01-05 08:15:00,D02,60.86209680499278,29.588847215588906,60.34366398167201
2026-01-05 08:15:00,D03,50.323853527800686,29.588847215588906,60.34366398167201
2026-01-05 08:15:00,D04,49.329696232589484,29.588847215588906,60.34366398167201
2026-01-05 08:15:00,D05,64.04487876547034,29.588847215588906,60.34366398167201
2026-01-05 08:20:00,D01,43.54302410311952,29.983605143018018,61.692417095980844
2026-01-05 08:20:00,D02,56.346058755675784,29.983605143018018,61.692417095980844
2026-01-05 08:20:00,D03,44.71166098069026,29.983605143018018,61.692417095980844
2026-01-05 08:20:00,D04,43.265613812989606,29.983605143018018,61.692417095980844
2026-01-05 08:20:00,D05,59.97012798834601,29.983605143018018,61.692417095980844
2026-01-05 08:25:00,D01,48.29762047593669,30.279793010680798,59.71064346054719
2026-01-05 08:25:00,D02,60.25201879015837,30.279793010680798,59.71064346054719
2026-01-05 08:25:00,D03,49.912952074648686,30.279793010680798,59.71064346054719
2026-01-05 08:25:00,D04,49.161838017085834,30.279793010680798,59.71064346054719
2026-01-05 08:25:00,D05,63.59858005929418,30.279793010680798,59.71064346054719
2026-01-05 08:30:00,D01,49.93217377283568,29.935973326269785,57.08704064440255
2026-01-05 08:30:00,D02,62.37166708242246,29.935973326269785,57.08704064440255
2026-01-05 08:30:00,D03,48.96390021604351,29.935973326269785,57.08704064440255
2026-01-05 08:30:00,D04,48.47079072303427,29.935973326269785,57.08704064440255
2026-01-05 08:30:00,D05,66.6612899752916,29.935973326269785,57.08704064440255
2026-01-05 08:35:00,D01,45.71855630735585,29.693136815693443,60.78583004846693
2026-01-05 08:35:00,D02,56.73795209215041,29.693136815693443,60.78583004846693
2026-01-05 08:35:00,D03,44.40511024593613,29.693136815693443,60.78583004846693
2026-01-05 08:35:00,D04,45.11896296491916,29.693136815693443,60.78583004846693
2026-01-05 08:35:00,D05,60.33491105396289,29.693136815693443,60.78583004846693
2026-01-05 08:40:00,D01,51.461838693393744,30.65464181289448,57.66438954972562
2026-01-05 08:40:00,D02,63.023182058246995,30.65464181289448,57.66438954972562
2026-01-05 08:40:00,D03,51.235161845939466,30.65464181289448,57.66438954972562
2026-01-05 08:40:00,D04,51.140677528415885,30.65464181289448,57.66438954972562
2026-01-05 08:40:00,D05,65.70124297794497,30.65464181289448,57.66438954972562
2026-01-05 08:45:00,D01,45.31177955427871,30.65729675677313,59.77216959852768
2026-01-05 08:45:00,D02,60.42675253550591,30.65729675677313,59.77216959852768
2026-01-05 08:45:00,D03,47.63207246171841,30.65729675677313,59.77216959852768
2026-01-05 08:45:00,D04,50.0941084764292,30.65729675677313,59.77216959852768
2026-01-05 08:45:00,D05,61.68531735509468,30.65729675677313,59.77216959852768
2026-01-05 08:50:00,D01,46.98438487041204,29.91981398779644,60.60469924867605
2026-01-05 08:50:00,D02,58.545856932343334,29.91981398779644,60.60469924867605
2026-01-05 08:50:00,D03,49.340517897873795,29.91981398779644,60.60469924867605
2026-01-05 08:50:00,D04,45.97323081642768,29.91981398779644,60.60469924867605
2026-01-05 08:50:00,D05,62.818236643549035,29.91981398779644,60.60469924867605
2026-01-05 08:55:00,D01,48.54846949952591,31.135286679464098,58.7699014582729
2026-01-05 08:55:00,D02,57.99362951862357,31.135286679464098,58.7699014582729
2026-01-05 08:55:00,D03,47.627821084452286,31.135286679464098,58.7699014582729
2026-01-05 08:55:00,D04,,31.135286679464098,58.7699014582729
2026-01-05 08:55:00,D05,63.42999930870103,31.135286679464098,58.7699014582729
2026-01-05 09:00:00,D01,47.137535099547236,31.12063326053104,55.68469396838755
2026-01-05 09:00:00,D02,59.24840696310899,31.12063326053104,55.68469396838755
2026-01-05 09:00:00,D03,48.10939078797875,31.12063326053104,55.68469396838755
2026-01-05 09:00:00,D04,48.47228248823445,31.12063326053104,55.68469396838755
2026-01-05 09:00:00,D05,62.32477852700626,31.12063326053104,55.68469396838755
2026-01-05 09:05:00,D01,46.09484309591267,30.678968058922674,56.39904212963776
2026-01-05 09:05:00,D02,59.945184643636104,30.678968058922674,56.39904212963776
2026-01-05 09:05:00,D03,46.55167206756365,30.678968058922674,56.39904212963776
2026-01-05 09:05:00,D04,46.35060058495678,30.678968058922674,56.39904212963776
2026-01-05 09:05:00,D05,60.71484627680733,30.678968058922674,56.39904212963776
2026-01-05 09:10:00,D01,47.38316067327109,30.726185615238634,59.61134333222647
2026-01-05 09:10:00,D02,59.562030534549976,30.726185615238634,59.61134333222647
2026-01-05 09:10:00,D03,47.353251777856315,30.726185615238634,59.61134333222647
2026-01-05 09:10:00,D04,47.614477824451086,30.726185615238634,59.61134333222647
2026-01-05 09:10:00,D05,62.893905637538204,30.726185615238634,59.61134333222647
2026-01-05 09:15:00,D01,43.99610694538538,31.036227922952836,57.22791789674601
2026-01-05 09:15:00,D02,58.36262090395529,31.036227922952836,57.22791789674601
2026-01-05 09:15:00,D03,44.78225162615716,31.036227922952836,57.22791789674601
2026-01-05 09:15:00,D04,44.781412992959766,31.036227922952836,57.22791789674601
2026-01-05 09:15:00,D05,61.3694071906493,31.036227922952836,57.22791789674601
2026-01-05 09:20:00,D01,46.990524618884166,30.399370680466753,57.45891587122348
2026-01-05 09:20:00,D02,59.53777317414863,30.399370680466753,57.45891587122348
2026-01-05 09:20:00,D03,46.87857967755881,30.399370680466753,57.45891587122348
2026-01-05 09:20:00,D04,47.39611010280448,30.399370680466753,57.45891587122348
2026-01-05 09:20:00,D05,61.9218958352712,30.399370680466753,57.45891587122348
2026-01-05 09:25:00,D01,41.485280441671776,30.91443815504644,58.339391793316615
2026-01-05 09:25:00,D02,56.59439914374573,30.91443815504644,58.339391793316615
2026-01-05 09:25:00,D03,128.96704485286926,30.91443815504644,58.339391793316615
2026-01-05 09:25:00,D04,42.758805537746106,30.91443815504644,58.339391793316615
2026-01-05 09:25:00,D05,58.91947819341899,30.91443815504644,58.339391793316615
2026-01-05 09:30:00,D01,44.74723455935308,29.89057492915159,58.11095089020812
2026-01-05 09:30:00,D02,59.84161131163205,29.89057492915159,58.11095089020812
2026-01-05 09:30:00,D03,45.59200992086992,29.89057492915159,58.11095089020812
2026-01-05 09:30:00,D04,45.85943833648681,29.89057492915159,58.11095089020812
2026-01-05 09:30:00,D05,62.562944442480564,29.89057492915159,58.11095089020812
2026-01-05 09:35:00,D01,45.64447840088117,31.470450844088884,57.35375367590336
2026-01-05 09:35:00,D02,56.37125277103368,31.470450844088884,57.35375367590336
2026-01-05 09:35:00,D03,45.449565775940854,31.470450844088884,57.35375367590336
2026-01-05 09:35:00,D04,42.314265679347386,31.470450844088884,57.35375367590336
2026-01-05 09:35:00,D05,58.83661606755115,31.470450844088884,57.35375367590336
2026-01-05 09:40:00,D01,43.33648451098289,30.315013610224028,56.49547700027939
2026-01-05 09:40:00,D02,56.275825713361286,30.315013610224028,56.49547700027939
2026-01-05 09:40:00,D03,45.64920944098195,30.315013610224028,56.49547700027939
2026-01-05 09:40:00,D04,44.78138499750356,30.315013610224028,56.49547700027939
2026-01-05 09:40:00,D05,59.31459806795188,30.315013610224028,56.49547700027939
2026-01-05 09:45:00,D01,49.271316958719844,31.909057975727222,56.21630120837602
2026-01-05 09:45:00,D02,61.49512476497503,31.909057975727222,56.21630120837602
2026-01-05 09:45:00,D03,48.2799226605518,31.909057975727222,56.21630120837602
2026-01-05 09:45:00,D04,47.79744866941006,31.909057975727222,56.21630120837602
2026-01-05 09:45:00,D05,63.99189131140739,31.909057975727222,56.21630120837602
2026-01-05 09:50:00,D01,47.91095452024694,31.051897182081202,57.85293377980816
2026-01-05 09:50:00,D02,60.67058894565845,31.051897182081202,57.85293377980816
2026-01-05 09:50:00,D03,46.214356597420064,31.051897182081202,57.85293377980816
2026-01-05 09:50:00,D04,49.43993316863331,31.051897182081202,57.85293377980816
2026-01-05 09:50:00,D05,63.032248178558454,31.051897182081202,57.85293377980816
2026-01-05 09:55:00,D01,44.59674110883131,31.168725862399143,57.28123558987223
2026-01-05 09:55:00,D02,58.83406312898288,31.168725862399143,57.28123558987223
2026-01-05 09:55:00,D03,46.944511980058614,31.168725862399143,57.28123558987223
2026-01-05 09:55:00,D04,46.757344174485375,31.168725862399143,57.28123558987223
2026-01-05 09:55:00,D05,61.29804664540144,31.168725862399143,57.28123558987223
2026-01-05 10:00:00,D01,43.45070366587106,31.016260065879933,55.95379596122894
2026-01-05 10:00:00,D02,56.832142611308065,31.016260065879933,55.95379596122894
2026-01-05 10:00:00,D03,44.36965691226588,31.016260065879933,55.95379596122894
2026-01-05 10:00:00,D04,41.94838289661522,31.016260065879933,55.95379596122894
2026-01-05 10:00:00,D05,59.30426166510545,31.016260065879933,55.95379596122894
2026-01-05 10:05:00,D01,44.059403487611426,31.239614341576505,57.855900912414626
2026-01-05 10:05:00,D02,56.600062211974276,31.239614341576505,57.855900912414626
2026-01-05 10:05:00,D03,45.546851891766664,31.239614341576505,57.855900912414626
2026-01-05 10:05:00,D04,43.083384927593094,31.239614341576505,57.855900912414626
2026-01-05 10:05:00,D05,60.488952897801745,31.239614341576505,57.855900912414626
2026-01-05 10:10:00,D01,46.58821447605898,32.14431983846513,55.936340495523105
2026-01-05 10:10:00,D02,59.72161646018708,32.14431983846513,55.936340495523105
2026-01-05 10:10:00,D03,47.77810738511838,32.14431983846513,55.936340495523105
2026-01-05 10:10:00,D04,47.705381463545976,32.14431983846513,55.936340495523105
2026-01-05 10:10:00,D05,63.682310535930355,32.14431983846513,55.936340495523105
2026-01-05 10:15:00,D01,44.95127782264181,30.2404593793959,54.75377932317153
2026-01-05 10:15:00,D02,57.382630228939306,30.2404593793959,54.75377932317153
2026-01-05 10:15:00,D03,46.128743684755634,30.2404593793959,54.75377932317153
2026-01-05 10:15:00,D04,46.50275206326023,30.2404593793959,54.75377932317153
2026-01-05 10:15:00,D05,60.37187708949261,30.2404593793959,54.75377932317153
2026-01-05 10:20:00,D01,49.3394751829372,32.17002162822734,54.7984660812785
2026-01-05 10:20:00,D02,60.595260209419834,32.17002162822734,54.7984660812785
2026-01-05 10:20:00,D03,48.91822596984943,32.17002162822734,54.7984660812785
2026-01-05 10:20:00,D04,50.35500545453015,32.17002162822734,54.7984660812785
2026-01-05 10:20:00,D05,62.935219874980206,32.17002162822734,54.7984660812785
2026-01-05 10:25:00,D01,45.52169439935076,31.745569136148088,54.37877395434088
2026-01-05 10:25:00,D02,57.56662593212308,31.745569136148088,54.37877395434088
2026-01-05 10:25:00,D03,45.442205547209845,31.745569136148088,54.37877395434088
2026-01-05 10:25:00,D04,43.601411329844865,31.745569136148088,54.37877395434088
2026-01-05 10:25:00,D05,,31.745569136148088,54.37877395434088
2026-01-05 10:30:00,D01,45.389185404178995,31.01588683862782,55.35258964998161
2026-01-05 10:30:00,D02,58.29255625760268,31.01588683862782,55.35258964998161
2026-01-05 10:30:00,D03,43.53015699030581,31.01588683862782,55.35258964998161
2026-01-05 10:30:00,D04,44.414226059620496,31.01588683862782,55.35258964998161
2026-01-05 10:30:00,D05,58.89521442538813,31.01588683862782,55.35258964998161
2026-01-05 10:35:00,D01,43.41428336721037,31.12238314988937,57.53050772467631
2026-01-05 10:35:00,D02,56.14590485169405,31.12238314988937,57.53050772467631
2026-01-05 10:35:00,D03,43.29841291058773,31.12238314988937,57.53050772467631
2026-01-05 10:35:00,D04,44.13316771345307,31.12238314988937,57.53050772467631
2026-01-05 10:35:00,D05,56.8477094610468,31.12238314988937,57.53050772467631
2026-01-05 10:40:00,D01,42.311649154034896,32.536659617533644,54.39543102059515
2026-01-05 10:40:00,D02,56.4230613094187,32.536659617533644,54.39543102059515
2026-01-05 10:40:00,D03,45.01681748679178,32.536659617533644,54.39543102059515
2026-01-05 10:40:00,D04,42.34612353061378,32.536659617533644,54.39543102059515
2026-01-05 10:40:00,D05,59.29346300274685,32.536659617533644,54.39543102059515
2026-01-05 10:45:00,D01,42.43580952261935,31.261897207504163,55.813412346576094
2026-01-05 10:45:00,D02,55.462327897616035,31.261897207504163,55.813412346576094
2026-01-05 10:45:00,D03,42.32003156878365,31.261897207504163,55.813412346576094
2026-01-05 10:45:00,D04,43.94682222003466,31.261897207504163,55.813412346576094
2026-01-05 10:45:00,D05,115.52428773639139,31.261897207504163,55.813412346576094
2026-01-05 10:50:00,D01,47.36632368368851,31.191909498443156,54.47779647407661
2026-01-05 10:50:00,D02,57.478708133650066,31.191909498443156,54.47779647407661
2026-01-05 10:50:00,D03,43.561831918955605,31.191909498443156,54.47779647407661
2026-01-05 10:50:00,D04,43.72048740253697,31.191909498443156,54.47779647407661
2026-01-05 10:50:00,D05,61.92726021219879,31.191909498443156,54.47779647407661
2026-01-05 10:55:00,D01,45.436185834280835,32.368906543112004,55.00903789423357
2026-01-05 10:55:00,D02,58.19595271752476,32.368906543112004,55.00903789423357
2026-01-05 10:55:00,D03,44.8091837129228,32.368906543112004,55.00903789423357
2026-01-05 10:55:00,D04,44.496221838136414,32.368906543112004,55.00903789423357
2026-01-05 10:55:00,D05,59.42420436026399,32.368906543112004,55.00903789423357
2026-01-05 11:00:00,D01,43.385498830820836,31.9989055695883,53.07567991913144
2026-01-05 11:00:00,D02,54.36986723434822,31.9989055695883,53.07567991913144
2026-01-05 11:00:00,D03,40.78954932628534,31.9989055695883,53.07567991913144
2026-01-05 11:00:00,D04,41.292843934375774,31.9989055695883,53.07567991913144
2026-01-05 11:00:00,D05,57.62378562640522,31.9989055695883,53.07567991913144
2026-01-05 11:05:00,D01,41.10982709834539,31.387747560798104,54.95577195813259
2026-01-05 11:05:00,D02,52.13687058608601,31.387747560798104,54.95577195813259
2026-01-05 11:05:00,D03,40.363540737216624,31.387747560798104,54.95577195813259
2026-01-05 11:05:00,D04,40.78270855283206,31.387747560798104,54.95577195813259
2026-01-05 11:05:00,D05,54.058403695236464,31.387747560798104,54.95577195813259
2026-01-05 11:10:00,D01,38.73378746473018,31.989792523301976,54.946481859093225
2026-01-05 11:10:00,D02,51.58103497735899,31.989792523301976,54.946481859093225
2026-01-05 11:10:00,D03,38.03872586722739,31.989792523301976,54.946481859093225
2026-01-05 11:10:00,D04,40.023892222690186,31.989792523301976,54.946481859093225
2026-01-05 11:10:00,D05,55.717432054753615,31.989792523301976,54.946481859093225
2026-01-05 11:15:00,D01,43.26829294376749,31.39105006019601,56.002579112021245
2026-01-05 11:15:00,D02,56.221019163521746,31.39105006019601,56.002579112021245
2026-01-05 11:15:00,D03,44.68532548958908,31.39105006019601,56.002579112021245
2026-01-05 11:15:00,D04,42.64395259942172,31.39105006019601,56.002579112021245
2026-01-05 11:15:00,D05,58.233981979292295,31.39105006019601,56.002579112021245
2026-01-05 11:20:00,D01,39.49316852444472,32.47444946427235,55.48684383976097
2026-01-05 11:20:00,D02,51.30667268349434,32.47444946427235,55.48684383976097
2026-01-05 11:20:00,D03,38.24007246636051,32.47444946427235,55.48684383976097
2026-01-05 11:20:00,D04,39.050108818522304,32.47444946427235,55.48684383976097
2026-01-05 11:20:00,D05,55.1750662105205,32.47444946427235,55.48684383976097
2026-01-05 11:25:00,D01,35.477648060147715,32.47249303477537,53.31879670789432
2026-01-05 11:25:00,D02,50.17772788219032,32.47249303477537,53.31879670789432
2026-01-05 11:25:00,D03,38.46918746221395,32.47249303477537,53.31879670789432
2026-01-05 11:25:00,D04,36.6692243072767,32.47249303477537,53.31879670789432
2026-01-05 11:25:00,D05,52.88598935739667,32.47249303477537,53.31879670789432
2026-01-05 11:30:00,D01,42.100466383730684,32.223227406280024,56.711848752327214
2026-01-05 11:30:00,D02,52.72508546828516,32.223227406280024,56.711848752327214
2026-01-05 11:30:00,D03,41.31756990295436,32.223227406280024,56.711848752327214
2026-01-05 11:30:00,D04,42.862003377425495,32.223227406280024,56.711848752327214
2026-01-05 11:30:00,D05,58.84634080501133,32.223227406280024,56.711848752327214
2026-01-05 11:35:00,D01,47.28534233592744,32.151112221735104,55.3748911781098
2026-01-05 11:35:00,D02,59.371097274844146,32.151112221735104,55.3748911781098
2026-01-05 11:35:00,D03,44.27868504880122,32.151112221735104,55.3748911781098
2026-01-05 11:35:00,D04,47.07022358002045,32.151112221735104,55.3748911781098
2026-01-05 11:35:00,D05,127.20184322825193,32.151112221735104,55.3748911781098
2026-01-05 11:40:00,D01,40.25977560957562,32.86156755289241,55.33564329484878
2026-01-05 11:40:00,D02,54.343579998909874,32.86156755289241,55.33564329484878
2026-01-05 11:40:00,D03,41.09729076074569,32.86156755289241,55.33564329484878
2026-01-05 11:40:00,D04,41.75382944033149,32.86156755289241,55.33564329484878
2026-01-05 11:40:00,D05,56.711787094967434,32.86156755289241,55.33564329484878
2026-01-05 11:45:00,D01,42.74296584026652,31.98913777988713,55.00763723753626
2026-01-05 11:45:00,D02,55.9123058652542,31.98913777988713,55.00763723753626
2026-01-05 11:45:00,D03,42.07640485519083,31.98913777988713,55.00763723753626
2026-01-05 11:45:00,D04,42.60080216109859,31.98913777988713,55.00763723753626
2026-01-05 11:45:00,D05,57.7318820887963,31.98913777988713,55.00763723753626
2026-01-05 11:50:00,D01,41.451443636641685,31.404304045198888,54.2328816133481
2026-01-05 11:50:00,D02,53.04847819515461,31.404304045198888,54.2328816133481
2026-01-05 11:50:00,D03,39.49024322284546,31.404304045198888,54.2328816133481
2026-01-05 11:50:00,D04,40.96829961964473,31.404304045198888,54.2328816133481
2026-01-05 11:50:00,D05,58.85249101172087,31.404304045198888,54.2328816133481
2026-01-05 11:55:00,D01,39.11068910465086,32.223547091815696,55.329083238824
2026-01-05 11:55:00,D02,53.18301439387571,32.223547091815696,55.329083238824
2026-01-05 11:55:00,D03,38.338992652248066,32.223547091815696,55.329083238824
2026-01-05 11:55:00,D04,39.79000072668355,32.223547091815696,55.329083238824
2026-01-05 11:55:00,D05,55.00238870734704,32.223547091815696,55.329083238824
2026-01-05 12:00:00,D01,41.386850101631886,33.04302352476856,55.71338265389287
2026-01-05 12:00:00,D02,56.12563038471771,33.04302352476856,55.71338265389287
2026-01-05 12:00:00,D03,41.829792178704096,33.04302352476856,55.71338265389287
2026-01-05 12:00:00,D04,41.70104822388512,33.04302352476856,55.71338265389287
2026-01-05 12:00:00,D05,55.335493344380566,33.04302352476856,55.71338265389287
2026-01-05 12:05:00,D01,38.18339057079994,31.49143038880662,52.38203619218258
2026-01-05 12:05:00,D02,53.48852084108201,31.49143038880662,52.38203619218258
2026-01-05 12:05:00,D03,40.177138952900926,31.49143038880662,52.38203619218258
2026-01-05 12:05:00,D04,40.05527560175513,31.49143038880662,52.38203619218258
2026-01-05 12:05:00,D05,,31.49143038880662,52.38203619218258
2026-01-05 12:10:00,D01,39.276425147801056,31.8145097245623,54.20137652816228
2026-01-05 12:10:00,D02,52.95279274509021,31.8145097245623,54.20137652816228
2026-01-05 12:10:00,D03,40.68354424757691,31.8145097245623,54.20137652816228
2026-01-05 12:10:00,D04,,31.8145097245623,54.20137652816228
2026-01-05 12:10:00,D05,56.69414822188699,31.8145097245623,54.20137652816228
2026-01-05 12:15:00,D01,38.701759036437565,32.19751763524374,54.63899031200858
2026-01-05 12:15:00,D02,53.02198419895914,32.19751763524374,54.63899031200858
2026-01-05 12:15:00,D03,40.04607096892989,32.19751763524374,54.63899031200858
2026-01-05 12:15:00,D04,39.516198255563715,32.19751763524374,54.63899031200858
2026-01-05 12:15:00,D05,55.31861474468192,32.19751763524374,54.63899031200858
2026-01-05 12:20:00,D01,36.89181320385932,31.95402106595586,55.42230892762396
2026-01-05 12:20:00,D02,51.806398616423394,31.95402106595586,55.42230892762396
2026-01-05 12:20:00,D03,38.27110923845508,31.95402106595586,55.42230892762396
2026-01-05 12:20:00,D04,38.891588276698194,31.95402106595586,55.42230892762396
2026-01-05 12:20:00,D05,53.889083555267405,31.95402106595586,55.42230892762396
2026-01-05 12:25:00,D01,42.31487163135124,31.479129900922942,56.84940312666749
2026-01-05 12:25:00,D02,52.30776530005549,31.479129900922942,56.84940312666749
2026-01-05 12:25:00,D03,40.86820181817554,31.479129900922942,56.84940312666749
2026-01-05 12:25:00,D04,40.287580386031564,31.479129900922942,56.84940312666749
2026-01-05 12:25:00,D05,56.23586119914366,31.479129900922942,56.84940312666749
2026-01-05 12:30:00,D01,37.42934153531838,32.51815323498429,53.927940164366724
2026-01-05 12:30:00,D02,50.94481974480857,32.51815323498429,53.927940164366724
2026-01-05 12:30:00,D03,36.9150943213783,32.51815323498429,53.927940164366724
2026-01-05 12:30:00,D04,38.49051634647589,32.51815323498429,53.927940164366724
2026-01-05 12:30:00,D05,52.541666982851446,32.51815323498429,53.927940164366724
2026-01-05 12:35:00,D01,37.09373503817584,33.10182791334743,54.36944212509563
2026-01-05 12:35:00,D02,51.235848756041484,33.10182791334743,54.36944212509563
2026-01-05 12:35:00,D03,35.54638183389171,33.10182791334743,54.36944212509563
2026-01-05 12:35:00,D04,35.72725458949984,33.10182791334743,54.36944212509563
2026-01-05 12:35:00,D05,52.96925433696454,33.10182791334743,54.36944212509563
2026-01-05 12:40:00,D01,38.83366915680056,32.02210449457299,54.38312130390809
2026-01-05 12:40:00,D02,53.25466649185851,32.02210449457299,54.38312130390809
2026-01-05 12:40:00,D03,39.13336938148684,32.02210449457299,54.38312130390809
2026-01-05 12:40:00,D04,38.39073697887247,32.02210449457299,54.38312130390809
2026-01-05 12:40:00,D05,55.34376269862123,32.02210449457299,54.38312130390809
2026-01-05 12:45:00,D01,37.4310267532936,31.451892257148153,53.98985581081088
2026-01-05 12:45:00,D02,49.57427819192146,31.451892257148153,53.98985581081088
2026-01-05 12:45:00,D03,36.091507529890585,31.451892257148153,53.98985581081088
2026-01-05 12:45:00,D04,36.27126619154867,31.451892257148153,53.98985581081088
2026-01-05 12:45:00,D05,52.782574825161795,31.451892257148153,53.98985581081088
2026-01-05 12:50:00,D01,39.20312847196084,31.10699977307293,54.716260186132274
2026-01-05 12:50:00,D02,49.34891292635414,31.10699977307293,54.716260186132274
2026-01-05 12:50:00,D03,38.742948853863986,31.10699977307293,54.716260186132274
2026-01-05 12:50:00,D04,37.19572295491622,31.10699977307293,54.716260186132274
2026-01-05 12:50:00,D05,,31.10699977307293,54.716260186132274
2026-01-05 12:55:00,D01,38.468973065588834,31.985698339676897,56.44278263184934
2026-01-05 12:55:00,D02,50.527697565048925,31.985698339676897,56.44278263184934
2026-01-05 12:55:00,D03,38.36220730722463,31.985698339676897,56.44278263184934
2026-01-05 12:55:00,D04,37.37575242442024,31.985698339676897,56.44278263184934
2026-01-05 12:55:00,D05,53.046056843042564,31.985698339676897,56.44278263184934
2026-01-05 13:00:00,D01,39.8897352337407,32.38156780310347,53.759988494062796
2026-01-05 13:00:00,D02,51.97631555734086,32.38156780310347,53.759988494062796
2026-01-05 13:00:00,D03,40.188733696396895,32.38156780310347,53.759988494062796
2026-01-05 13:00:00,D04,40.796870661624844,32.38156780310347,53.759988494062796
2026-01-05 13:00:00,D05,55.435322036228925,32.38156780310347,53.759988494062796
2026-01-05 13:05:00,D01,37.92004678860912,32.03783314517734,56.041223048870066
2026-01-05 13:05:00,D02,51.474701059532734,32.03783314517734,56.041223048870066
2026-01-05 13:05:00,D03,95.146296220434,32.03783314517734,56.041223048870066
2026-01-05 13:05:00,D04,38.02634996706091,32.03783314517734,56.041223048870066
2026-01-05 13:05:00,D05,53.410954067911504,32.03783314517734,56.041223048870066
2026-01-05 13:10:00,D01,35.75101338327573,31.767382833281705,52.90997714749024
2026-01-05 13:10:00,D02,49.136022792250266,31.767382833281705,52.90997714749024
2026-01-05 13:10:00,D03,35.562235917356844,31.767382833281705,52.90997714749024
2026-01-05 13:10:00,D04,37.84273732162414,31.767382833281705,52.90997714749024
2026-01-05 13:10:00,D05,54.33275291234442,31.767382833281705,52.90997714749024
2026-01-05 13:15:00,D01,40.36466682649117,31.44001482158088,54.688691710385626
2026-01-05 13:15:00,D02,50.40782149828518,31.44001482158088,54.688691710385626
2026-01-05 13:15:00,D03,38.83320908243499,31.44001482158088,54.688691710385626
2026-01-05 13:15:00,D04,37.6404254318462,31.44001482158088,54.688691710385626
2026-01-05 13:15:00,D05,55.53576923263322,31.44001482158088,54.688691710385626
2026-01-05 13:20:00,D01,38.60054064702543,31.152381287570503,55.108839841813925
2026-01-05 13:20:00,D02,50.31768089329782,31.152381287570503,55.108839841813925
2026-01-05 13:20:00,D03,39.885382978040155,31.152381287570503,55.108839841813925
2026-01-05 13:20:00,D04,39.90911799875742,31.152381287570503,55.108839841813925
2026-01-05 13:20:00,D05,,31.152381287570503,55.108839841813925
2026-01-05 13:25:00,D01,38.154886576899564,32.077415009576434,58.19221081654311
2026-01-05 13:25:00,D02,51.74530297935956,32.077415009576434,58.19221081654311
2026-01-05 13:25:00,D03,35.10270876738904,32.077415009576434,58.19221081654311
2026-01-05 13:25:00,D04,36.49104950196176,32.077415009576434,58.19221081654311
2026-01-05 13:25:00,D05,54.31614643941063,32.077415009576434,58.19221081654311
2026-01-05 13:30:00,D01,37.253436488659254,32.07628347324923,55.3490012177581
2026-01-05 13:30:00,D02,48.836284027421584,32.07628347324923,55.3490012177581
2026-01-05 13:30:00,D03,35.35953272945319,32.07628347324923,55.3490012177581
2026-01-05 13:30:00,D04,,32.07628347324923,55.3490012177581
2026-01-05 13:30:00,D05,51.25831350958646,32.07628347324923,55.3490012177581
2026-01-05 13:35:00,D01,32.793580139807,30.80369250225187,52.545019998629144
2026-01-05 13:35:00,D02,46.5581156015563,30.80369250225187,52.545019998629144
2026-01-05 13:35:00,D03,32.657806259318434,30.80369250225187,52.545019998629144
2026-01-05 13:35:00,D04,33.93835464608,30.80369250225187,52.545019998629144
2026-01-05 13:35:00,D05,49.20264513055264,30.80369250225187,52.545019998629144
2026-01-05 13:40:00,D01,34.68160258375822,32.326458424273596,52.93858876934162
2026-01-05 13:40:00,D02,46.70338667942217,32.326458424273596,52.93858876934162
2026-01-05 13:40:00,D03,33.76194025756569,32.326458424273596,52.93858876934162
2026-01-05 13:40:00,D04,33.65634728549764,32.326458424273596,52.93858876934162
2026-01-05 13:40:00,D05,51.434711500275526,32.326458424273596,52.93858876934162
2026-01-05 13:45:00,D01,35.730876892439476,31.771399318110436,56.08231696419315
2026-01-05 13:45:00,D02,46.971190053906874,31.771399318110436,56.08231696419315
2026-01-05 13:45:00,D03,34.16330325633493,31.771399318110436,56.08231696419315
2026-01-05 13:45:00,D04,35.90896441180303,31.771399318110436,56.08231696419315
2026-01-05 13:45:00,D05,51.95248827214431,31.771399318110436,56.08231696419315
2026-01-05 13:50:00,D01,35.89145329871286,32.13485148846401,57.05054795190264
2026-01-05 13:50:00,D02,45.98631040796231,32.13485148846401,57.05054795190264
2026-01-05 13:50:00,D03,34.12535489450646,32.13485148846401,57.05054795190264
2026-01-05 13:50:00,D04,,32.13485148846401,57.05054795190264
2026-01-05 13:50:00,D05,50.80492896961185,32.13485148846401,57.05054795190264
2026-01-05 13:55:00,D01,34.34682323840853,30.712569904294988,56.795916229365794
2026-01-05 13:55:00,D02,46.90266599323007,30.712569904294988,56.795916229365794
2026-01-05 13:55:00,D03,34.605634764482254,30.712569904294988,56.795916229365794
2026-01-05 13:55:00,D04,34.5077645554965,30.712569904294988,56.795916229365794
2026-01-05 13:55:00,D05,50.82238633871129,30.712569904294988,56.795916229365794
2026-01-05 14:00:00,D01,33.827435832514546,30.647214941214482,56.59110112085708
2026-01-05 14:00:00,D02,47.49186838366958,30.647214941214482,56.59110112085708
2026-01-05 14:00:00,D03,34.95415037825653,30.647214941214482,56.59110112085708
2026-01-05 14:00:00,D04,,30.647214941214482,56.59110112085708
2026-01-05 14:00:00,D05,,30.647214941214482,56.59110112085708
2026-01-05 14:05:00,D01,35.36616317166376,31.200074698481085,58.194270689529034
2026-01-05 14:05:00,D02,49.34992170513944,31.200074698481085,58.194270689529034
2026-01-05 14:05:00,D03,35.15525863340752,31.200074698481085,58.194270689529034
2026-01-05 14:05:00,D04,36.307957997905056,31.200074698481085,58.194270689529034
2026-01-05 14:05:00,D05,50.7928429920165,31.200074698481085,58.194270689529034
2026-01-05 14:10:00,D01,34.69485990294791,31.46834944251203,55.75669871076544
2026-01-05 14:10:00,D02,46.81187678622299,31.46834944251203,55.75669871076544
2026-01-05 14:10:00,D03,33.847021306346896,31.46834944251203,55.75669871076544
2026-01-05 14:10:00,D04,34.2423171374718,31.46834944251203,55.75669871076544
2026-01-05 14:10:00,D05,50.564604145033,31.46834944251203,55.75669871076544
2026-01-05 14:15:00,D01,35.47551368454146,32.055528472976206,58.02766971101478
2026-01-05 14:15:00,D02,50.29530523669371,32.055528472976206,58.02766971101478
2026-01-05 14:15:00,D03,34.33703389767571,32.055528472976206,58.02766971101478
2026-01-05 14:15:00,D04,35.563067137750146,32.055528472976206,58.02766971101478
2026-01-05 14:15:00,D05,52.20772407870995,32.055528472976206,58.02766971101478
2026-01-05 14:20:00,D01,33.99974656983523,31.448799678352522,54.360457229570464
2026-01-05 14:20:00,D02,48.561774707958264,31.448799678352522,54.360457229570464
2026-01-05 14:20:00,D03,34.77325190668361,31.448799678352522,54.360457229570464
2026-01-05 14:20:00,D04,34.4841027169661,31.448799678352522,54.360457229570464
2026-01-05 14:20:00,D05,50.793562089272115,31.448799678352522,54.360457229570464
2026-01-05 14:25:00,D01,28.226772924679196,30.9108823829314,55.57813220791806
2026-01-05 14:25:00,D02,44.09569469759014,30.9108823829314,55.57813220791806
2026-01-05 14:25:00,D03,30.707073012247807,30.9108823829314,55.57813220791806
2026-01-05 14:25:00,D04,30.33756271006964,30.9108823829314,55.57813220791806
2026-01-05 14:25:00,D05,46.54876155433423,30.9108823829314,55.57813220791806
2026-01-05 14:30:00,D01,32.50419791840442,30.453582097623237,54.35590450468991
2026-01-05 14:30:00,D02,45.07534634238281,30.453582097623237,54.35590450468991
2026-01-05 14:30:00,D03,31.263096972149977,30.453582097623237,54.35590450468991
2026-01-05 14:30:00,D04,31.891955597330913,30.453582097623237,54.35590450468991
2026-01-05 14:30:00,D05,47.8309310927504,30.453582097623237,54.35590450468991
2026-01-05 14:35:00,D01,35.424934645798395,31.514422701823992,56.78888721806648
2026-01-05 14:35:00,D02,48.138086783329975,31.514422701823992,56.78888721806648
2026-01-05 14:35:00,D03,34.97323026273324,31.514422701823992,56.78888721806648
2026-01-05 14:35:00,D04,33.82511788302151,31.514422701823992,56.78888721806648
2026-01-05 14:35:00,D05,49.00886243107494,31.514422701823992,56.78888721806648
2026-01-05 14:40:00,D01,31.616985655575384,30.347869502719533,57.270163742910704
2026-01-05 14:40:00,D02,44.11587022553721,30.347869502719533,57.270163742910704
2026-01-05 14:40:00,D03,30.83813297001033,30.347869502719533,57.270163742910704
2026-01-05 14:40:00,D04,31.942554120964616,30.347869502719533,57.270163742910704
2026-01-05 14:40:00,D05,,30.347869502719533,57.270163742910704
2026-01-05 14:45:00,D01,35.21553482804526,31.573433314781045,57.65275416355001
2026-01-05 14:45:00,D02,47.76620489235611,31.573433314781045,57.65275416355001
2026-01-05 14:45:00,D03,36.1365849327883,31.573433314781045,57.65275416355001
2026-01-05 14:45:00,D04,35.03196323050039,31.573433314781045,57.65275416355001
2026-01-05 14:45:00,D05,50.84335292002444,31.573433314781045,57.65275416355001
2026-01-05 14:50:00,D01,36.878044894685885,30.544194359247367,57.72005166122946
2026-01-05 14:50:00,D02,49.676566684111314,30.544194359247367,57.72005166122946
2026-01-05 14:50:00,D03,35.66347241469918,30.544194359247367,57.72005166122946
2026-01-05 14:50:00,D04,36.69712805472487,30.544194359247367,57.72005166122946
2026-01-05 14:50:00,D05,53.541083866605945,30.544194359247367,57.72005166122946
2026-01-05 14:55:00,D01,35.91943981545436,31.407110846607694,56.38503038318487
2026-01-05 14:55:00,D02,49.43513430025923,31.407110846607694,56.38503038318487
2026-01-05 14:55:00,D03,33.49581536897252,31.407110846607694,56.38503038318487
2026-01-05 14:55:00,D04,35.421714086194896,31.407110846607694,56.38503038318487
2026-01-05 14:55:00,D05,51.177507092509686,31.407110846607694,56.38503038318487
2026-01-05 15:00:00,D01,33.4337124131422,30.874999550962386,57.64357092151469
2026-01-05 15:00:00,D02,46.35979819773367,30.874999550962386,57.64357092151469
2026-01-05 15:00:00,D03,32.90424427118646,30.874999550962386,57.64357092151469
2026-01-05 15:00:00,D04,31.61596415804494,30.874999550962386,57.64357092151469
2026-01-05 15:00:00,D05,49.06886219857975,30.874999550962386,57.64357092151469
2026-01-05 15:05:00,D01,36.153186334288016,30.389067534190126,55.83869943926867
2026-01-05 15:05:00,D02,48.51345660542698,30.389067534190126,55.83869943926867
2026-01-05 15:05:00,D03,36.006357758221334,30.389067534190126,55.83869943926867
2026-01-05 15:05:00,D04,34.62846821830361,30.389067534190126,55.83869943926867
2026-01-05 15:05:00,D05,52.31175355213827,30.389067534190126,55.83869943926867
2026-01-05 15:10:00,D01,32.61188437664974,30.11825285216525,60.28894138654175
2026-01-05 15:10:00,D02,45.63226261595895,30.11825285216525,60.28894138654175
2026-01-05 15:10:00,D03,32.958955341610604,30.11825285216525,60.28894138654175
2026-01-05 15:10:00,D04,32.2169852096618,30.11825285216525,60.28894138654175
2026-01-05 15:10:00,D05,,30.11825285216525,60.28894138654175
2026-01-05 15:15:00,D01,31.011441072965404,30.126275136827303,57.95110273965231
2026-01-05 15:15:00,D02,45.697953287520775,30.126275136827303,57.95110273965231
2026-01-05 15:15:00,D03,31.165197504530166,30.126275136827303,57.95110273965231
2026-01-05 15:15:00,D04,31.38942601696642,30.126275136827303,57.95110273965231
2026-01-05 15:15:00,D05,48.38408732700417,30.126275136827303,57.95110273965231
2026-01-05 15:20:00,D01,30.863776586447656,30.428096394620315,57.83879472456908
2026-01-05 15:20:00,D02,45.088532731326765,30.428096394620315,57.83879472456908
2026-01-05 15:20:00,D03,31.078178016242514,30.428096394620315,57.83879472456908
2026-01-05 15:20:00,D04,32.78454163144295,30.428096394620315,57.83879472456908
2026-01-05 15:20:00,D05,46.20058324563087,30.428096394620315,57.83879472456908
2026-01-05 15:25:00,D01,31.910345292545607,30.168195609029155,61.12417577082553
2026-01-05 15:25:00,D02,44.47333613529192,30.168195609029155,61.12417577082553
2026-01-05 15:25:00,D03,31.084956338225414,30.168195609029155,61.12417577082553
2026-01-05 15:25:00,D04,32.84787734156828,30.168195609029155,61.12417577082553
2026-01-05 15:25:00,D05,50.30918237159994,30.168195609029155,61.12417577082553
2026-01-05 15:30:00,D01,30.974029998882216,29.746901441009257,57.04901590958894
2026-01-05 15:30:00,D02,42.98332191265924,29.746901441009257,57.04901590958894
2026-01-05 15:30:00,D03,30.98776339367344,29.746901441009257,57.04901590958894
2026-01-05 15:30:00,D04,30.696796725428246,29.746901441009257,57.04901590958894
2026-01-05 15:30:00,D05,48.862299964158964,29.746901441009257,57.04901590958894
2026-01-05 15:35:00,D01,32.59072508520758,29.8737325366591,57.398522845316215
2026-01-05 15:35:00,D02,45.35939288671307,29.8737325366591,57.398522845316215
2026-01-05 15:35:00,D03,33.118018657841226,29.8737325366591,57.398522845316215
2026-01-05 15:35:00,D04,32.72608868497191,29.8737325366591,57.398522845316215
2026-01-05 15:35:00,D05,49.37248054883091,29.8737325366591,57.398522845316215
2026-01-05 15:40:00,D01,32.56877765291025,29.907170696614813,57.61990514918668
2026-01-05 15:40:00,D02,46.05340145699351,29.907170696614813,57.61990514918668
2026-01-05 15:40:00,D03,32.313844748739925,29.907170696614813,57.61990514918668
2026-01-05 15:40:00,D04,32.062005311139295,29.907170696614813,57.61990514918668
2026-01-05 15:40:00,D05,48.17944088859164,29.907170696614813,57.61990514918668
2026-01-05 15:45:00,D01,32.524575348551565,28.713484117890616,59.34249059725474
2026-01-05 15:45:00,D02,46.80698646097163,28.713484117890616,59.34249059725474
2026-01-05 15:45:00,D03,32.30134730461336,28.713484117890616,59.34249059725474
2026-01-05 15:45:00,D04,31.927386681896458,28.713484117890616,59.34249059725474
2026-01-05 15:45:00,D05,48.01018306591945,28.713484117890616,59.34249059725474
2026-01-05 15:50:00,D01,33.72275685020284,29.915582099128464,60.27445136098817
2026-01-05 15:50:00,D02,44.56210317460633,29.915582099128464,60.27445136098817
2026-01-05 15:50:00,D03,32.20809337473808,29.915582099128464,60.27445136098817
2026-01-05 15:50:00,D04,31.891341241294537,29.915582099128464,60.27445136098817
2026-01-05 15:50:00,D05,47.66769811296831,29.915582099128464,60.27445136098817
2026-01-05 15:55:00,D01,33.91018126132208,29.104005678444203,60.92178062057154
2026-01-05 15:55:00,D02,46.73562740390843,29.104005678444203,60.92178062057154
2026-01-05 15:55:00,D03,33.49015649703845,29.104005678444203,60.92178062057154
2026-01-05 15:55:00,D04,36.07393367330677,29.104005678444203,60.92178062057154
2026-01-05 15:55:00,D05,50.160971598991196,29.104005678444203,60.92178062057154
2026-01-05 16:00:00,D01,31.93107766789059,28.923333798397127,63.85799297624246
2026-01-05 16:00:00,D02,46.18940104372131,28.923333798397127,63.85799297624246
2026-01-05 16:00:00,D03,32.08537170214961,28.923333798397127,63.85799297624246
2026-01-05 16:00:00,D04,,28.923333798397127,63.85799297624246
2026-01-05 16:00:00,D05,50.089488697924544,28.923333798397127,63.85799297624246
2026-01-05 16:05:00,D01,27.917832409205936,28.561271671041588,56.81596362950497
2026-01-05 16:05:00,D02,42.96861777597772,28.561271671041588,56.81596362950497
2026-01-05 16:05:00,D03,27.89289989345693,28.561271671041588,56.81596362950497
2026-01-05 16:05:00,D04,27.970318990645353,28.561271671041588,56.81596362950497
2026-01-05 16:05:00,D05,44.92507132872805,28.561271671041588,56.81596362950497
2026-01-05 16:10:00,D01,26.06611196582047,28.411796817241232,61.295617251336274
2026-01-05 16:10:00,D02,39.34690938678899,28.411796817241232,61.295617251336274
2026-01-05 16:10:00,D03,22.70093484282473,28.411796817241232,61.295617251336274
2026-01-05 16:10:00,D04,25.425720382691438,28.411796817241232,61.295617251336274
2026-01-05 16:10:00,D05,44.47435808708265,28.411796817241232,61.295617251336274
2026-01-05 16:15:00,D01,31.06414365097458,28.53371969953887,59.74141723895163
2026-01-05 16:15:00,D02,45.36231289492581,28.53371969953887,59.74141723895163
2026-01-05 16:15:00,D03,32.30969044084603,28.53371969953887,59.74141723895163
2026-01-05 16:15:00,D04,33.825385040573266,28.53371969953887,59.74141723895163
2026-01-05 16:15:00,D05,50.2830579515931,28.53371969953887,59.74141723895163
2026-01-05 16:20:00,D01,29.591829252905157,28.75858082988826,59.894194659259824
2026-01-05 16:20:00,D02,42.14151262118355,28.75858082988826,59.894194659259824
2026-01-05 16:20:00,D03,28.121290555611836,28.75858082988826,59.894194659259824
2026-01-05 16:20:00,D04,26.993495547388264,28.75858082988826,59.894194659259824
2026-01-05 16:20:00,D05,45.90133317817482,28.75858082988826,59.894194659259824
2026-01-05 16:25:00,D01,30.53973231753063,29.990363018056982,60.04287490903179
2026-01-05 16:25:00,D02,43.38229404875093,29.990363018056982,60.04287490903179
2026-01-05 16:25:00,D03,30.96102805929032,29.990363018056982,60.04287490903179
2026-01-05 16:25:00,D04,31.243302329789536,29.990363018056982,60.04287490903179
2026-01-05 16:25:00,D05,47.67449280585129,29.990363018056982,60.04287490903179
2026-01-05 16:30:00,D01,28.80233145734869,28.650477323877844,59.810011170137145
2026-01-05 16:30:00,D02,40.596095071494815,28.650477323877844,59.810011170137145
2026-01-05 16:30:00,D03,28.152300745243448,28.650477323877844,59.810011170137145
2026-01-05 16:30:00,D04,28.546444601226945,28.650477323877844,59.810011170137145
2026-01-05 16:30:00,D05,45.33299723513403,28.650477323877844,59.810011170137145
2026-01-05 16:35:00,D01,28.441486894538247,28.901065244552523,63.90240686906816
2026-01-05 16:35:00,D02,39.59261640513285,28.901065244552523,63.90240686906816
2026-01-05 16:35:00,D03,27.42363397425698,28.901065244552523,63.90240686906816
2026-01-05 16:35:00,D04,25.641863106015514,28.901065244552523,63.90240686906816
2026-01-05 16:35:00,D05,44.29256052139021,28.901065244552523,63.90240686906816
2026-01-05 16:40:00,D01,31.05585641840814,28.91034140988151,62.843244557264164
2026-01-05 16:40:00,D02,46.83939604168279,28.91034140988151,62.843244557264164
2026-01-05 16:40:00,D03,29.506210587160243,28.91034140988151,62.843244557264164
2026-01-05 16:40:00,D04,31.53422873560524,28.91034140988151,62.843244557264164
2026-01-05 16:40:00,D05,46.47606772160644,28.91034140988151,62.843244557264164
2026-01-05 16:45:00,D01,32.62305095653828,28.672729919623738,61.82039931480443
2026-01-05 16:45:00,D02,45.862498644326045,28.672729919623738,61.82039931480443
2026-01-05 16:45:00,D03,31.9921721734473,28.672729919623738,61.82039931480443
2026-01-05 16:45:00,D04,31.393255028992883,28.672729919623738,61.82039931480443
2026-01-05 16:45:00,D05,48.57524029978827,28.672729919623738,61.82039931480443
2026-01-05 16:50:00,D01,29.199945567962367,28.464807267158374,64.01946563368776
2026-01-05 16:50:00,D02,42.85677570185183,28.464807267158374,64.01946563368776
2026-01-05 16:50:00,D03,27.6303068981509,28.464807267158374,64.01946563368776
2026-01-05 16:50:00,D04,29.471589935751958,28.464807267158374,64.01946563368776
2026-01-05 16:50:00,D05,44.711047882533535,28.464807267158374,64.01946563368776
2026-01-05 16:55:00,D01,25.033330004834973,27.801498188355346,59.93291641174175
2026-01-05 16:55:00,D02,38.41665464968649,27.801498188355346,59.93291641174175
2026-01-05 16:55:00,D03,24.009113356191563,27.801498188355346,59.93291641174175
2026-01-05 16:55:00,D04,25.274923163969905,27.801498188355346,59.93291641174175
2026-01-05 16:55:00,D05,40.84888319326288,27.801498188355346,59.93291641174175
2026-01-05 17:00:00,D01,28.476060452799985,29.01955899965222,60.415751851978385
2026-01-05 17:00:00,D02,42.99945875468346,29.01955899965222,60.415751851978385
2026-01-05 17:00:00,D03,29.061087292740506,29.01955899965222,60.415751851978385
2026-01-05 17:00:00,D04,27.900937899056004,29.01955899965222,60.415751851978385
2026-01-05 17:00:00,D05,47.26569696597991,29.01955899965222,60.415751851978385
2026-01-05 17:05:00,D01,32.73579052635901,29.092027783449804,59.35618947844625
2026-01-05 17:05:00,D02,44.819405888947934,29.092027783449804,59.35618947844625
2026-01-05 17:05:00,D03,32.346451300546036,29.092027783449804,59.35618947844625
2026-01-05 17:05:00,D04,30.736043816534938,29.092027783449804,59.35618947844625
2026-01-05 17:05:00,D05,46.829873611938766,29.092027783449804,59.35618947844625
2026-01-05 17:10:00,D01,26.903716751176834,27.24086872262917,61.786482050434046
2026-01-05 17:10:00,D02,41.05029380804534,27.24086872262917,61.786482050434046
2026-01-05 17:10:00,D03,27.650423554722465,27.24086872262917,61.786482050434046
2026-01-05 17:10:00,D04,27.853937107102126,27.24086872262917,61.786482050434046
2026-01-05 17:10:00,D05,42.80419529491443,27.24086872262917,61.786482050434046
2026-01-05 17:15:00,D01,31.25833128242171,27.463437314637453,63.291644569895844
2026-01-05 17:15:00,D02,44.162545872702026,27.463437314637453,63.291644569895844
2026-01-05 17:15:00,D03,30.577098032663127,27.463437314637453,63.291644569895844
2026-01-05 17:15:00,D04,31.305775207478185,27.463437314637453,63.291644569895844
2026-01-05 17:15:00,D05,47.80948880827702,27.463437314637453,63.291644569895844
2026-01-05 17:20:00,D01,28.24629538405999,27.72833571714615,63.41780609022919
2026-01-05 17:20:00,D02,44.48886041504839,27.72833571714615,63.41780609022919
2026-01-05 17:20:00,D03,30.101772382064823,27.72833571714615,63.41780609022919
2026-01-05 17:20:00,D04,29.758244723572425,27.72833571714615,63.41780609022919
2026-01-05 17:20:00,D05,,27.72833571714615,63.41780609022919
2026-01-05 17:25:00,D01,32.45495642421435,27.278348033494492,63.70277900469065
2026-01-05 17:25:00,D02,44.80675710404887,27.278348033494492,63.70277900469065
2026-01-05 17:25:00,D03,30.5613390013201,27.278348033494492,63.70277900469065
2026-01-05 17:25:00,D04,31.732738537407172,27.278348033494492,63.70277900469065
2026-01-05 17:25:00,D05,48.607088425893636,27.278348033494492,63.70277900469065
2026-01-05 17:30:00,D01,31.37692327904727,27.905613737828197,61.57815283120035
2026-01-05 17:30:00,D02,42.8653837093738,27.905613737828197,61.57815283120035
2026-01-05 17:30:00,D03,29.780728709717526,27.905613737828197,61.57815283120035
2026-01-05 17:30:00,D04,30.59109232403482,27.905613737828197,61.57815283120035
2026-01-05 17:30:00,D05,48.97888050449486,27.905613737828197,61.57815283120035
2026-01-05 17:35:00,D01,28.210732846310997,27.180198273056526,65.11606336540137
2026-01-05 17:35:00,D02,41.029411825261704,27.180198273056526,65.11606336540137
2026-01-05 17:35:00,D03,28.54067478148449,27.180198273056526,65.11606336540137
2026-01-05 17:35:00,D04,28.06065501225767,27.180198273056526,65.11606336540137
2026-01-05 17:35:00,D05,,27.180198273056526,65.11606336540137
2026-01-05 17:40:00,D01,32.2042535562736,28.51830674764159,64.48788384988192
2026-01-05 17:40:00,D02,43.99063886738335,28.51830674764159,64.48788384988192
2026-01-05 17:40:00,D03,31.045835503967034,28.51830674764159,64.48788384988192
2026-01-05 17:40:00,D04,32.89507522845692,28.51830674764159,64.48788384988192
2026-01-05 17:40:00,D05,47.8036630363371,28.51830674764159,64.48788384988192
2026-01-05 17:45:00,D01,30.104351627173592,27.92228994332251,65.44555012989757
2026-01-05 17:45:00,D02,45.27955583437661,27.92228994332251,65.44555012989757
2026-01-05 17:45:00,D03,30.29740567184305,27.92228994332251,65.44555012989757
2026-01-05 17:45:00,D04,28.77914719276434,27.92228994332251,65.44555012989757
2026-01-05 17:45:00,D05,111.74483400952514,27.92228994332251,65.44555012989757
2026-01-05 17:50:00,D01,32.243699366041845,27.324383952142785,61.724662859961555
2026-01-05 17:50:00,D02,44.37597595220109,27.324383952142785,61.724662859961555
2026-01-05 17:50:00,D03,29.566401638042706,27.324383952142785,61.724662859961555
2026-01-05 17:50:00,D04,29.955879105986877,27.324383952142785,61.724662859961555
2026-01-05 17:50:00,D05,46.68287547435186,27.324383952142785,61.724662859961555
2026-01-05 17:55:00,D01,26.372607112151034,27.622567556832674,65.24908743785107
2026-01-05 17:55:00,D02,40.87401152932478,27.622567556832674,65.24908743785107
2026-01-05 17:55:00,D03,28.961400885924082,27.622567556832674,65.24908743785107
2026-01-05 17:55:00,D04,26.531904574563782,27.622567556832674,65.24908743785107
2026-01-05 17:55:00,D05,45.26408680418386,27.622567556832674,65.24908743785107
2026-01-05 18:00:00,D01,29.895462885191108,27.552950212178658,63.2183521401237
2026-01-05 18:00:00,D02,42.40975441993204,27.552950212178658,63.2183521401237
2026-01-05 18:00:00,D03,30.074528954849065,27.552950212178658,63.2183521401237
2026-01-05 18:00:00,D04,29.059310191766713,27.552950212178658,63.2183521401237
2026-01-05 18:00:00,D05,44.43272965119799,27.552950212178658,63.2183521401237
2026-01-05 18:05:00,D01,27.321156998993207,26.60895183079808,64.62216397151856
2026-01-05 18:05:00,D02,41.183987156965486,26.60895183079808,64.62216397151856
2026-01-05 18:05:00,D03,26.55969028864137,26.60895183079808,64.62216397151856
2026-01-05 18:05:00,D04,29.657800705832305,26.60895183079808,64.62216397151856
2026-01-05 18:05:00,D05,45.72113743820564,26.60895183079808,64.62216397151856
2026-01-05 18:10:00,D01,29.643707268034845,26.373794440902344,66.23774122160792
2026-01-05 18:10:00,D02,44.80418776404616,26.373794440902344,66.23774122160792
2026-01-05 18:10:00,D03,29.082044901107356,26.373794440902344,66.23774122160792
2026-01-05 18:10:00,D04,29.344100113442643,26.373794440902344,66.23774122160792
2026-01-05 18:10:00,D05,45.35966953127061,26.373794440902344,66.23774122160792
2026-01-05 18:15:00,D01,33.19694760881999,26.712055885334117,65.79067170168528
2026-01-05 18:15:00,D02,45.63289101027785,26.712055885334117,65.79067170168528
2026-01-05 18:15:00,D03,32.58930003995803,26.712055885334117,65.79067170168528
2026-01-05 18:15:00,D04,34.76986785614886,26.712055885334117,65.79067170168528
2026-01-05 18:15:00,D05,50.98900263034659,26.712055885334117,65.79067170168528
2026-01-05 18:20:00,D01,26.865932475422078,26.995039348510677,64.59424745780761
2026-01-05 18:20:00,D02,41.02659279700139,26.995039348510677,64.59424745780761
2026-01-05 18:20:00,D03,25.48152276814669,26.995039348510677,64.59424745780761
2026-01-05 18:20:00,D04,26.99066266439892,26.995039348510677,64.59424745780761
2026-01-05 18:20:00,D05,43.59371843477298,26.995039348510677,64.59424745780761
2026-01-05 18:25:00,D01,26.821848692970594,26.525195825066884,66.09807848279628
2026-01-05 18:25:00,D02,40.35157754273391,26.525195825066884,66.09807848279628
2026-01-05 18:25:00,D03,25.799780545813913,26.525195825066884,66.09807848279628
2026-01-05 18:25:00,D04,25.747592721607095,26.525195825066884,66.09807848279628
2026-01-05 18:25:00,D05,44.58921763477477,26.525195825066884,66.09807848279628
2026-01-05 18:30:00,D01,31.893720895971327,25.558870797804243,64.00795894933505
2026-01-05 18:30:00,D02,47.49244779354632,25.558870797804243,64.00795894933505
2026-01-05 18:30:00,D03,35.469147886514456,25.558870797804243,64.00795894933505
2026-01-05 18:30:00,D04,33.69328653926487,25.558870797804243,64.00795894933505
2026-01-05 18:30:00,D05,48.77998331782905,25.558870797804243,64.00795894933505
2026-01-05 18:35:00,D01,30.726917977146623,25.837970847075,68.2466349557466
2026-01-05 18:35:00,D02,43.24137099319471,25.837970847075,68.2466349557466
2026-01-05 18:35:00,D03,30.307247437231098,25.837970847075,68.2466349557466
2026-01-05 18:35:00,D04,30.161671583006246,25.837970847075,68.2466349557466
2026-01-05 18:35:00,D05,45.1965226641979,25.837970847075,68.2466349557466
2026-01-05 18:40:00,D01,27.019633481359477,26.094772679868164,66.42855574742492
2026-01-05 18:40:00,D02,40.713136354116045,26.094772679868164,66.42855574742492
2026-01-05 18:40:00,D03,30.731064961163835,26.094772679868164,66.42855574742492
2026-01-05 18:40:00,D04,31.132784926794578,26.094772679868164,66.42855574742492
2026-01-05 18:40:00,D05,45.344349075617785,26.094772679868164,66.42855574742492
2026-01-05 18:45:00,D01,32.81172108358819,25.986715587756454,68.62872813654425
2026-01-05 18:45:00,D02,45.68833253264346,25.986715587756454,68.62872813654425
2026-01-05 18:45:00,D03,33.10105501077818,25.986715587756454,68.62872813654425
2026-01-05 18:45:00,D04,31.29266085422676,25.986715587756454,68.62872813654425
2026-01-05 18:45:00,D05,49.62264351821295,25.986715587756454,68.62872813654425
2026-01-05 18:50:00,D01,28.699272996792356,26.9040730187044,66.37459860873695
2026-01-05 18:50:00,D02,41.73106598622231,26.9040730187044,66.37459860873695
2026-01-05 18:50:00,D03,28.283965688318453,26.9040730187044,66.37459860873695
2026-01-05 18:50:00,D04,29.38222289335224,26.9040730187044,66.37459860873695
2026-01-05 18:50:00,D05,44.97742524032884,26.9040730187044,66.37459860873695
2026-01-05 18:55:00,D01,32.7676738351538,25.11857656716963,66.59149494065186
2026-01-05 18:55:00,D02,47.705523188669176,25.11857656716963,66.59149494065186
2026-01-05 18:55:00,D03,33.55682753228721,25.11857656716963,66.59149494065186
2026-01-05 18:55:00,D04,34.330641980193946,25.11857656716963,66.59149494065186
2026-01-05 18:55:00,D05,51.25161060445323,25.11857656716963,66.59149494065186
2026-01-05 19:00:00,D01,31.898976850386557,25.958699395405333,66.44191027106844
2026-01-05 19:00:00,D02,46.82804098777221,25.958699395405333,66.44191027106844
2026-01-05 19:00:00,D03,32.285029660028165,25.958699395405333,66.44191027106844
2026-01-05 19:00:00,D04,32.75477818164666,25.958699395405333,66.44191027106844
2026-01-05 19:00:00,D05,49.692587758608276,25.958699395405333,66.44191027106844
2026-01-05 19:05:00,D01,27.866727553142827,26.345411484009183,69.11255103784953
2026-01-05 19:05:00,D02,41.3914494253937,26.345411484009183,69.11255103784953
2026-01-05 19:05:00,D03,29.861184843322338,26.345411484009183,69.11255103784953
2026-01-05 19:05:00,D04,29.953477573079102,26.345411484009183,69.11255103784953
2026-01-05 19:05:00,D05,45.23406764463742,26.345411484009183,69.11255103784953
2026-01-05 19:10:00,D01,34.817160740768365,26.63219587519005,66.94291125904999
2026-01-05 19:10:00,D02,47.694345771738156,26.63219587519005,66.94291125904999
2026-01-05 19:10:00,D03,34.200104903340396,26.63219587519005,66.94291125904999
2026-01-05 19:10:00,D04,34.48936937482014,26.63219587519005,66.94291125904999
2026-01-05 19:10:00,D05,52.12922290067796,26.63219587519005,66.94291125904999
2026-01-05 19:15:00,D01,27.89639195123071,25.19060396189222,69.18128780165436
2026-01-05 19:15:00,D02,42.493623051660755,25.19060396189222,69.18128780165436
2026-01-05 19:15:00,D03,27.80927568846306,25.19060396189222,69.18128780165436
2026-01-05 19:15:00,D04,28.248196652170808,25.19060396189222,69.18128780165436
2026-01-05 19:15:00,D05,47.01786175894843,25.19060396189222,69.18128780165436
2026-01-05 19:20:00,D01,32.54853662047735,25.53561400973176,67.84652283675274
2026-01-05 19:20:00,D02,45.44260614546094,25.53561400973176,67.84652283675274
2026-01-05 19:20:00,D03,35.375025723548255,25.53561400973176,67.84652283675274
2026-01-05 19:20:00,D04,32.43388742863511,25.53561400973176,67.84652283675274
2026-01-05 19:20:00,D05,49.06560153437158,25.53561400973176,67.84652283675274
2026-01-05 19:25:00,D01,30.354149134354625,25.47268998718082,65.66043543299958
2026-01-05 19:25:00,D02,45.765530395117544,25.47268998718082,65.66043543299958
2026-01-05 19:25:00,D03,31.137356795642194,25.47268998718082,65.66043543299958
2026-01-05 19:25:00,D04,31.652927119502024,25.47268998718082,65.66043543299958
2026-01-05 19:25:00,D05,48.379645535483256,25.47268998718082,65.66043543299958
2026-01-05 19:30:00,D01,32.913693236655405,25.184323703951193,67.97136322197122
2026-01-05 19:30:00,D02,46.947966657463276,25.184323703951193,67.97136322197122
2026-01-05 19:30:00,D03,33.0389483605021,25.184323703951193,67.97136322197122
2026-01-05 19:30:00,D04,33.99610327598122,25.184323703951193,67.97136322197122
2026-01-05 19:30:00,D05,49.15182149527206,25.184323703951193,67.97136322197122
2026-01-05 19:35:00,D01,34.26385699020239,24.936843950086658,67.25880457704311
2026-01-05 19:35:00,D02,48.152459707632275,24.936843950086658,67.25880457704311
2026-01-05 19:35:00,D03,126.04555937123051,24.936843950086658,67.25880457704311
2026-01-05 19:35:00,D04,,24.936843950086658,67.25880457704311
2026-01-05 19:35:00,D05,51.61580027786733,24.936843950086658,67.25880457704311
2026-01-05 19:40:00,D01,30.228388315922807,25.104896386046523,69.27703670293052
2026-01-05 19:40:00,D02,44.151832321998526,25.104896386046523,69.27703670293052
2026-01-05 19:40:00,D03,30.758201838454013,25.104896386046523,69.27703670293052
2026-01-05 19:40:00,D04,31.27908198812587,25.104896386046523,69.27703670293052
2026-01-05 19:40:00,D05,48.282987172288365,25.104896386046523,69.27703670293052
2026-01-05 19:45:00,D01,29.466472844312438,23.52243350629517,67.63727529867825
2026-01-05 19:45:00,D02,43.54096168567659,23.52243350629517,67.63727529867825
2026-01-05 19:45:00,D03,29.647165751686224,23.52243350629517,67.63727529867825
2026-01-05 19:45:00,D04,27.980285552067897,23.52243350629517,67.63727529867825
2026-01-05 19:45:00,D05,46.908353962023305,23.52243350629517,67.63727529867825
2026-01-05 19:50:00,D01,30.53600545285115,25.032291678856147,71.00644878342226
2026-01-05 19:50:00,D02,46.62415963956429,25.032291678856147,71.00644878342226
2026-01-05 19:50:00,D03,33.33678324021243,25.032291678856147,71.00644878342226
2026-01-05 19:50:00,D04,,25.032291678856147,71.00644878342226
2026-01-05 19:50:00,D05,51.360168172918975,25.032291678856147,71.00644878342226
2026-01-05 19:55:00,D01,30.508177307016872,24.658145107234052,69.67327389866433
2026-01-05 19:55:00,D02,42.95145376658685,24.658145107234052,69.67327389866433
2026-01-05 19:55:00,D03,29.75275322373429,24.658145107234052,69.67327389866433
2026-01-05 19:55:00,D04,30.81283121733212,24.658145107234052,69.67327389866433
2026-01-05 19:55:00,D05,46.928700643357054,24.658145107234052,69.67327389866433
2026-01-05 20:00:00,D01,37.13143426275961,24.388762551610874,69.73360600786188
2026-01-05 20:00:00,D02,49.96425574823124,24.388762551610874,69.73360600786188
2026-01-05 20:00:00,D03,34.20381001788108,24.388762551610874,69.73360600786188
2026-01-05 20:00:00,D04,35.54635598528103,24.388762551610874,69.73360600786188
2026-01-05 20:00:00,D05,52.95964597425012,24.388762551610874,69.73360600786188
2026-01-05 20:05:00,D01,34.51616082334597,25.42956480705718,71.17157078828657
2026-01-05 20:05:00,D02,45.60262745369211,25.42956480705718,71.17157078828657
2026-01-05 20:05:00,D03,31.562308160957397,25.42956480705718,71.17157078828657
2026-01-05 20:05:00,D04,32.19977205340492,25.42956480705718,71.17157078828657
2026-01-05 20:05:00,D05,50.29494251120344,25.42956480705718,71.17157078828657
2026-01-05 20:10:00,D01,30.92661058591338,23.9760349488706,71.81885648458204
2026-01-05 20:10:00,D02,45.717130967570384,23.9760349488706,71.81885648458204
2026-01-05 20:10:00,D03,30.371040657837028,23.9760349488706,71.81885648458204
2026-01-05 20:10:00,D04,30.237090698151114,23.9760349488706,71.81885648458204
2026-01-05 20:10:00,D05,48.082433844008285,23.9760349488706,71.81885648458204
2026-01-05 20:15:00,D01,32.84286862950154,24.02061084036947,70.52555420254156
2026-01-05 20:15:00,D02,45.69939843478123,24.02061084036947,70.52555420254156
2026-01-05 20:15:00,D03,33.47856342595121,24.02061084036947,70.52555420254156
2026-01-05 20:15:00,D04,31.329211722015263,24.02061084036947,70.52555420254156
2026-01-05 20:15:00,D05,48.64577941846049,24.02061084036947,70.52555420254156
2026-01-05 20:20:00,D01,27.333601305143183,25.12789446934715,69.5789639141865
2026-01-05 20:20:00,D02,43.35155103767927,25.12789446934715,69.5789639141865
2026-01-05 20:20:00,D03,30.285346042788245,25.12789446934715,69.5789639141865
2026-01-05 20:20:00,D04,28.690675715852567,25.12789446934715,69.5789639141865
2026-01-05 20:20:00,D05,46.832704653021196,25.12789446934715,69.5789639141865
2026-01-05 20:25:00,D01,31.495060206609427,23.62742110575716,68.25214205946763
2026-01-05 20:25:00,D02,43.817724611404465,23.62742110575716,68.25214205946763
2026-01-05 20:25:00,D03,30.099850880734635,23.62742110575716,68.25214205946763
2026-01-05 20:25:00,D04,30.23001030834094,23.62742110575716,68.25214205946763
2026-01-05 20:25:00,D05,,23.62742110575716,68.25214205946763
2026-01-05 20:30:00,D01,35.243522917700595,23.68113521348813,70.05853965453443
2026-01-05 20:30:00,D02,48.247012672027715,23.68113521348813,70.05853965453443
2026-01-05 20:30:00,D03,33.188558558157226,23.68113521348813,70.05853965453443
2026-01-05 20:30:00,D04,35.15321186861921,23.68113521348813,70.05853965453443
2026-01-05 20:30:00,D05,53.011547786631624,23.68113521348813,70.05853965453443
2026-01-05 20:35:00,D01,30.40343316617716,23.796869927364284,70.33341635186864
2026-01-05 20:35:00,D02,45.03215311875854,23.796869927364284,70.33341635186864
2026-01-05 20:35:00,D03,29.661474347688447,23.796869927364284,70.33341635186864
2026-01-05 20:35:00,D04,30.63825655624629,23.796869927364284,70.33341635186864
2026-01-05 20:35:00,D05,48.759405959439476,23.796869927364284,70.33341635186864
2026-01-05 20:40:00,D01,31.48291440373533,24.206429192632083,71.58846227635382
2026-01-05 20:40:00,D02,44.67832271038834,24.206429192632083,71.58846227635382
2026-01-05 20:40:00,D03,30.26085686503087,24.206429192632083,71.58846227635382
2026-01-05 20:40:00,D04,28.58615117329849,24.206429192632083,71.58846227635382
2026-01-05 20:40:00,D05,46.754399314817604,24.206429192632083,71.58846227635382
2026-01-05 20:45:00,D01,33.30043135361945,23.807172178176305,71.07573782929366
2026-01-05 20:45:00,D02,46.21104971437056,23.807172178176305,71.07573782929366
2026-01-05 20:45:00,D03,33.89123039958607,23.807172178176305,71.07573782929366
2026-01-05 20:45:00,D04,33.955945036115764,23.807172178176305,71.07573782929366
2026-01-05 20:45:00,D05,,23.807172178176305,71.07573782929366
2026-01-05 20:50:00,D01,34.540609758210216,22.975736288345566,72.78780153423376
2026-01-05 20:50:00,D02,50.34790130438508,22.975736288345566,72.78780153423376
2026-01-05 20:50:00,D03,34.624012121898716,22.975736288345566,72.78780153423376
2026-01-05 20:50:00,D04,35.265687096346056,22.975736288345566,72.78780153423376
2026-01-05 20:50:00,D05,52.5495245840533,22.975736288345566,72.78780153423376
2026-01-05 20:55:00,D01,34.68960192616006,23.27635043952507,70.99565565091663
2026-01-05 20:55:00,D02,46.280162272837856,23.27635043952507,70.99565565091663
2026-01-05 20:55:00,D03,33.73409741652534,23.27635043952507,70.99565565091663
2026-01-05 20:55:00,D04,34.69343997895566,23.27635043952507,70.99565565091663
2026-01-05 20:55:00,D05,,23.27635043952507,70.99565565091663
2026-01-05 21:00:00,D01,33.857673059915825,23.160788877461172,71.98550606158604
2026-01-05 21:00:00,D02,48.171699320974994,23.160788877461172,71.98550606158604
2026-01-05 21:00:00,D03,34.3282283265675,23.160788877461172,71.98550606158604
2026-01-05 21:00:00,D04,35.777525681995904,23.160788877461172,71.98550606158604
2026-01-05 21:00:00,D05,51.09563258402777,23.160788877461172,71.98550606158604
2026-01-05 21:05:00,D01,32.59290402943834,23.3495696670897,73.99962078539289
2026-01-05 21:05:00,D02,45.422419623553886,23.3495696670897,73.99962078539289
2026-01-05 21:05:00,D03,31.547885304794445,23.3495696670897,73.99962078539289
2026-01-05 21:05:00,D04,32.34883775563768,23.3495696670897,73.99962078539289
2026-01-05 21:05:00,D05,,23.3495696670897,73.99962078539289
2026-01-05 21:10:00,D01,29.344486778432845,23.526535145264297,72.88551118903368
2026-01-05 21:10:00,D02,44.768167547038686,23.526535145264297,72.88551118903368
2026-01-05 21:10:00,D03,28.017714238286622,23.526535145264297,72.88551118903368
2026-01-05 21:10:00,D04,31.761290818165865,23.526535145264297,72.88551118903368
2026-01-05 21:10:00,D05,48.50989588815355,23.526535145264297,72.88551118903368
2026-01-05 21:15:00,D01,35.3591543630871,23.449903840549105,72.4283417622569
2026-01-05 21:15:00,D02,51.95064222655737,23.449903840549105,72.4283417622569
2026-01-05 21:15:00,D03,35.307882524140574,23.449903840549105,72.4283417622569
2026-01-05 21:15:00,D04,36.43762688295816,23.449903840549105,72.4283417622569
2026-01-05 21:15:00,D05,54.2073476492677,23.449903840549105,72.4283417622569
2026-01-05 21:20:00,D01,32.01707443704197,22.281771907380904,71.75752776828702
2026-01-05 21:20:00,D02,45.04365884144356,22.281771907380904,71.75752776828702
2026-01-05 21:20:00,D03,32.299713380002956,22.281771907380904,71.75752776828702
2026-01-05 21:20:00,D04,32.494836506290476,22.281771907380904,71.75752776828702
2026-01-05 21:20:00,D05,51.15355477863275,22.281771907380904,71.75752776828702
2026-01-05 21:25:00,D01,33.998599282765426,23.632548078316013,71.84899773585636
2026-01-05 21:25:00,D02,46.716516779390616,23.632548078316013,71.84899773585636
2026-01-05 21:25:00,D03,34.446602440201225,23.632548078316013,71.84899773585636
2026-01-05 21:25:00,D04,34.27994008602147,23.632548078316013,71.84899773585636
2026-01-05 21:25:00,D05,49.73077524549366,23.632548078316013,71.84899773585636
2026-01-05 21:30:00,D01,35.95199863209119,23.159517721542144,71.65761352348441
2026-01-05 21:30:00,D02,48.4369777266553,23.159517721542144,71.65761352348441
2026-01-05 21:30:00,D03,35.754960351681966,23.159517721542144,71.65761352348441
2026-01-05 21:30:00,D04,37.47713004895312,23.159517721542144,71.65761352348441
2026-01-05 21:30:00,D05,53.13113522955537,23.159517721542144,71.65761352348441
2026-01-05 21:35:00,D01,33.85136775079828,23.660043002459552,72.25293574400045
2026-01-05 21:35:00,D02,49.23594828823203,23.660043002459552,72.25293574400045
2026-01-05 21:35:00,D03,35.37983167699666,23.660043002459552,72.25293574400045
2026-01-05 21:35:00,D04,34.966511841524266,23.660043002459552,72.25293574400045
2026-01-05 21:35:00,D05,52.44583789171978,23.660043002459552,72.25293574400045
2026-01-05 21:40:00,D01,34.57033118071694,23.126338942200377,74.3250192010064
2026-01-05 21:40:00,D02,49.46258310262175,23.126338942200377,74.3250192010064
2026-01-05 21:40:00,D03,35.40255393158373,23.126338942200377,74.3250192010064
2026-01-05 21:40:00,D04,36.28189700453012,23.126338942200377,74.3250192010064
2026-01-05 21:40:00,D05,52.06017901305716,23.126338942200377,74.3250192010064
2026-01-05 21:45:00,D01,38.74225998892567,23.393313417355156,72.98186371608703
2026-01-05 21:45:00,D02,54.38991199755904,23.393313417355156,72.98186371608703
2026-01-05 21:45:00,D03,40.07221886526692,23.393313417355156,72.98186371608703
2026-01-05 21:45:00,D04,38.848830832917244,23.393313417355156,72.98186371608703
2026-01-05 21:45:00,D05,134.6583016381012,23.393313417355156,72.98186371608703
2026-01-05 21:50:00,D01,32.15899497210707,23.016315426660636,71.40925485405701
2026-01-05 21:50:00,D02,47.495341670759196,23.016315426660636,71.40925485405701
2026-01-05 21:50:00,D03,34.6025448627356,23.016315426660636,71.40925485405701
2026-01-05 21:50:00,D04,34.61629047276071,23.016315426660636,71.40925485405701
2026-01-05 21:50:00,D05,51.68890819090153,23.016315426660636,71.40925485405701
2026-01-05 21:55:00,D01,35.51626656552291,23.398553524736645,76.20137264631913
2026-01-05 21:55:00,D02,51.75663781640658,23.398553524736645,76.20137264631913
2026-01-05 21:55:00,D03,36.61044470576234,23.398553524736645,76.20137264631913
2026-01-05 21:55:00,D04,38.39716281783347,23.398553524736645,76.20137264631913
2026-01-05 21:55:00,D05,53.520291724402256,23.398553524736645,76.20137264631913
2026-01-05 22:00:00,D01,37.225322583893785,22.930998299086692,74.14020182456214
2026-01-05 22:00:00,D02,49.752453902052864,22.930998299086692,74.14020182456214
2026-01-05 22:00:00,D03,34.63854150860476,22.930998299086692,74.14020182456214
2026-01-05 22:00:00,D04,37.75509799948906,22.930998299086692,74.14020182456214
2026-01-05 22:00:00,D05,51.81446045191576,22.930998299086692,74.14020182456214
2026-01-05 22:05:00,D01,34.86673146471874,22.567408598241016,71.6568524563053
2026-01-05 22:05:00,D02,49.35656480055972,22.567408598241016,71.6568524563053
2026-01-05 22:05:00,D03,35.063463765706935,22.567408598241016,71.6568524563053
2026-01-05 22:05:00,D04,35.789534260922935,22.567408598241016,71.6568524563053
2026-01-05 22:05:00,D05,54.162739944863716,22.567408598241016,71.6568524563053
2026-01-05 22:10:00,D01,38.1164083517017,23.701163194332338,73.20733494092097
2026-01-05 22:10:00,D02,51.104931661027585,23.701163194332338,73.20733494092097
2026-01-05 22:10:00,D03,38.19838749800893,23.701163194332338,73.20733494092097
2026-01-05 22:10:00,D04,39.85488157552886,23.701163194332338,73.20733494092097
2026-01-05 22:10:00,D05,55.050513249812866,23.701163194332338,73.20733494092097
2026-01-05 22:15:00,D01,36.22554760958996,22.960154853476507,74.1350569895695
2026-01-05 22:15:00,D02,50.95215415433862,22.960154853476507,74.1350569895695
2026-01-05 22:15:00,D03,36.15875125606564,22.960154853476507,74.1350569895695
2026-01-05 22:15:00,D04,37.446630900216306,22.960154853476507,74.1350569895695
2026-01-05 22:15:00,D05,53.91268678595493,22.960154853476507,74.1350569895695
2026-01-05 22:20:00,D01,36.429052732921804,22.755333275318957,76.61996601031257
2026-01-05 22:20:00,D02,49.4526003275171,22.755333275318957,76.61996601031257
2026-01-05 22:20:00,D03,37.40403695005048,22.755333275318957,76.61996601031257
2026-01-05 22:20:00,D04,37.79737115551124,22.755333275318957,76.61996601031257
2026-01-05 22:20:00,D05,53.45839503927628,22.755333275318957,76.61996601031257
2026-01-05 22:25:00,D01,38.738894516001345,21.785290396133597,72.49094610380617
2026-01-05 22:25:00,D02,53.51697321098476,21.785290396133597,72.49094610380617
2026-01-05 22:25:00,D03,38.537857593517444,21.785290396133597,72.49094610380617
2026-01-05 22:25:00,D04,38.54197964481314,21.785290396133597,72.49094610380617
2026-01-05 22:25:00,D05,55.15596212387332,21.785290396133597,72.49094610380617
2026-01-05 22:30:00,D01,36.39140316773535,21.7364485287118,75.70285640414679
2026-01-05 22:30:00,D02,49.39534203582201,21.7364485287118,75.70285640414679
2026-01-05 22:30:00,D03,36.03506140840832,21.7364485287118,75.70285640414679
2026-01-05 22:30:00,D04,,21.7364485287118,75.70285640414679
2026-01-05 22:30:00,D05,51.579559702946895,21.7364485287118,75.70285640414679
2026-01-05 22:35:00,D01,34.39124585095338,22.48631839465693,76.41930833328651
2026-01-05 22:35:00,D02,50.01644717290458,22.48631839465693,76.41930833328651
2026-01-05 22:35:00,D03,35.95648399392114,22.48631839465693,76.41930833328651
2026-01-05 22:35:00,D04,33.32311601888881,22.48631839465693,76.41930833328651
2026-01-05 22:35:00,D05,53.63446229073727,22.48631839465693,76.41930833328651
2026-01-05 22:40:00,D01,33.253701892108886,22.374297494954583,73.45394475024723
2026-01-05 22:40:00,D02,48.14396078178968,22.374297494954583,73.45394475024723
2026-01-05 22:40:00,D03,36.35304930010142,22.374297494954583,73.45394475024723
2026-01-05 22:40:00,D04,34.461338263348544,22.374297494954583,73.45394475024723
2026-01-05 22:40:00,D05,53.16998282261777,22.374297494954583,73.45394475024723
2026-01-05 22:45:00,D01,34.12733239606524,21.958288070020316,74.0530308666607
2026-01-05 22:45:00,D02,47.265663550150826,21.958288070020316,74.0530308666607
2026-01-05 22:45:00,D03,32.977555561623895,21.958288070020316,74.0530308666607
2026-01-05 22:45:00,D04,32.199410601990536,21.958288070020316,74.0530308666607
2026-01-05 22:45:00,D05,,21.958288070020316,74.0530308666607
2026-01-05 22:50:00,D01,41.010015173641214,22.3019065960649,72.9827056364216
2026-01-05 22:50:00,D02,55.46855127601874,22.3019065960649,72.9827056364216
2026-01-05 22:50:00,D03,42.20482003623355,22.3019065960649,72.9827056364216
2026-01-05 22:50:00,D04,40.368239679237874,22.3019065960649,72.9827056364216
2026-01-05 22:50:00,D05,59.26072371327484,22.3019065960649,72.9827056364216
2026-01-05 22:55:00,D01,36.72561494310389,22.994064192092154,74.29530683223884
2026-01-05 22:55:00,D02,49.11402072239461,22.994064192092154,74.29530683223884
2026-01-05 22:55:00,D03,34.64363294441251,22.994064192092154,74.29530683223884
2026-01-05 22:55:00,D04,33.559791033709175,22.994064192092154,74.29530683223884
2026-01-05 22:55:00,D05,51.26428973433464,22.994064192092154,74.29530683223884
2026-01-05 23:00:00,D01,34.72371640423806,22.51807210582981,74.60437330137628
2026-01-05 23:00:00,D02,50.710340058878096,22.51807210582981,74.60437330137628
2026-01-05 23:00:00,D03,38.15430928538624,22.51807210582981,74.60437330137628
2026-01-05 23:00:00,D04,36.442587908759904,22.51807210582981,74.60437330137628
2026-01-05 23:00:00,D05,55.30818201357086,22.51807210582981,74.60437330137628
2026-01-05 23:05:00,D01,37.26491769824375,21.572785396057327,75.70289569525616
2026-01-05 23:05:00,D02,51.64559332421506,21.572785396057327,75.70289569525616
2026-01-05 23:05:00,D03,38.13102363413627,21.572785396057327,75.70289569525616
2026-01-05 23:05:00,D04,36.89536396983487,21.572785396057327,75.70289569525616
2026-01-05 23:05:00,D05,53.91501791476116,21.572785396057327,75.70289569525616
2026-01-05 23:10:00,D01,40.36902359011341,22.06276555082886,76.39823527773
2026-01-05 23:10:00,D02,51.71780237985077,22.06276555082886,76.39823527773
2026-01-05 23:10:00,D03,39.4588332261802,22.06276555082886,76.39823527773
2026-01-05 23:10:00,D04,38.63472656571045,22.06276555082886,76.39823527773
2026-01-05 23:10:00,D05,57.409929051465895,22.06276555082886,76.39823527773
2026-01-05 23:15:00,D01,39.32730706947915,21.693590357557568,73.68570870709983
2026-01-05 23:15:00,D02,52.674609821367675,21.693590357557568,73.68570870709983
2026-01-05 23:15:00,D03,39.77464104610883,21.693590357557568,73.68570870709983
2026-01-05 23:15:00,D04,39.66814272649762,21.693590357557568,73.68570870709983
2026-01-05 23:15:00,D05,57.94587509413043,21.693590357557568,73.68570870709983
2026-01-05 23:20:00,D01,39.75897177671554,21.88211127673468,71.89708993378309
2026-01-05 23:20:00,D02,55.44069159709909,21.88211127673468,71.89708993378309
2026-01-05 23:20:00,D03,39.316107036059286,21.88211127673468,71.89708993378309
2026-01-05 23:20:00,D04,,21.88211127673468,71.89708993378309
2026-01-05 23:20:00,D05,57.385664993035974,21.88211127673468,71.89708993378309
2026-01-05 23:25:00,D01,37.608122952553245,21.851384614846378,74.85174793576324
2026-01-05 23:25:00,D02,52.26310431188974,21.851384614846378,74.85174793576324
2026-01-05 23:25:00,D03,35.91808282309743,21.851384614846378,74.85174793576324
2026-01-05 23:25:00,D04,36.41660880596965,21.851384614846378,74.85174793576324
2026-01-05 23:25:00,D05,54.68357091497611,21.851384614846378,74.85174793576324
2026-01-05 23:30:00,D01,37.80169883134168,21.803952901828946,75.35475490869106
2026-01-05 23:30:00,D02,52.659636879176276,21.803952901828946,75.35475490869106
2026-01-05 23:30:00,D03,38.32045744270554,21.803952901828946,75.35475490869106
2026-01-05 23:30:00,D04,36.41683792251042,21.803952901828946,75.35475490869106
2026-01-05 23:30:00,D05,56.29654359690194,21.803952901828946,75.35475490869106
2026-01-05 23:35:00,D01,39.16441922040423,21.402150622901704,75.31468991375075
2026-01-05 23:35:00,D02,55.38480971366079,21.402150622901704,75.31468991375075
2026-01-05 23:35:00,D03,41.00950369470614,21.402150622901704,75.31468991375075
2026-01-05 23:35:00,D04,40.00794175118156,21.402150622901704,75.31468991375075
2026-01-05 23:35:00,D05,56.35654029858938,21.402150622901704,75.31468991375075
2026-01-05 23:40:00,D01,38.29324522596489,21.95519916878218,74.4719371096539
2026-01-05 23:40:00,D02,52.61639653840415,21.95519916878218,74.4719371096539
2026-01-05 23:40:00,D03,38.32121541879222,21.95519916878218,74.4719371096539
2026-01-05 23:40:00,D04,38.584331937043345,21.95519916878218,74.4719371096539
2026-01-05 23:40:00,D05,57.57234693429501,21.95519916878218,74.4719371096539
2026-01-05 23:45:00,D01,41.933239125312184,21.73040156538333,75.16571738188193
2026-01-05 23:45:00,D02,58.1463903750129,21.73040156538333,75.16571738188193
2026-01-05 23:45:00,D03,43.34578644519861,21.73040156538333,75.16571738188193
2026-01-05 23:45:00,D04,42.49316898612118,21.73040156538333,75.16571738188193
2026-01-05 23:45:00,D05,60.69542653100312,21.73040156538333,75.16571738188193
2026-01-05 23:50:00,D01,41.774612579823696,20.54003454708958,77.26364942834695
2026-01-05 23:50:00,D02,54.99428296814697,20.54003454708958,77.26364942834695
2026-01-05 23:50:00,D03,41.38970743014207,20.54003454708958,77.26364942834695
2026-01-05 23:50:00,D04,39.832971150894465,20.54003454708958,77.26364942834695
2026-01-05 23:50:00,D05,59.35130982698243,20.54003454708958,77.26364942834695
2026-01-05 23:55:00,D01,41.712684754050414,23.027675876851287,75.57022152424285
2026-01-05 23:55:00,D02,54.50973438358825,23.027675876851287,75.57022152424285
2026-01-05 23:55:00,D03,40.96792050082681,23.027675876851287,75.57022152424285
2026-01-05 23:55:00,D04,42.1607437579684,23.027675876851287,75.57022152424285
2026-01-05 23:55:00,D05,56.65558486238672,23.027675876851287,75.57022152424285
2026-01-06 00:00:00,D01,41.57639076943811,22.544384827108335,74.43994736249537
2026-01-06 00:00:00,D02,57.466606699328985,22.544384827108335,74.43994736249537
2026-01-06 00:00:00,D03,42.642107374854334,22.544384827108335,74.43994736249537
2026-01-06 00:00:00,D04,40.906697792521285,22.544384827108335,74.43994736249537
2026-01-06 00:00:00,D05,59.20784641896025,22.544384827108335,74.43994736249537
2026-01-06 00:05:00,D01,43.3736675722064,21.813039502137958,74.2473235451551
2026-01-06 00:05:00,D02,57.85853694047634,21.813039502137958,74.2473235451551
2026-01-06 00:05:00,D03,39.656435820835775,21.813039502137958,74.2473235451551
2026-01-06 00:05:00,D04,41.68152322142672,21.813039502137958,74.2473235451551
2026-01-06 00:05:00,D05,60.691573083355046,21.813039502137958,74.2473235451551
2026-01-06 00:10:00,D01,40.53388115785729,22.014168416961013,74.73570367930198
2026-01-06 00:10:00,D02,54.98987104689983,22.014168416961013,74.73570367930198
2026-01-06 00:10:00,D03,39.57548671232258,22.014168416961013,74.73570367930198
2026-01-06 00:10:00,D04,42.472498043087676,22.014168416961013,74.73570367930198
2026-01-06 00:10:00,D05,58.68559626906128,22.014168416961013,74.73570367930198
2026-01-06 00:15:00,D01,37.28616357803684,21.4248782101482,77.433699175132
2026-01-06 00:15:00,D02,53.11011930108498,21.4248782101482,77.433699175132
2026-01-06 00:15:00,D03,37.14473510003128,21.4248782101482,77.433699175132
2026-01-06 00:15:00,D04,38.75194143193175,21.4248782101482,77.433699175132
2026-01-06 00:15:00,D05,55.98609538040134,21.4248782101482,77.433699175132
2026-01-06 00:20:00,D01,41.06830902636728,22.866887948446703,74.68699591662816
2026-01-06 00:20:00,D02,55.59973610045788,22.866887948446703,74.68699591662816
2026-01-06 00:20:00,D03,40.85121830811445,22.866887948446703,74.68699591662816
2026-01-06 00:20:00,D04,41.63077501858635,22.866887948446703,74.68699591662816
2026-01-06 00:20:00,D05,59.26543361033482,22.866887948446703,74.68699591662816
2026-01-06 00:25:00,D01,39.7877380020406,22.978362656274957,74.91087186544215
2026-01-06 00:25:00,D02,54.95753575778213,22.978362656274957,74.91087186544215
2026-01-06 00:25:00,D03,40.12221791212188,22.978362656274957,74.91087186544215
2026-01-06 00:25:00,D04,37.34471290483017,22.978362656274957,74.91087186544215
2026-01-06 00:25:00,D05,59.971362918095465,22.978362656274957,74.91087186544215
2026-01-06 00:30:00,D01,39.188816850328095,22.121122557254207,74.19097825733365
2026-01-06 00:30:00,D02,52.20930731351629,22.121122557254207,74.19097825733365
2026-01-06 00:30:00,D03,40.53806636175489,22.121122557254207,74.19097825733365
2026-01-06 00:30:00,D04,40.012603934150356,22.121122557254207,74.19097825733365
2026-01-06 00:30:00,D05,,22.121122557254207,74.19097825733365
2026-01-06 00:35:00,D01,42.19370088282263,22.569957769753866,76.53209014084057
2026-01-06 00:35:00,D02,56.036443444126625,22.569957769753866,76.53209014084057
2026-01-06 00:35:00,D03,43.087952471584316,22.569957769753866,76.53209014084057
2026-01-06 00:35:00,D04,42.67234521251365,22.569957769753866,76.53209014084057
2026-01-06 00:35:00,D05,60.76928909776842,22.569957769753866,76.53209014084057
2026-01-06 00:40:00,D01,43.69693127766512,22.16360462440592,77.7878334122391
2026-01-06 00:40:00,D02,59.56451610054809,22.16360462440592,77.7878334122391
2026-01-06 00:40:00,D03,44.80912941366904,22.16360462440592,77.7878334122391
2026-01-06 00:40:00,D04,45.67672992150867,22.16360462440592,77.7878334122391
2026-01-06 00:40:00,D05,63.11488019144787,22.16360462440592,77.7878334122391
2026-01-06 00:45:00,D01,44.118002603462436,21.42771087854588,75.4837723781794
2026-01-06 00:45:00,D02,56.12592483045173,21.42771087854588,75.4837723781794
2026-01-06 00:45:00,D03,41.043341804487774,21.42771087854588,75.4837723781794
2026-01-06 00:45:00,D04,40.24346884085146,21.42771087854588,75.4837723781794
2026-01-06 00:45:00,D05,59.412062154997926,21.42771087854588,75.4837723781794
2026-01-06 00:50:00,D01,40.00824722464502,21.912608279918505,74.88711942687748
2026-01-06 00:50:00,D02,57.381664012817545,21.912608279918505,74.88711942687748
2026-01-06 00:50:00,D03,41.563886097771615,21.912608279918505,74.88711942687748
2026-01-06 00:50:00,D04,44.3423189667635,21.912608279918505,74.88711942687748
2026-01-06 00:50:00,D05,59.484353758573654,21.912608279918505,74.88711942687748
2026-01-06 00:55:00,D01,45.601669091126574,22.20925363431967,74.76859494789396
2026-01-06 00:55:00,D02,58.83648826207931,22.20925363431967,74.76859494789396
2026-01-06 00:55:00,D03,46.177608494540074,22.20925363431967,74.76859494789396
2026-01-06 00:55:00,D04,46.218221936643225,22.20925363431967,74.76859494789396
2026-01-06 00:55:00,D05,64.69094950894794,22.20925363431967,74.76859494789396
2026-01-06 01:00:00,D01,44.79539060281712,21.943097009182935,71.08279807971206
2026-01-06 01:00:00,D02,59.32947447567964,21.943097009182935,71.08279807971206
2026-01-06 01:00:00,D03,42.43946473635591,21.943097009182935,71.08279807971206
2026-01-06 01:00:00,D04,41.862113951784,21.943097009182935,71.08279807971206
2026-01-06 01:00:00,D05,60.751077133117576,21.943097009182935,71.08279807971206
2026-01-06 01:05:00,D01,48.12350083280313,22.090424089352837,75.71822484028651
2026-01-06 01:05:00,D02,63.61402224067619,22.090424089352837,75.71822484028651
2026-01-06 01:05:00,D03,46.43118132330271,22.090424089352837,75.71822484028651
2026-01-06 01:05:00,D04,48.92347220462215,22.090424089352837,75.71822484028651
2026-01-06 01:05:00,D05,67.38967522973574,22.090424089352837,75.71822484028651
2026-01-06 01:10:00,D01,44.8914947597269,22.185715467504306,74.73841913147604
2026-01-06 01:10:00,D02,58.36915385453098,22.185715467504306,74.73841913147604
2026-01-06 01:10:00,D03,45.10942157084729,22.185715467504306,74.73841913147604
2026-01-06 01:10:00,D04,43.89420416927848,22.185715467504306,74.73841913147604
2026-01-06 01:10:00,D05,63.475790359641906,22.185715467504306,74.73841913147604
2026-01-06 01:15:00,D01,39.7926954498197,22.224910103591736,75.11181437094216
2026-01-06 01:15:00,D02,53.72986062276976,22.224910103591736,75.11181437094216
2026-01-06 01:15:00,D03,41.08797104122223,22.224910103591736,75.11181437094216
2026-01-06 01:15:00,D04,38.03099162095925,22.224910103591736,75.11181437094216
2026-01-06 01:15:00,D05,55.4223321269684,22.224910103591736,75.11181437094216
2026-01-06 01:20:00,D01,44.259551294249256,22.327666141319202,73.32973291673352
2026-01-06 01:20:00,D02,60.40810194011124,22.327666141319202,73.32973291673352
2026-01-06 01:20:00,D03,46.484045565164394,22.327666141319202,73.32973291673352
2026-01-06 01:20:00,D04,44.48246512607029,22.327666141319202,73.32973291673352
2026-01-06 01:20:00,D05,63.063734740536376,22.327666141319202,73.32973291673352
2026-01-06 01:25:00,D01,42.14478121809368,21.80965812038771,73.74339337436236
2026-01-06 01:25:00,D02,60.83070606430997,21.80965812038771,73.74339337436236
2026-01-06 01:25:00,D03,44.57370487407731,21.80965812038771,73.74339337436236
2026-01-06 01:25:00,D04,44.64160418211965,21.80965812038771,73.74339337436236
2026-01-06 01:25:00,D05,63.54022671050612,21.80965812038771,73.74339337436236
2026-01-06 01:30:00,D01,46.61179551885267,22.022094262879598,73.62225792035811
2026-01-06 01:30:00,D02,61.83156410747883,22.022094262879598,73.62225792035811
2026-01-06 01:30:00,D03,47.03227192778926,22.022094262879598,73.62225792035811
2026-01-06 01:30:00,D04,46.468277029059124,22.022094262879598,73.62225792035811
2026-01-06 01:30:00,D05,62.740411056966295,22.022094262879598,73.62225792035811
2026-01-06 01:35:00,D01,44.598222996524896,21.781150471552778,75.68554926730403
2026-01-06 01:35:00,D02,62.02702184668767,21.781150471552778,75.68554926730403
2026-01-06 01:35:00,D03,46.7436978244892,21.781150471552778,75.68554926730403
2026-01-06 01:35:00,D04,46.0173077463385,21.781150471552778,75.68554926730403
2026-01-06 01:35:00,D05,63.84162616630242,21.781150471552778,75.68554926730403
2026-01-06 01:40:00,D01,43.14893524327414,22.957368839659846,73.49493811546186
2026-01-06 01:40:00,D02,57.518234456853946,22.957368839659846,73.49493811546186
2026-01-06 01:40:00,D03,43.307854859416004,22.957368839659846,73.49493811546186
2026-01-06 01:40:00,D04,45.04670125828048,22.957368839659846,73.49493811546186
2026-01-06 01:40:00,D05,62.7213119637009,22.957368839659846,73.49493811546186
2026-01-06 01:45:00,D01,41.47530317363214,21.46281282141639,77.0927178984916
2026-01-06 01:45:00,D02,55.65614429390154,21.46281282141639,77.0927178984916
2026-01-06 01:45:00,D03,43.08496811366534,21.46281282141639,77.0927178984916
2026-01-06 01:45:00,D04,40.875722764229856,21.46281282141639,77.0927178984916
2026-01-06 01:45:00,D05,60.04607460144872,21.46281282141639,77.0927178984916
2026-01-06 01:50:00,D01,45.944301024401774,23.14174100576735,74.51640196030479
2026-01-06 01:50:00,D02,57.521664752826666,23.14174100576735,74.51640196030479
2026-01-06 01:50:00,D03,44.47483585192149,23.14174100576735,74.51640196030479
2026-01-06 01:50:00,D04,44.17853524731564,23.14174100576735,74.51640196030479
2026-01-06 01:50:00,D05,62.2908539958871,23.14174100576735,74.51640196030479
2026-01-06 01:55:00,D01,45.51368432302927,23.309540920093884,71.85374356708148
2026-01-06 01:55:00,D02,58.07169924183917,23.309540920093884,71.85374356708148
2026-01-06 01:55:00,D03,44.02255843311789,23.309540920093884,71.85374356708148
2026-01-06 01:55:00,D04,42.49888915528213,23.309540920093884,71.85374356708148
2026-01-06 01:55:00,D05,62.458525653219596,23.309540920093884,71.85374356708148
2026-01-06 02:00:00,D01,44.05616103791894,22.518782687586498,73.46743459796645
2026-01-06 02:00:00,D02,58.54557401992196,22.518782687586498,73.46743459796645
2026-01-06 02:00:00,D03,44.02504612126648,22.518782687586498,73.46743459796645
2026-01-06 02:00:00,D04,42.590023015929084,22.518782687586498,73.46743459796645
2026-01-06 02:00:00,D05,60.50819698568772,22.518782687586498,73.46743459796645
2026-01-06 02:05:00,D01,45.900122166534715,21.423872102721617,72.57160602349485
2026-01-06 02:05:00,D02,60.75388119501416,21.423872102721617,72.57160602349485
2026-01-06 02:05:00,D03,47.66114610019444,21.423872102721617,72.57160602349485
2026-01-06 02:05:00,D04,46.31305019468424,21.423872102721617,72.57160602349485
2026-01-06 02:05:00,D05,65.3721780104782,21.423872102721617,72.57160602349485
2026-01-06 02:10:00,D01,47.53557867471982,22.602387489951923,70.14234075339883
2026-01-06 02:10:00,D02,64.07293220664668,22.602387489951923,70.14234075339883
2026-01-06 02:10:00,D03,48.93632885471257,22.602387489951923,70.14234075339883
2026-01-06 02:10:00,D04,49.14447127602902,22.602387489951923,70.14234075339883
2026-01-06 02:10:00,D05,67.36066686141629,22.602387489951923,70.14234075339883
2026-01-06 02:15:00,D01,46.81358555138803,22.81055985784286,75.71390253319613
2026-01-06 02:15:00,D02,62.138168039721634,22.81055985784286,75.71390253319613
2026-01-06 02:15:00,D03,44.86106633037455,22.81055985784286,75.71390253319613
2026-01-06 02:15:00,D04,46.8357224943867,22.81055985784286,75.71390253319613
2026-01-06 02:15:00,D05,65.84775597864592,22.81055985784286,75.71390253319613
2026-01-06 02:20:00,D01,45.12690383950524,22.39894066859058,74.24623425621994
2026-01-06 02:20:00,D02,56.38905543313092,22.39894066859058,74.24623425621994
2026-01-06 02:20:00,D03,44.79592487175482,22.39894066859058,74.24623425621994
2026-01-06 02:20:00,D04,42.94878645618654,22.39894066859058,74.24623425621994
2026-01-06 02:20:00,D05,60.609256749349186,22.39894066859058,74.24623425621994
2026-01-06 02:25:00,D01,46.55496143305092,22.71016778175846,73.8642570195238
2026-01-06 02:25:00,D02,60.78597495346528,22.71016778175846,73.8642570195238
2026-01-06 02:25:00,D03,45.85477107910396,22.71016778175846,73.8642570195238
2026-01-06 02:25:00,D04,45.794432818676604,22.71016778175846,73.8642570195238
2026-01-06 02:25:00,D05,,22.71016778175846,73.8642570195238
2026-01-06 02:30:00,D01,46.10188122262527,23.798330897975504,73.1816388933619
2026-01-06 02:30:00,D02,63.891591577104535,23.798330897975504,73.1816388933619
2026-01-06 02:30:00,D03,49.73393547362241,23.798330897975504,73.1816388933619
2026-01-06 02:30:00,D04,47.8362476294756,23.798330897975504,73.1816388933619
2026-01-06 02:30:00,D05,65.3306619098253,23.798330897975504,73.1816388933619
2026-01-06 02:35:00,D01,45.70971858501737,23.433041165686465,70.72581847789016
2026-01-06 02:35:00,D02,59.17242650725889,23.433041165686465,70.72581847789016
2026-01-06 02:35:00,D03,44.94942603176152,23.433041165686465,70.72581847789016
2026-01-06 02:35:00,D04,43.16283688769895,23.433041165686465,70.72581847789016
2026-01-06 02:35:00,D05,62.959889150815656,23.433041165686465,70.72581847789016
2026-01-06 02:40:00,D01,47.14524147496959,22.70749572721606,71.93501872185662
2026-01-06 02:40:00,D02,59.972057523389665,22.70749572721606,71.93501872185662
2026-01-06 02:40:00,D03,47.335852748717244,22.70749572721606,71.93501872185662
2026-01-06 02:40:00,D04,44.97053843171697,22.70749572721606,71.93501872185662
2026-01-06 02:40:00,D05,63.25968455037712,22.70749572721606,71.93501872185662
2026-01-06 02:45:00,D01,45.03698890007324,22.442001377807397,73.78106923696579
2026-01-06 02:45:00,D02,62.261719362650425,22.442001377807397,73.78106923696579
2026-01-06 02:45:00,D03,47.75760315532585,22.442001377807397,73.78106923696579
2026-01-06 02:45:00,D04,45.52021157721642,22.442001377807397,73.78106923696579
2026-01-06 02:45:00,D05,65.62300360300236,22.442001377807397,73.78106923696579
2026-01-06 02:50:00,D01,45.3625896336551,23.15010465714449,70.7959433234275
2026-01-06 02:50:00,D02,58.52687833312177,23.15010465714449,70.7959433234275
2026-01-06 02:50:00,D03,45.61624842430752,23.15010465714449,70.7959433234275
2026-01-06 02:50:00,D04,46.031410430547275,23.15010465714449,70.7959433234275
2026-01-06 02:50:00,D05,62.712013507907486,23.15010465714449,70.7959433234275
2026-01-06 02:55:00,D01,48.662917441646506,23.281451800025998,68.42598564622135
2026-01-06 02:55:00,D02,62.550310128885556,23.281451800025998,68.42598564622135
2026-01-06 02:55:00,D03,48.72022674313754,23.281451800025998,68.42598564622135
2026-01-06 02:55:00,D04,49.05609505546726,23.281451800025998,68.42598564622135
2026-01-06 02:55:00,D05,67.64666207473829,23.281451800025998,68.42598564622135
2026-01-06 03:00:00,D01,46.756064212641,23.712565687748913,71.7304088001941
2026-01-06 03:00:00,D02,61.80793960993365,23.712565687748913,71.7304088001941
2026-01-06 03:00:00,D03,47.2518001318425,23.712565687748913,71.7304088001941
2026-01-06 03:00:00,D04,48.95865314279104,23.712565687748913,71.7304088001941
2026-01-06 03:00:00,D05,63.453715379655186,23.712565687748913,71.7304088001941
2026-01-06 03:05:00,D01,47.27193358932625,23.27477636480482,71.7024942267814
2026-01-06 03:05:00,D02,62.14893422229305,23.27477636480482,71.7024942267814
2026-01-06 03:05:00,D03,46.04887975213053,23.27477636480482,71.7024942267814
2026-01-06 03:05:00,D04,,23.27477636480482,71.7024942267814
2026-01-06 03:05:00,D05,65.94250352006556,23.27477636480482,71.7024942267814
2026-01-06 03:10:00,D01,46.61372623606056,23.877798749602633,71.95924720077866
2026-01-06 03:10:00,D02,61.05091985461439,23.877798749602633,71.95924720077866
2026-01-06 03:10:00,D03,45.716119231395204,23.877798749602633,71.95924720077866
2026-01-06 03:10:00,D04,45.11390298711419,23.877798749602633,71.95924720077866
2026-01-06 03:10:00,D05,65.72122598169855,23.877798749602633,71.95924720077866
2026-01-06 03:15:00,D01,46.24010172817426,24.67084794452977,72.6862361162725
2026-01-06 03:15:00,D02,60.754505243362445,24.67084794452977,72.6862361162725
2026-01-06 03:15:00,D03,45.52741729807105,24.67084794452977,72.6862361162725
2026-01-06 03:15:00,D04,46.655453321906705,24.67084794452977,72.6862361162725
2026-01-06 03:15:00,D05,64.23264575063118,24.67084794452977,72.6862361162725
2026-01-06 03:20:00,D01,47.620020984145356,24.19381246278943,72.3842848152122
2026-01-06 03:20:00,D02,65.20365294302073,24.19381246278943,72.3842848152122
2026-01-06 03:20:00,D03,49.27639429059095,24.19381246278943,72.3842848152122
2026-01-06 03:20:00,D04,48.93598038637464,24.19381246278943,72.3842848152122
2026-01-06 03:20:00,D05,68.52683032746341,24.19381246278943,72.3842848152122
2026-01-06 03:25:00,D01,45.00370404107558,23.846338385414313,71.64738942970648
2026-01-06 03:25:00,D02,61.62718409029168,23.846338385414313,71.64738942970648
2026-01-06 03:25:00,D03,45.910235980362046,23.846338385414313,71.64738942970648
2026-01-06 03:25:00,D04,46.42145923241559,23.846338385414313,71.64738942970648
2026-01-06 03:25:00,D05,134.5866867095361,23.846338385414313,71.64738942970648
2026-01-06 03:30:00,D01,52.64831062537847,23.864617619429744,72.88091137221728
2026-01-06 03:30:00,D02,66.76840866143935,23.864617619429744,72.88091137221728
2026-01-06 03:30:00,D03,50.202509164153085,23.864617619429744,72.88091137221728
2026-01-06 03:30:00,D04,51.707383486622305,23.864617619429744,72.88091137221728
2026-01-06 03:30:00,D05,68.4671023463133,23.864617619429744,72.88091137221728
2026-01-06 03:35:00,D01,47.88183764791671,23.865115191092144,68.63464181241586
2026-01-06 03:35:00,D02,62.730800602095904,23.865115191092144,68.63464181241586
2026-01-06 03:35:00,D03,48.8701081731995,23.865115191092144,68.63464181241586
2026-01-06 03:35:00,D04,47.45852889509617,23.865115191092144,68.63464181241586
2026-01-06 03:35:00,D05,65.87604382161615,23.865115191092144,68.63464181241586
2026-01-06 03:40:00,D01,48.72886344152285,24.722438274470836,71.49263708522656
2026-01-06 03:40:00,D02,62.74287842762976,24.722438274470836,71.49263708522656
2026-01-06 03:40:00,D03,49.71033728251787,24.722438274470836,71.49263708522656
2026-01-06 03:40:00,D04,48.558308558787296,24.722438274470836,71.49263708522656
2026-01-06 03:40:00,D05,68.58147743391538,24.722438274470836,71.49263708522656
2026-01-06 03:45:00,D01,49.739603149920846,23.908492111926343,71.49550987520142
2026-01-06 03:45:00,D02,62.86584533240856,23.908492111926343,71.49550987520142
2026-01-06 03:45:00,D03,50.17573520182749,23.908492111926343,71.49550987520142
2026-01-06 03:45:00,D04,49.88558869247591,23.908492111926343,71.49550987520142
2026-01-06 03:45:00,D05,68.1942014466217,23.908492111926343,71.49550987520142
2026-01-06 03:50:00,D01,45.06818457805966,24.33611331276587,68.51365265434788
2026-01-06 03:50:00,D02,60.707318399532085,24.33611331276587,68.51365265434788
2026-01-06 03:50:00,D03,45.781951642511814,24.33611331276587,68.51365265434788
2026-01-06 03:50:00,D04,46.22908445990957,24.33611331276587,68.51365265434788
2026-01-06 03:50:00,D05,63.3439721945597,24.33611331276587,68.51365265434788
2026-01-06 03:55:00,D01,43.95176443432631,24.431732660137936,67.93342666858163
2026-01-06 03:55:00,D02,59.8590946408109,24.431732660137936,67.93342666858163
2026-01-06 03:55:00,D03,44.77958505702491,24.431732660137936,67.93342666858163
2026-01-06 03:55:00,D04,44.47375945965014,24.431732660137936,67.93342666858163
2026-01-06 03:55:00,D05,63.80509323663246,24.431732660137936,67.93342666858163
2026-01-06 04:00:00,D01,45.1774857641443,24.249107903594215,68.88108681028663
2026-01-06 04:00:00,D02,60.93399820551008,24.249107903594215,68.88108681028663
2026-01-06 04:00:00,D03,46.17881778468371,24.249107903594215,68.88108681028663
2026-01-06 04:00:00,D04,45.20578268128961,24.249107903594215,68.88108681028663
2026-01-06 04:00:00,D05,63.85570909730522,24.249107903594215,68.88108681028663
2026-01-06 04:05:00,D01,49.172348548809275,23.908823381461005,68.81757552542095
2026-01-06 04:05:00,D02,65.84506461909002,23.908823381461005,68.81757552542095
2026-01-06 04:05:00,D03,50.61638139738064,23.908823381461005,68.81757552542095
2026-01-06 04:05:00,D04,51.76751849489752,23.908823381461005,68.81757552542095
2026-01-06 04:05:00,D05,,23.908823381461005,68.81757552542095
2026-01-06 04:10:00,D01,47.03032838652883,24.852744185633657,70.747615327604
2026-01-06 04:10:00,D02,62.12504622705271,24.852744185633657,70.747615327604
2026-01-06 04:10:00,D03,48.7601323028653,24.852744185633657,70.747615327604
2026-01-06 04:10:00,D04,48.77787175405885,24.852744185633657,70.747615327604
2026-01-06 04:10:00,D05,66.03093810657799,24.852744185633657,70.747615327604
2026-01-06 04:15:00,D01,53.77418847031229,24.758054562977293,68.50107872665339
2026-01-06 04:15:00,D02,70.89260644181383,24.758054562977293,68.50107872665339
2026-01-06 04:15:00,D03,53.832039145649276,24.758054562977293,68.50107872665339
2026-01-06 04:15:00,D04,55.00526378546136,24.758054562977293,68.50107872665339
2026-01-06 04:15:00,D05,72.09857407142219,24.758054562977293,68.50107872665339
2026-01-06 04:20:00,D01,48.54446272024212,25.137028926014793,67.94165983998516
2026-01-06 04:20:00,D02,61.27116161402232,25.137028926014793,67.94165983998516
2026-01-06 04:20:00,D03,47.51473567722048,25.137028926014793,67.94165983998516
2026-01-06 04:20:00,D04,47.67499635421265,25.137028926014793,67.94165983998516
2026-01-06 04:20:00,D05,66.31170571422706,25.137028926014793,67.94165983998516
2026-01-06 04:25:00,D01,49.48229093421518,24.719466397486734,68.11001629354553
2026-01-06 04:25:00,D02,65.07502643674682,24.719466397486734,68.11001629354553
2026-01-06 04:25:00,D03,49.54393041607339,24.719466397486734,68.11001629354553
2026-01-06 04:25:00,D04,48.25786986562686,24.719466397486734,68.11001629354553
2026-01-06 04:25:00,D05,65.6424450526758,24.719466397486734,68.11001629354553
2026-01-06 04:30:00,D01,53.11793834412416,25.69699348758108,70.50478282488221
2026-01-06 04:30:00,D02,66.57719749117192,25.69699348758108,70.50478282488221
2026-01-06 04:30:00,D03,51.73186840032299,25.69699348758108,70.50478282488221
2026-01-06 04:30:00,D04,52.03352459975265,25.69699348758108,70.50478282488221
2026-01-06 04:30:00,D05,71.22332113403185,25.69699348758108,70.50478282488221
2026-01-06 04:35:00,D01,54.68139957425966,24.74942291797555,68.64394544440248
2026-01-06 04:35:00,D02,67.83519552882515,24.74942291797555,68.64394544440248
2026-01-06 04:35:00,D03,53.66094681864271,24.74942291797555,68.64394544440248
2026-01-06 04:35:00,D04,53.40576987661488,24.74942291797555,68.64394544440248
2026-01-06 04:35:00,D05,70.24671113274141,24.74942291797555,68.64394544440248
2026-01-06 04:40:00,D01,54.578103454955986,26.1459194253806,68.15132489522132
2026-01-06 04:40:00,D02,68.05146576428993,26.1459194253806,68.15132489522132
2026-01-06 04:40:00,D03,52.98257077181849,26.1459194253806,68.15132489522132
2026-01-06 04:40:00,D04,52.40571000189379,26.1459194253806,68.15132489522132
2026-01-06 04:40:00,D05,72.82742072988559,26.1459194253806,68.15132489522132
2026-01-06 04:45:00,D01,52.35654360351589,24.518984418570057,68.04938640498005
2026-01-06 04:45:00,D02,65.94116027601073,24.518984418570057,68.04938640498005
2026-01-06 04:45:00,D03,52.354557358956164,24.518984418570057,68.04938640498005
2026-01-06 04:45:00,D04,51.577937698113644,24.518984418570057,68.04938640498005
2026-01-06 04:45:00,D05,71.53134322279033,24.518984418570057,68.04938640498005
2026-01-06 04:50:00,D01,51.59715723828598,25.713856034757075,69.94514849653252
2026-01-06 04:50:00,D02,67.02500512169875,25.713856034757075,69.94514849653252
2026-01-06 04:50:00,D03,52.80130109801667,25.713856034757075,69.94514849653252
2026-01-06 04:50:00,D04,52.79239360476737,25.713856034757075,69.94514849653252
2026-01-06 04:50:00,D05,68.18529404073917,25.713856034757075,69.94514849653252
2026-01-06 04:55:00,D01,49.80476443384808,25.838570271108342,66.67453255040508
2026-01-06 04:55:00,D02,67.05460794888157,25.838570271108342,66.67453255040508
2026-01-06 04:55:00,D03,50.06623075545347,25.838570271108342,66.67453255040508
2026-01-06 04:55:00,D04,50.933031687884416,25.838570271108342,66.67453255040508
2026-01-06 04:55:00,D05,70.67858446740149,25.838570271108342,66.67453255040508
2026-01-06 05:00:00,D01,51.95592446660327,25.30812624051696,69.56145288743535
2026-01-06 05:00:00,D02,66.57433154545325,25.30812624051696,69.56145288743535
2026-01-06 05:00:00,D03,51.08540495792878,25.30812624051696,69.56145288743535
2026-01-06 05:00:00,D04,50.67539060202575,25.30812624051696,69.56145288743535
2026-01-06 05:00:00,D05,69.70953133329111,25.30812624051696,69.56145288743535
2026-01-06 05:05:00,D01,50.290796647697086,26.023767507299645,67.69260337164398
2026-01-06 05:05:00,D02,63.61269428898294,26.023767507299645,67.69260337164398
2026-01-06 05:05:00,D03,49.07237997851098,26.023767507299645,67.69260337164398
2026-01-06 05:05:00,D04,48.63988817493745,26.023767507299645,67.69260337164398
2026-01-06 05:05:00,D05,,26.023767507299645,67.69260337164398
2026-01-06 05:10:00,D01,48.46866834400513,26.55756126518955,66.92376706641805
2026-01-06 05:10:00,D02,62.048310390863406,26.55756126518955,66.92376706641805
2026-01-06 05:10:00,D03,47.690704949373306,26.55756126518955,66.92376706641805
2026-01-06 05:10:00,D04,48.210309087251424,26.55756126518955,66.92376706641805
2026-01-06 05:10:00,D05,67.69294656773711,26.55756126518955,66.92376706641805
2026-01-06 05:15:00,D01,51.71836303763653,24.916138970242326,70.7022539670627
2026-01-06 05:15:00,D02,65.23604329895545,24.916138970242326,70.7022539670627
2026-01-06 05:15:00,D03,50.26542445003707,24.916138970242326,70.7022539670627
2026-01-06 05:15:00,D04,49.4277530075615,24.916138970242326,70.7022539670627
2026-01-06 05:15:00,D05,67.00346656570136,24.916138970242326,70.7022539670627
2026-01-06 05:20:00,D01,47.98213657701115,26.383131515410753,65.15302254197141
2026-01-06 05:20:00,D02,66.59209761903479,26.383131515410753,65.15302254197141
2026-01-06 05:20:00,D03,50.063107145723976,26.383131515410753,65.15302254197141
2026-01-06 05:20:00,D04,50.280088120238844,26.383131515410753,65.15302254197141
2026-01-06 05:20:00,D05,67.31467211550145,26.383131515410753,65.15302254197141
2026-01-06 05:25:00,D01,47.822995621243514,24.992747658885374,65.99070522254867
2026-01-06 05:25:00,D02,63.53442964277387,24.992747658885374,65.99070522254867
2026-01-06 05:25:00,D03,50.060420782317365,24.992747658885374,65.99070522254867
2026-01-06 05:25:00,D04,47.148757072207765,24.992747658885374,65.99070522254867
2026-01-06 05:25:00,D05,69.26382783721871,24.992747658885374,65.99070522254867
2026-01-06 05:30:00,D01,52.162425016399794,25.864536637138126,64.45661506345454
2026-01-06 05:30:00,D02,65.87913074815822,25.864536637138126,64.45661506345454
2026-01-06 05:30:00,D03,50.70123346256662,25.864536637138126,64.45661506345454
2026-01-06 05:30:00,D04,51.77898458842211,25.864536637138126,64.45661506345454
2026-01-06 05:30:00,D05,68.75151494107511,25.864536637138126,64.45661506345454
2026-01-06 05:35:00,D01,52.11546400951747,27.270248808190658,67.51736170432389
2026-01-06 05:35:00,D02,66.24790104555444,27.270248808190658,67.51736170432389
2026-01-06 05:35:00,D03,50.908398559133744,27.270248808190658,67.51736170432389
2026-01-06 05:35:00,D04,51.27802646074256,27.270248808190658,67.51736170432389
2026-01-06 05:35:00,D05,70.90936876721757,27.270248808190658,67.51736170432389
2026-01-06 05:40:00,D01,51.45254293007295,26.273330269565687,68.40534082795409
2026-01-06 05:40:00,D02,64.6170884544906,26.273330269565687,68.40534082795409
2026-01-06 05:40:00,D03,49.8311833639374,26.273330269565687,68.40534082795409
2026-01-06 05:40:00,D04,51.18446526155445,26.273330269565687,68.40534082795409
2026-01-06 05:40:00,D05,68.09254593530294,26.273330269565687,68.40534082795409
2026-01-06 05:45:00,D01,52.91817775376982,26.086044371644782,68.15891546440842
2026-01-06 05:45:00,D02,65.1660173346207,26.086044371644782,68.15891546440842
2026-01-06 05:45:00,D03,51.96589705494946,26.086044371644782,68.15891546440842
2026-01-06 05:45:00,D04,51.65900717524593,26.086044371644782,68.15891546440842
2026-01-06 05:45:00,D05,70.75174959183853,26.086044371644782,68.15891546440842
2026-01-06 05:50:00,D01,46.83912856502323,26.68293419868096,67.2721170033724
2026-01-06 05:50:00,D02,63.09973242551646,26.68293419868096,67.2721170033724
2026-01-06 05:50:00,D03,48.27160219159906,26.68293419868096,67.2721170033724
2026-01-06 05:50:00,D04,48.645680080097094,26.68293419868096,67.2721170033724
2026-01-06 05:50:00,D05,66.42291606836802,26.68293419868096,67.2721170033724
2026-01-06 05:55:00,D01,49.39670811003461,27.92487874390897,64.92171814865166
2026-01-06 05:55:00,D02,63.76226778630687,27.92487874390897,64.92171814865166
2026-01-06 05:55:00,D03,48.44855005206324,27.92487874390897,64.92171814865166
2026-01-06 05:55:00,D04,48.821033419004216,27.92487874390897,64.92171814865166
2026-01-06 05:55:00,D05,70.54856591107855,27.92487874390897,64.92171814865166
2026-01-06 06:00:00,D01,47.033671387870655,26.084158876396984,64.45213853376525
2026-01-06 06:00:00,D02,61.963536408737085,26.084158876396984,64.45213853376525
2026-01-06 06:00:00,D03,50.89937177704708,26.084158876396984,64.45213853376525
2026-01-06 06:00:00,D04,48.888341270413505,26.084158876396984,64.45213853376525
2026-01-06 06:00:00,D05,68.09375100218473,26.084158876396984,64.45213853376525
2026-01-06 06:05:00,D01,45.135956363555934,26.583419469353128,62.275096490913306
2026-01-06 06:05:00,D02,62.03510671343267,26.583419469353128,62.275096490913306
2026-01-06 06:05:00,D03,47.56047489822672,26.583419469353128,62.275096490913306
2026-01-06 06:05:00,D04,45.79954716633746,26.583419469353128,62.275096490913306
2026-01-06 06:05:00,D05,63.982566371524285,26.583419469353128,62.275096490913306
2026-01-06 06:10:00,D01,50.79756484205119,27.9668127784165,67.61761642911931
2026-01-06 06:10:00,D02,63.77039834445104,27.9668127784165,67.61761642911931
2026-01-06 06:10:00,D03,49.83769661373349,27.9668127784165,67.61761642911931
2026-01-06 06:10:00,D04,50.95233057622612,27.9668127784165,67.61761642911931
2026-01-06 06:10:00,D05,68.80468996427138,27.9668127784165,67.61761642911931
2026-01-06 06:15:00,D01,50.60788163008908,28.255866817919586,65.04943582492126
2026-01-06 06:15:00,D02,64.43364600540816,28.255866817919586,65.04943582492126
2026-01-06 06:15:00,D03,50.60248870861744,28.255866817919586,65.04943582492126
2026-01-06 06:15:00,D04,49.54401401997936,28.255866817919586,65.04943582492126
2026-01-06 06:15:00,D05,66.6722089424662,28.255866817919586,65.04943582492126
2026-01-06 06:20:00,D01,53.351850752207795,27.384063101593135,63.390507215219216
2026-01-06 06:20:00,D02,69.50243526057541,27.384063101593135,63.390507215219216
2026-01-06 06:20:00,D03,51.35204460309093,27.384063101593135,63.390507215219216
2026-01-06 06:20:00,D04,52.26578650268928,27.384063101593135,63.390507215219216
2026-01-06 06:20:00,D05,69.543062684648,27.384063101593135,63.390507215219216
2026-01-06 06:25:00,D01,49.48110923037228,26.924808022996483,65.90341658496084
2026-01-06 06:25:00,D02,64.850042913606,26.924808022996483,65.90341658496084
2026-01-06 06:25:00,D03,53.725560082732315,26.924808022996483,65.90341658496084
2026-01-06 06:25:00,D04,52.601286496140325,26.924808022996483,65.90341658496084
2026-01-06 06:25:00,D05,70.1926535247903,26.924808022996483,65.90341658496084
2026-01-06 06:30:00,D01,47.5076713895668,28.700552712004836,62.235591302659486
2026-01-06 06:30:00,D02,61.40047424909235,28.700552712004836,62.235591302659486
2026-01-06 06:30:00,D03,47.2758603528792,28.700552712004836,62.235591302659486
2026-01-06 06:30:00,D04,47.585926733455985,28.700552712004836,62.235591302659486
2026-01-06 06:30:00,D05,67.41476855012506,28.700552712004836,62.235591302659486
2026-01-06 06:35:00,D01,52.36680034868593,28.55783812682418,64.08869918943485
2026-01-06 06:35:00,D02,68.93802950383139,28.55783812682418,64.08869918943485
2026-01-06 06:35:00,D03,53.47130282344662,28.55783812682418,64.08869918943485
2026-01-06 06:35:00,D04,54.11358227600028,28.55783812682418,64.08869918943485
2026-01-06 06:35:00,D05,73.9989720791103,28.55783812682418,64.08869918943485
2026-01-06 06:40:00,D01,53.466678174960556,28.207714382215762,63.004574521894455
2026-01-06 06:40:00,D02,68.52648092041889,28.207714382215762,63.004574521894455
2026-01-06 06:40:00,D03,129.32438252979645,28.207714382215762,63.004574521894455
2026-01-06 06:40:00,D04,53.22918929044224,28.207714382215762,63.004574521894455
2026-01-06 06:40:00,D05,71.5216242713583,28.207714382215762,63.004574521894455
2026-01-06 06:45:00,D01,50.38832607740695,27.569250435611924,64.00711248965919
2026-01-06 06:45:00,D02,64.49448068678598,27.569250435611924,64.00711248965919
2026-01-06 06:45:00,D03,51.45833551571045,27.569250435611924,64.00711248965919
2026-01-06 06:45:00,D04,50.092555401539606,27.569250435611924,64.00711248965919
2026-01-06 06:45:00,D05,69.8494086559917,27.569250435611924,64.00711248965919
2026-01-06 06:50:00,D01,48.224244162718136,28.0576833992715,62.740243551839775
2026-01-06 06:50:00,D02,64.8243813621979,28.0576833992715,62.740243551839775
2026-01-06 06:50:00,D03,48.20364771642257,28.0576833992715,62.740243551839775
2026-01-06 06:50:00,D04,49.731938158483466,28.0576833992715,62.740243551839775
2026-01-06 06:50:00,D05,67.85447088841357,28.0576833992715,62.740243551839775
2026-01-06 06:55:00,D01,47.82433838980708,28.10824942110844,60.446749240071455
2026-01-06 06:55:00,D02,63.49216707482105,28.10824942110844,60.446749240071455
2026-01-06 06:55:00,D03,47.896197986251686,28.10824942110844,60.446749240071455
2026-01-06 06:55:00,D04,48.35172704055345,28.10824942110844,60.446749240071455
2026-01-06 06:55:00,D05,67.21812397885364,28.10824942110844,60.446749240071455
2026-01-06 07:00:00,D01,48.274690253913974,28.459520877820378,62.52517410797988
2026-01-06 07:00:00,D02,61.98223509554263,28.459520877820378,62.52517410797988
2026-01-06 07:00:00,D03,48.37057027782405,28.459520877820378,62.52517410797988
2026-01-06 07:00:00,D04,,28.459520877820378,62.52517410797988
2026-01-06 07:00:00,D05,66.60709604584733,28.459520877820378,62.52517410797988
2026-01-06 07:05:00,D01,53.26173969347137,29.12464578922063,63.77500607250312
2026-01-06 07:05:00,D02,67.71297354797389,29.12464578922063,63.77500607250312
2026-01-06 07:05:00,D03,50.70025184833732,29.12464578922063,63.77500607250312
2026-01-06 07:05:00,D04,,29.12464578922063,63.77500607250312
2026-01-06 07:05:00,D05,70.02031332554532,29.12464578922063,63.77500607250312
2026-01-06 07:10:00,D01,52.571531221817295,28.943237518090065,61.94911739617629
2026-01-06 07:10:00,D02,69.32934998430532,28.943237518090065,61.94911739617629
2026-01-06 07:10:00,D03,52.50198061758887,28.943237518090065,61.94911739617629
2026-01-06 07:10:00,D04,52.95243239510645,28.943237518090065,61.94911739617629
2026-01-06 07:10:00,D05,,28.943237518090065,61.94911739617629
2026-01-06 07:15:00,D01,51.156560092270816,28.068509288023424,62.948278029352025
2026-01-06 07:15:00,D02,67.40033032166374,28.068509288023424,62.948278029352025
2026-01-06 07:15:00,D03,52.78157638558096,28.068509288023424,62.948278029352025
2026-01-06 07:15:00,D04,54.17597184442683,28.068509288023424,62.948278029352025
2026-01-06 07:15:00,D05,70.97701795581163,28.068509288023424,62.948278029352025
2026-01-06 07:20:00,D01,46.266313848529016,29.398348941638105,60.01150433823225
2026-01-06 07:20:00,D02,64.83782682832151,29.398348941638105,60.01150433823225
2026-01-06 07:20:00,D03,47.13773639141771,29.398348941638105,60.01150433823225
2026-01-06 07:20:00,D04,49.285346879805864,29.398348941638105,60.01150433823225
2026-01-06 07:20:00,D05,66.65227906073798,29.398348941638105,60.01150433823225
2026-01-06 07:25:00,D01,47.05005732383654,28.968756261425092,61.33622842725819
2026-01-06 07:25:00,D02,63.39347806062443,28.968756261425092,61.33622842725819
2026-01-06 07:25:00,D03,46.33203215522638,28.968756261425092,61.33622842725819
2026-01-06 07:25:00,D04,47.519920562163485,28.968756261425092,61.33622842725819
2026-01-06 07:25:00,D05,65.25857482898653,28.968756261425092,61.33622842725819
2026-01-06 07:30:00,D01,48.95863770507736,29.256950059754896,60.236399993716255
2026-01-06 07:30:00,D02,64.80978996301478,29.256950059754896,60.236399993716255
2026-01-06 07:30:00,D03,50.18384120019976,29.256950059754896,60.236399993716255
2026-01-06 07:30:00,D04,47.4792395873951,29.256950059754896,60.236399993716255
2026-01-06 07:30:00,D05,67.8633220058886,29.256950059754896,60.236399993716255
2026-01-06 07:35:00,D01,44.18733145355703,29.747003878932976,62.09300436156972
2026-01-06 07:35:00,D02,60.360820446418764,29.747003878932976,62.09300436156972
2026-01-06 07:35:00,D03,48.21871593494307,29.747003878932976,62.09300436156972
2026-01-06 07:35:00,D04,46.06122206346941,29.747003878932976,62.09300436156972
2026-01-06 07:35:00,D05,64.82208066960905,29.747003878932976,62.09300436156972
2026-01-06 07:40:00,D01,50.89863975999185,28.557301183946706,60.82105472598603
2026-01-06 07:40:00,D02,63.942540741140704,28.557301183946706,60.82105472598603
2026-01-06 07:40:00,D03,50.18700211828907,28.557301183946706,60.82105472598603
2026-01-06 07:40:00,D04,48.94843929398824,28.557301183946706,60.82105472598603
2026-01-06 07:40:00,D05,69.98585344261326,28.557301183946706,60.82105472598603
2026-01-06 07:45:00,D01,49.34076739015878,29.193530661741775,61.61222361231491
2026-01-06 07:45:00,D02,63.85183962666359,29.193530661741775,61.61222361231491
2026-01-06 07:45:00,D03,47.75626060055225,29.193530661741775,61.61222361231491
2026-01-06 07:45:00,D04,,29.193530661741775,61.61222361231491
2026-01-06 07:45:00,D05,67.98164171309715,29.193530661741775,61.61222361231491
2026-01-06 07:50:00,D01,47.90981744910852,29.04301579049556,62.01407950688646
2026-01-06 07:50:00,D02,63.73360069936283,29.04301579049556,62.01407950688646
2026-01-06 07:50:00,D03,47.57092115797344,29.04301579049556,62.01407950688646
2026-01-06 07:50:00,D04,47.778117970471314,29.04301579049556,62.01407950688646
2026-01-06 07:50:00,D05,66.39702627772573,29.04301579049556,62.01407950688646
2026-01-06 07:55:00,D01,46.942187666712385,28.621014131914205,61.227540173488215
2026-01-06 07:55:00,D02,60.48941657142643,28.621014131914205,61.227540173488215
2026-01-06 07:55:00,D03,45.609450428694096,28.621014131914205,61.227540173488215
2026-01-06 07:55:00,D04,45.05877548252131,28.621014131914205,61.227540173488215
2026-01-06 07:55:00,D05,65.06053365998412,28.621014131914205,61.227540173488215
2026-01-06 08:00:00,D01,50.34999028438244,29.673354988802465,60.409677651440454
2026-01-06 08:00:00,D02,62.73561081396002,29.673354988802465,60.409677651440454
2026-01-06 08:00:00,D03,49.338029300348126,29.673354988802465,60.409677651440454
2026-01-06 08:00:00,D04,49.250836340387785,29.673354988802465,60.409677651440454
2026-01-06 08:00:00,D05,68.8547609816677,29.673354988802465,60.409677651440454
2026-01-06 08:05:00,D01,46.66086112588722,30.84964456659481,58.314949030627695
2026-01-06 08:05:00,D02,64.0080140485331,30.84964456659481,58.314949030627695
2026-01-06 08:05:00,D03,48.38677519414259,30.84964456659481,58.314949030627695
2026-01-06 08:05:00,D04,47.11349716620736,30.84964456659481,58.314949030627695
2026-01-06 08:05:00,D05,66.72246467192385,30.84964456659481,58.314949030627695
2026-01-06 08:10:00,D01,45.05486062271754,28.76645916948123,59.62282475053143
2026-01-06 08:10:00,D02,61.549812693416726,28.76645916948123,59.62282475053143
2026-01-06 08:10:00,D03,46.31155426972253,28.76645916948123,59.62282475053143
2026-01-06 08:10:00,D04,44.746853129394374,28.76645916948123,59.62282475053143
2026-01-06 08:10:00,D05,65.15282375182277,28.76645916948123,59.62282475053143
2026-01-06 08:15:00,D01,43.38815324091603,29.761710859573263,58.64466206678025
2026-01-06 08:15:00,D02,57.465981442961514,29.761710859573263,58.64466206678025
2026-01-06 08:15:00,D03,43.47802408137204,29.761710859573263,58.64466206678025
2026-01-06 08:15:00,D04,41.35415366749092,29.761710859573263,58.64466206678025
2026-01-06 08:15:00,D05,,29.761710859573263,58.64466206678025
2026-01-06 08:20:00,D01,48.53285758925599,30.18815364929262,58.748139701433196
2026-01-06 08:20:00,D02,64.27900882270076,30.18815364929262,58.748139701433196
2026-01-06 08:20:00,D03,47.822046842491005,30.18815364929262,58.748139701433196
2026-01-06 08:20:00,D04,47.801006948008904,30.18815364929262,58.748139701433196
2026-01-06 08:20:00,D05,67.34198717212934,30.18815364929262,58.748139701433196
2026-01-06 08:25:00,D01,51.77869700398499,30.018087342646,58.525102290238806
2026-01-06 08:25:00,D02,68.42887319229857,30.018087342646,58.525102290238806
2026-01-06 08:25:00,D03,52.93444945573558,30.018087342646,58.525102290238806
2026-01-06 08:25:00,D04,53.16408591406514,30.018087342646,58.525102290238806
2026-01-06 08:25:00,D05,70.16670242785352,30.018087342646,58.525102290238806
2026-01-06 08:30:00,D01,50.40955402913917,29.98724311878573,57.44249734773943
2026-01-06 08:30:00,D02,63.75935118063433,29.98724311878573,57.44249734773943
2026-01-06 08:30:00,D03,51.08956624772654,29.98724311878573,57.44249734773943
2026-01-06 08:30:00,D04,51.97051503201901,29.98724311878573,57.44249734773943
2026-01-06 08:30:00,D05,69.61036357560252,29.98724311878573,57.44249734773943
2026-01-06 08:35:00,D01,47.49259988476205,29.48000917919738,55.80475739445843
2026-01-06 08:35:00,D02,62.63405244410517,29.48000917919738,55.80475739445843
2026-01-06 08:35:00,D03,45.913462448618304,29.48000917919738,55.80475739445843
2026-01-06 08:35:00,D04,47.68865711157814,29.48000917919738,55.80475739445843
2026-01-06 08:35:00,D05,66.9299936938246,29.48000917919738,55.80475739445843
2026-01-06 08:40:00,D01,45.700521427332276,30.33033141990277,57.56990933064297
2026-01-06 08:40:00,D02,60.35443313439533,30.33033141990277,57.56990933064297
2026-01-06 08:40:00,D03,48.633340691508444,30.33033141990277,57.56990933064297
2026-01-06 08:40:00,D04,47.65324841325599,30.33033141990277,57.56990933064297
2026-01-06 08:40:00,D05,64.42588094761257,30.33033141990277,57.56990933064297
2026-01-06 08:45:00,D01,48.35395993234612,29.918347086992373,58.69661102688556
2026-01-06 08:45:00,D02,64.29004468679085,29.918347086992373,58.69661102688556
2026-01-06 08:45:00,D03,46.630968839978685,29.918347086992373,58.69661102688556
2026-01-06 08:45:00,D04,48.737062167936514,29.918347086992373,58.69661102688556
2026-01-06 08:45:00,D05,68.98167258064508,29.918347086992373,58.69661102688556
2026-01-06 08:50:00,D01,46.82294663611165,29.282990185589014,56.22183235570218
2026-01-06 08:50:00,D02,60.84884284346401,29.282990185589014,56.22183235570218
2026-01-06 08:50:00,D03,44.63726376441974,29.282990185589014,56.22183235570218
2026-01-06 08:50:00,D04,44.91932639181432,29.282990185589014,56.22183235570218
2026-01-06 08:50:00,D05,62.6404777590688,29.282990185589014,56.22183235570218
2026-01-06 08:55:00,D01,47.166389184426336,31.054861389168213,58.10839279688474
2026-01-06 08:55:00,D02,63.81778865635445,31.054861389168213,58.10839279688474
2026-01-06 08:55:00,D03,47.20019556840609,31.054861389168213,58.10839279688474
2026-01-06 08:55:00,D04,47.41623964424381,31.054861389168213,58.10839279688474
2026-01-06 08:55:00,D05,68.24705481265893,31.054861389168213,58.10839279688474
2026-01-06 09:00:00,D01,47.03023911156201,31.01472681585376,60.77933482460097
2026-01-06 09:00:00,D02,63.46874502213029,31.01472681585376,60.77933482460097
2026-01-06 09:00:00,D03,51.111534641691435,31.01472681585376,60.77933482460097
2026-01-06 09:00:00,D04,47.77748954084496,31.01472681585376,60.77933482460097
2026-01-06 09:00:00,D05,68.606414338966,31.01472681585376,60.77933482460097
2026-01-06 09:05:00,D01,48.31644981372124,30.637650298724317,59.31094521228081
2026-01-06 09:05:00,D02,62.87044672007493,30.637650298724317,59.31094521228081
2026-01-06 09:05:00,D03,51.17585588973787,30.637650298724317,59.31094521228081
2026-01-06 09:05:00,D04,50.18000510913904,30.637650298724317,59.31094521228081
2026-01-06 09:05:00,D05,68.14779478091323,30.637650298724317,59.31094521228081
2026-01-06 09:10:00,D01,47.54989274988434,30.800924028153467,60.09253889557956
2026-01-06 09:10:00,D02,61.48984111655544,30.800924028153467,60.09253889557956
2026-01-06 09:10:00,D03,48.04952206683892,30.800924028153467,60.09253889557956
2026-01-06 09:10:00,D04,45.619349514102986,30.800924028153467,60.09253889557956
2026-01-06 09:10:00,D05,102.9814339980458,30.800924028153467,60.09253889557956
2026-01-06 09:15:00,D01,46.44084178802697,31.29635804375266,58.06829374060933
2026-01-06 09:15:00,D02,61.98749922871458,31.29635804375266,58.06829374060933
2026-01-06 09:15:00,D03,45.85545198827043,31.29635804375266,58.06829374060933
2026-01-06 09:15:00,D04,48.27645429938279,31.29635804375266,58.06829374060933
2026-01-06 09:15:00,D05,66.66143579950275,31.29635804375266,58.06829374060933
2026-01-06 09:20:00,D01,44.543033544663544,30.942392043983926,59.0908203032899
2026-01-06 09:20:00,D02,61.091769753268224,30.942392043983926,59.0908203032899
2026-01-06 09:20:00,D03,116.77189490936138,30.942392043983926,59.0908203032899
2026-01-06 09:20:00,D04,43.76900255750123,30.942392043983926,59.0908203032899
2026-01-06 09:20:00,D05,65.72697729216185,30.942392043983926,59.0908203032899
2026-01-06 09:25:00,D01,44.096380208449304,31.35143119284506,56.115208073369516
2026-01-06 09:25:00,D02,58.8480347728417,31.35143119284506,56.115208073369516
2026-01-06 09:25:00,D03,44.973826017601844,31.35143119284506,56.115208073369516
2026-01-06 09:25:00,D04,45.8283785724683,31.35143119284506,56.115208073369516
2026-01-06 09:25:00,D05,63.25986383636001,31.35143119284506,56.115208073369516
2026-01-06 09:30:00,D01,46.120016413837384,30.81802560101924,56.09995619655469
2026-01-06 09:30:00,D02,62.08603455102322,30.81802560101924,56.09995619655469
2026-01-06 09:30:00,D03,46.611919876587315,30.81802560101924,56.09995619655469
2026-01-06 09:30:00,D04,46.862957170028274,30.81802560101924,56.09995619655469
2026-01-06 09:30:00,D05,65.49549071965049,30.81802560101924,56.09995619655469
2026-01-06 09:35:00,D01,45.79872264627797,31.688214890624387,52.82684364811896
2026-01-06 09:35:00,D02,61.434198383800336,31.688214890624387,52.82684364811896
2026-01-06 09:35:00,D03,46.8275228783744,31.688214890624387,52.82684364811896
2026-01-06 09:35:00,D04,47.27218134710648,31.688214890624387,52.82684364811896
2026-01-06 09:35:00,D05,,31.688214890624387,52.82684364811896
2026-01-06 09:40:00,D01,47.86859918461955,31.256153084411302,58.587697768173534
2026-01-06 09:40:00,D02,63.369552232062794,31.256153084411302,58.587697768173534
2026-01-06 09:40:00,D03,47.5134670446537,31.256153084411302,58.587697768173534
2026-01-06 09:40:00,D04,49.183505702208635,31.256153084411302,58.587697768173534
2026-01-06 09:40:00,D05,67.47108068765624,31.256153084411302,58.587697768173534
2026-01-06 09:45:00,D01,43.2180898600224,31.25437403331566,58.99578984670438
2026-01-06 09:45:00,D02,58.8935447687737,31.25437403331566,58.99578984670438
2026-01-06 09:45:00,D03,43.69756575490898,31.25437403331566,58.99578984670438
2026-01-06 09:45:00,D04,43.753109520222615,31.25437403331566,58.99578984670438
2026-01-06 09:45:00,D05,63.32127545357425,31.25437403331566,58.99578984670438
2026-01-06 09:50:00,D01,47.46071383611223,30.58192668470841,55.73631967385024
2026-01-06 09:50:00,D02,64.00456370021601,30.58192668470841,55.73631967385024
2026-01-06 09:50:00,D03,48.14873322796812,30.58192668470841,55.73631967385024
2026-01-06 09:50:00,D04,48.48664066160662,30.58192668470841,55.73631967385024
2026-01-06 09:50:00,D05,67.2985681879521,30.58192668470841,55.73631967385024
2026-01-06 09:55:00,D01,44.00799794469504,31.418037280515584,56.06995373367469
2026-01-06 09:55:00,D02,61.01130842351961,31.418037280515584,56.06995373367469
2026-01-06 09:55:00,D03,45.25397702819813,31.418037280515584,56.06995373367469
2026-01-06 09:55:00,D04,44.86991190734086,31.418037280515584,56.06995373367469
2026-01-06 09:55:00,D05,64.2659272935875,31.418037280515584,56.06995373367469
2026-01-06 10:00:00,D01,44.58185796481917,30.914149560174963,55.20895279161918
2026-01-06 10:00:00,D02,59.21412230175653,30.914149560174963,55.20895279161918
2026-01-06 10:00:00,D03,45.32446521007852,30.914149560174963,55.20895279161918
2026-01-06 10:00:00,D04,45.54738578052415,30.914149560174963,55.20895279161918
2026-01-06 10:00:00,D05,62.22639155228346,30.914149560174963,55.20895279161918
2026-01-06 10:05:00,D01,43.26663449496451,31.064492415273286,56.806712770141175
2026-01-06 10:05:00,D02,58.129354960205966,31.064492415273286,56.806712770141175
2026-01-06 10:05:00,D03,43.283992960694526,31.064492415273286,56.806712770141175
2026-01-06 10:05:00,D04,41.496497653190076,31.064492415273286,56.806712770141175
2026-01-06 10:05:00,D05,64.02345463743183,31.064492415273286,56.806712770141175
2026-01-06 10:10:00,D01,40.00446140691558,31.02736635173305,57.81729048617264
2026-01-06 10:10:00,D02,55.4576902835138,31.02736635173305,57.81729048617264
2026-01-06 10:10:00,D03,41.27852960450332,31.02736635173305,57.81729048617264
2026-01-06 10:10:00,D04,39.66286908710194,31.02736635173305,57.81729048617264
2026-01-06 10:10:00,D05,57.44190139853305,31.02736635173305,57.81729048617264
2026-01-06 10:15:00,D01,42.50261240348372,30.95124624171383,53.41711462385156
2026-01-06 10:15:00,D02,64.10620899862242,30.95124624171383,53.41711462385156
2026-01-06 10:15:00,D03,43.224224626171434,30.95124624171383,53.41711462385156
2026-01-06 10:15:00,D04,47.049213743400145,30.95124624171383,53.41711462385156
2026-01-06 10:15:00,D05,,30.95124624171383,53.41711462385156
2026-01-06 10:20:00,D01,44.89221985384513,32.59392463669173,56.55107992559688
2026-01-06 10:20:00,D02,60.36025390041762,32.59392463669173,56.55107992559688
2026-01-06 10:20:00,D03,46.20975765951308,32.59392463669173,56.55107992559688
2026-01-06 10:20:00,D04,45.32795465076886,32.59392463669173,56.55107992559688
2026-01-06 10:20:00,D05,64.76701526961413,32.59392463669173,56.55107992559688
2026-01-06 10:25:00,D01,43.073241806994965,32.242226926591435,55.43187755122681
2026-01-06 10:25:00,D02,61.03844442965313,32.242226926591435,55.43187755122681
2026-01-06 10:25:00,D03,44.182550491009984,32.242226926591435,55.43187755122681
2026-01-06 10:25:00,D04,45.42438827691234,32.242226926591435,55.43187755122681
2026-01-06 10:25:00,D05,61.88300665944903,32.242226926591435,55.43187755122681
2026-01-06 10:30:00,D01,45.465877796709,32.57958141362856,55.93129626283717
2026-01-06 10:30:00,D02,61.50866337939371,32.57958141362856,55.93129626283717
2026-01-06 10:30:00,D03,45.107778626355845,32.57958141362856,55.93129626283717
2026-01-06 10:30:00,D04,44.08884697504521,32.57958141362856,55.93129626283717
2026-01-06 10:30:00,D05,62.261847143911226,32.57958141362856,55.93129626283717
2026-01-06 10:35:00,D01,43.57625620986308,31.048591836636206,56.36841230968346
2026-01-06 10:35:00,D02,60.11229754347414,31.048591836636206,56.36841230968346
2026-01-06 10:35:00,D03,44.59138737719185,31.048591836636206,56.36841230968346
2026-01-06 10:35:00,D04,45.170780525904114,31.048591836636206,56.36841230968346
2026-01-06 10:35:00,D05,65.50742246450471,31.048591836636206,56.36841230968346
2026-01-06 10:40:00,D01,40.45790633758355,31.734089978884985,55.320770133981696
2026-01-06 10:40:00,D02,55.560232627526915,31.734089978884985,55.320770133981696
2026-01-06 10:40:00,D03,40.5030297868676,31.734089978884985,55.320770133981696
2026-01-06 10:40:00,D04,41.846106074895395,31.734089978884985,55.320770133981696
2026-01-06 10:40:00,D05,61.545563771340056,31.734089978884985,55.320770133981696
2026-01-06 10:45:00,D01,43.65131960807488,31.087896834873483,55.37531842494027
2026-01-06 10:45:00,D02,57.03742509223018,31.087896834873483,55.37531842494027
2026-01-06 10:45:00,D03,43.14223768165376,31.087896834873483,55.37531842494027
2026-01-06 10:45:00,D04,42.28572223559393,31.087896834873483,55.37531842494027
2026-01-06 10:45:00,D05,63.17130698533303,31.087896834873483,55.37531842494027
2026-01-06 10:50:00,D01,43.282618824339096,31.420737315142603,55.142017741185775
2026-01-06 10:50:00,D02,60.11051137482218,31.420737315142603,55.142017741185775
2026-01-06 10:50:00,D03,46.086753758566545,31.420737315142603,55.142017741185775
2026-01-06 10:50:00,D04,46.13024388297156,31.420737315142603,55.142017741185775
2026-01-06 10:50:00,D05,64.91001320136219,31.420737315142603,55.142017741185775
2026-01-06 10:55:00,D01,40.683686519835845,31.341185780221355,56.85497575882313
2026-01-06 10:55:00,D02,54.476043970593025,31.341185780221355,56.85497575882313
2026-01-06 10:55:00,D03,39.989175308792674,31.341185780221355,56.85497575882313
2026-01-06 10:55:00,D04,40.87285746458006,31.341185780221355,56.85497575882313
2026-01-06 10:55:00,D05,62.24557915066984,31.341185780221355,56.85497575882313
2026-01-06 11:00:00,D01,42.373034481423936,32.449421134666125,55.968881677300566
2026-01-06 11:00:00,D02,58.702044965531655,32.449421134666125,55.968881677300566
2026-01-06 11:00:00,D03,43.44228209848602,32.449421134666125,55.968881677300566
2026-01-06 11:00:00,D04,43.760387090922585,32.449421134666125,55.968881677300566
2026-01-06 11:00:00,D05,62.412726460435714,32.449421134666125,55.968881677300566
2026-01-06 11:05:00,D01,39.159061571725644,31.658595510015424,55.61745460847343
2026-01-06 11:05:00,D02,56.773478813672185,31.658595510015424,55.61745460847343
2026-01-06 11:05:00,D03,41.34226927836364,31.658595510015424,55.61745460847343
2026-01-06 11:05:00,D04,38.7745341508538,31.658595510015424,55.61745460847343
2026-01-06 11:05:00,D05,137.01565843079678,31.658595510015424,55.61745460847343
2026-01-06 11:10:00,D01,42.29414527029478,32.41566970244667,53.330612347162244
2026-01-06 11:10:00,D02,58.10899982589048,32.41566970244667,53.330612347162244
2026-01-06 11:10:00,D03,40.97322902836924,32.41566970244667,53.330612347162244
2026-01-06 11:10:00,D04,44.20371630706257,32.41566970244667,53.330612347162244
2026-01-06 11:10:00,D05,62.63705749799233,32.41566970244667,53.330612347162244
2026-01-06 11:15:00,D01,41.147762947150405,32.20598684681041,54.624277581147965
2026-01-06 11:15:00,D02,57.271650294009,32.20598684681041,54.624277581147965
2026-01-06 11:15:00,D03,41.1896076557517,32.20598684681041,54.624277581147965
2026-01-06 11:15:00,D04,41.27322956609353,32.20598684681041,54.624277581147965
2026-01-06 11:15:00,D05,62.849603788220506,32.20598684681041,54.624277581147965
2026-01-06 11:20:00,D01,41.22813029276479,33.075858141113436,56.49992621038668
2026-01-06 11:20:00,D02,52.44775757133547,33.075858141113436,56.49992621038668
2026-01-06 11:20:00,D03,39.972054123461255,33.075858141113436,56.49992621038668
2026-01-06 11:20:00,D04,38.3198338801826,33.075858141113436,56.49992621038668
2026-01-06 11:20:00,D05,58.64559380749549,33.075858141113436,56.49992621038668
2026-01-06 11:25:00,D01,44.695168442885226,31.202085440768943,55.172929755008276
2026-01-06 11:25:00,D02,59.877380118001675,31.202085440768943,55.172929755008276
2026-01-06 11:25:00,D03,44.94325040442187,31.202085440768943,55.172929755008276
2026-01-06 11:25:00,D04,45.10991101814958,31.202085440768943,55.172929755008276
2026-01-06 11:25:00,D05,65.14394220277441,31.202085440768943,55.172929755008276
2026-01-06 11:30:00,D01,40.93781663039065,32.58684092676245,56.07484859064561
2026-01-06 11:30:00,D02,55.763091470925545,32.58684092676245,56.07484859064561
2026-01-06 11:30:00,D03,40.358523979531135,32.58684092676245,56.07484859064561
2026-01-06 11:30:00,D04,39.46933749552507,32.58684092676245,56.07484859064561
2026-01-06 11:30:00,D05,59.47956208967507,32.58684092676245,56.07484859064561
2026-01-06 11:35:00,D01,39.96015736132745,32.543502126311964,57.709204318268256
2026-01-06 11:35:00,D02,55.2043228099391,32.543502126311964,57.709204318268256
2026-01-06 11:35:00,D03,39.01956700138183,32.543502126311964,57.709204318268256
2026-01-06 11:35:00,D04,39.815953354099165,32.543502126311964,57.709204318268256
2026-01-06 11:35:00,D05,57.56016646363799,32.543502126311964,57.709204318268256
2026-01-06 11:40:00,D01,39.66643903353654,31.49428407144521,56.59596212289577
2026-01-06 11:40:00,D02,56.738250905711396,31.49428407144521,56.59596212289577
2026-01-06 11:40:00,D03,40.39087732295308,31.49428407144521,56.59596212289577
2026-01-06 11:40:00,D04,41.21882344275155,31.49428407144521,56.59596212289577
2026-01-06 11:40:00,D05,60.20242731191764,31.49428407144521,56.59596212289577
2026-01-06 11:45:00,D01,43.346263961482165,32.492861284429594,55.16114827416358
2026-01-06 11:45:00,D02,58.3508557646941,32.492861284429594,55.16114827416358
2026-01-06 11:45:00,D03,42.360090371916485,32.492861284429594,55.16114827416358
2026-01-06 11:45:00,D04,42.93230712388238,32.492861284429594,55.16114827416358
2026-01-06 11:45:00,D05,63.59142201834173,32.492861284429594,55.16114827416358
2026-01-06 11:50:00,D01,39.47747985020395,32.1633135894224,54.243034028887834
2026-01-06 11:50:00,D02,54.60868372001762,32.1633135894224,54.243034028887834
2026-01-06 11:50:00,D03,39.9525584565153,32.1633135894224,54.243034028887834
2026-01-06 11:50:00,D04,38.255090350444966,32.1633135894224,54.243034028887834
2026-01-06 11:50:00,D05,57.537721306742306,32.1633135894224,54.243034028887834
2026-01-06 11:55:00,D01,39.48810907600246,31.885072005422842,51.172055335117065
2026-01-06 11:55:00,D02,56.02485075738595,31.885072005422842,51.172055335117065
2026-01-06 11:55:00,D03,39.71306586088622,31.885072005422842,51.172055335117065
2026-01-06 11:55:00,D04,39.30533214826577,31.885072005422842,51.172055335117065
2026-01-06 11:55:00,D05,60.077068600107204,31.885072005422842,51.172055335117065
2026-01-06 12:00:00,D01,41.82295966782225,31.588032256514,54.74742261629072
2026-01-06 12:00:00,D02,56.89468923946211,31.588032256514,54.74742261629072
2026-01-06 12:00:00,D03,40.959055964900784,31.588032256514,54.74742261629072
2026-01-06 12:00:00,D04,41.4027761673412,31.588032256514,54.74742261629072
2026-01-06 12:00:00,D05,60.75700213357412,31.588032256514,54.74742261629072
2026-01-06 12:05:00,D01,41.872398574034776,31.639255409674952,54.513360985475636
2026-01-06 12:05:00,D02,57.115055107193555,31.639255409674952,54.513360985475636
2026-01-06 12:05:00,D03,40.41435471931895,31.639255409674952,54.513360985475636
2026-01-06 12:05:00,D04,41.80218416542252,31.639255409674952,54.513360985475636
2026-01-06 12:05:00,D05,62.64125846152463,31.639255409674952,54.513360985475636
2026-01-06 12:10:00,D01,41.76872928171475,33.02014715580225,55.59506707577449
2026-01-06 12:10:00,D02,56.78205200786781,33.02014715580225,55.59506707577449
2026-01-06 12:10:00,D03,40.75946326700011,33.02014715580225,55.59506707577449
2026-01-06 12:10:00,D04,39.33470182403549,33.02014715580225,55.59506707577449
2026-01-06 12:10:00,D05,60.473560547466846,33.02014715580225,55.59506707577449
2026-01-06 12:15:00,D01,38.19413001701833,31.98963602567176,54.790552927151936
2026-01-06 12:15:00,D02,55.040768169090626,31.98963602567176,54.790552927151936
2026-01-06 12:15:00,D03,38.07318674918551,31.98963602567176,54.790552927151936
2026-01-06 12:15:00,D04,38.16962435156751,31.98963602567176,54.790552927151936
2026-01-06 12:15:00,D05,,31.98963602567176,54.790552927151936
2026-01-06 12:20:00,D01,36.37565114895025,32.37203849122446,54.55747542992735
2026-01-06 12:20:00,D02,53.42791057487244,32.37203849122446,54.55747542992735
2026-01-06 12:20:00,D03,37.37566824107156,32.37203849122446,54.55747542992735
2026-01-06 12:20:00,D04,38.38625336844356,32.37203849122446,54.55747542992735
2026-01-06 12:20:00,D05,57.33347080041182,32.37203849122446,54.55747542992735
2026-01-06 12:25:00,D01,38.721990908200524,31.574832000277823,52.39033822201597
2026-01-06 12:25:00,D02,56.373753207034184,31.574832000277823,52.39033822201597
2026-01-06 12:25:00,D03,37.400236884530244,31.574832000277823,52.39033822201597
2026-01-06 12:25:00,D04,38.81983128588932,31.574832000277823,52.39033822201597
2026-01-06 12:25:00,D05,57.96732352775817,31.574832000277823,52.39033822201597
2026-01-06 12:30:00,D01,37.986031046991904,31.567297833758236,53.67559964253679
2026-01-06 12:30:00,D02,52.752366300006436,31.567297833758236,53.67559964253679
2026-01-06 12:30:00,D03,34.93709181762334,31.567297833758236,53.67559964253679
2026-01-06 12:30:00,D04,36.64305720237955,31.567297833758236,53.67559964253679
2026-01-06 12:30:00,D05,56.52010151537219,31.567297833758236,53.67559964253679
2026-01-06 12:35:00,D01,30.807659290269704,32.482799956963774,55.83136145652323
2026-01-06 12:35:00,D02,49.73259113533633,32.482799956963774,55.83136145652323
2026-01-06 12:35:00,D03,32.643738364433176,32.482799956963774,55.83136145652323
2026-01-06 12:35:00,D04,31.75446793052582,32.482799956963774,55.83136145652323
2026-01-06 12:35:00,D05,54.55125379255914,32.482799956963774,55.83136145652323
2026-01-06 12:40:00,D01,37.06826211621502,31.249250659285277,57.72578391657696
2026-01-06 12:40:00,D02,55.54506927377959,31.249250659285277,57.72578391657696
2026-01-06 12:40:00,D03,37.811480676448284,31.249250659285277,57.72578391657696
2026-01-06 12:40:00,D04,39.073165119922486,31.249250659285277,57.72578391657696
2026-01-06 12:40:00,D05,59.401731349479775,31.249250659285277,57.72578391657696
2026-01-06 12:45:00,D01,39.94636174094277,31.696319518063518,55.045859120349256
2026-01-06 12:45:00,D02,53.82646177513917,31.696319518063518,55.045859120349256
2026-01-06 12:45:00,D03,41.96205310134566,31.696319518063518,55.045859120349256
2026-01-06 12:45:00,D04,38.98078778320562,31.696319518063518,55.045859120349256
2026-01-06 12:45:00,D05,59.069815952787884,31.696319518063518,55.045859120349256
2026-01-06 12:50:00,D01,32.66714969676116,31.898493741135788,55.72875653916184
2026-01-06 12:50:00,D02,50.23591370322685,31.898493741135788,55.72875653916184
2026-01-06 12:50:00,D03,31.04821587742307,31.898493741135788,55.72875653916184
2026-01-06 12:50:00,D04,32.50476323282987,31.898493741135788,55.72875653916184
2026-01-06 12:50:00,D05,52.467809397501256,31.898493741135788,55.72875653916184
2026-01-06 12:55:00,D01,35.61140756049407,31.912396649986334,56.715296537296595
2026-01-06 12:55:00,D02,51.57012141734592,31.912396649986334,56.715296537296595
2026-01-06 12:55:00,D03,34.80350436865429,31.912396649986334,56.715296537296595
2026-01-06 12:55:00,D04,34.839498835644925,31.912396649986334,56.715296537296595
2026-01-06 12:55:00,D05,56.81139511742644,31.912396649986334,56.715296537296595
2026-01-06 13:00:00,D01,39.59542984222108,31.740082488937265,54.12440083280894
2026-01-06 13:00:00,D02,54.439354367081954,31.740082488937265,54.12440083280894
2026-01-06 13:00:00,D03,38.66681893825277,31.740082488937265,54.12440083280894
2026-01-06 13:00:00,D04,39.51340169665084,31.740082488937265,54.12440083280894
2026-01-06 13:00:00,D05,57.91911164717912,31.740082488937265,54.12440083280894
2026-01-06 13:05:00,D01,40.76413145299463,31.998159162477606,55.94972252106888
2026-01-06 13:05:00,D02,57.449165771913236,31.998159162477606,55.94972252106888
2026-01-06 13:05:00,D03,40.9515678613177,31.998159162477606,55.94972252106888
2026-01-06 13:05:00,D04,39.98711338254803,31.998159162477606,55.94972252106888
2026-01-06 13:05:00,D05,60.92979493569625,31.998159162477606,55.94972252106888
2026-01-06 13:10:00,D01,35.16152358937751,32.11501263165004,54.3520953330195
2026-01-06 13:10:00,D02,52.55058844197389,32.11501263165004,54.3520953330195
2026-01-06 13:10:00,D03,35.93038396364421,32.11501263165004,54.3520953330195
2026-01-06 13:10:00,D04,37.301211098104304,32.11501263165004,54.3520953330195
2026-01-06 13:10:00,D05,55.718868555350326,32.11501263165004,54.3520953330195
2026-01-06 13:15:00,D01,37.37408102171007,32.101969420205194,56.82793536278547
2026-01-06 13:15:00,D02,51.42759606683455,32.101969420205194,56.82793536278547
2026-01-06 13:15:00,D03,34.371671625014855,32.101969420205194,56.82793536278547
2026-01-06 13:15:00,D04,35.10647502669112,32.101969420205194,56.82793536278547
2026-01-06 13:15:00,D05,54.890368732775656,32.101969420205194,56.82793536278547
2026-01-06 13:20:00,D01,35.21677739709484,31.20556119959563,55.830178364068516
2026-01-06 13:20:00,D02,51.50302291843866,31.20556119959563,55.830178364068516
2026-01-06 13:20:00,D03,35.223351607034374,31.20556119959563,55.830178364068516
2026-01-06 13:20:00,D04,,31.20556119959563,55.830178364068516
2026-01-06 13:20:00,D05,,31.20556119959563,55.830178364068516
2026-01-06 13:25:00,D01,38.06633533344727,31.5179617974496,56.12759902814416
2026-01-06 13:25:00,D02,56.29046357275453,31.5179617974496,56.12759902814416
2026-01-06 13:25:00,D03,38.838650760639304,31.5179617974496,56.12759902814416
2026-01-06 13:25:00,D04,39.9048424400392,31.5179617974496,56.12759902814416
2026-01-06 13:25:00,D05,58.69237977355268,31.5179617974496,56.12759902814416
2026-01-06 13:30:00,D01,35.98495733182261,32.2167790934949,54.58730677875925
2026-01-06 13:30:00,D02,50.66839362135242,32.2167790934949,54.58730677875925
2026-01-06 13:30:00,D03,36.83316640761744,32.2167790934949,54.58730677875925
2026-01-06 13:30:00,D04,33.641271199494184,32.2167790934949,54.58730677875925
2026-01-06 13:30:00,D05,54.78180339140178,32.2167790934949,54.58730677875925
2026-01-06 13:35:00,D01,33.989659967070565,32.023880989384175,56.9074337482217
2026-01-06 13:35:00,D02,49.902235220575754,32.023880989384175,56.9074337482217
2026-01-06 13:35:00,D03,34.452086384670295,32.023880989384175,56.9074337482217
2026-01-06 13:35:00,D04,33.81362628157295,32.023880989384175,56.9074337482217
2026-01-06 13:35:00,D05,,32.023880989384175,56.9074337482217
2026-01-06 13:40:00,D01,34.74494048619413,30.84510920944272,59.06399151148002
2026-01-06 13:40:00,D02,49.80400005600842,30.84510920944272,59.06399151148002
2026-01-06 13:40:00,D03,35.99123082761646,30.84510920944272,59.06399151148002
2026-01-06 13:40:00,D04,34.794417265199385,30.84510920944272,59.06399151148002
2026-01-06 13:40:00,D05,126.27339930483814,30.84510920944272,59.06399151148002
2026-01-06 13:45:00,D01,34.15324600535292,31.66010365783955,54.519405041530796
2026-01-06 13:45:00,D02,49.86975276225266,31.66010365783955,54.519405041530796
2026-01-06 13:45:00,D03,34.17743222712075,31.66010365783955,54.519405041530796
2026-01-06 13:45:00,D04,33.109729761638654,31.66010365783955,54.519405041530796
2026-01-06 13:45:00,D05,55.715785770150916,31.66010365783955,54.519405041530796
2026-01-06 13:50:00,D01,36.71143760274926,30.4459415412037,55.6202531567465
2026-01-06 13:50:00,D02,51.75540824988842,30.4459415412037,55.6202531567465
2026-01-06 13:50:00,D03,36.74171689762148,30.4459415412037,55.6202531567465
2026-01-06 13:50:00,D04,36.53612783226007,30.4459415412037,55.6202531567465
2026-01-06 13:50:00,D05,55.4194457165284,30.4459415412037,55.6202531567465
2026-01-06 13:55:00,D01,38.10600853456352,31.407101229567722,56.580143654177064
2026-01-06 13:55:00,D02,54.778266049859525,31.407101229567722,56.580143654177064
2026-01-06 13:55:00,D03,35.639504925151705,31.407101229567722,56.580143654177064
2026-01-06 13:55:00,D04,38.609411152297184,31.407101229567722,56.580143654177064
2026-01-06 13:55:00,D05,112.30159750742705,31.407101229567722,56.580143654177064
2026-01-06 14:00:00,D01,37.16611055214637,32.27901052729519,57.51935528014932
2026-01-06 14:00:00,D02,50.57920442547632,32.27901052729519,57.51935528014932
2026-01-06 14:00:00,D03,35.341700525083844,32.27901052729519,57.51935528014932
2026-01-06 14:00:00,D04,35.45281259651935,32.27901052729519,57.51935528014932
2026-01-06 14:00:00,D05,54.794447455547825,32.27901052729519,57.51935528014932
2026-01-06 14:05:00,D01,32.17176056540746,30.80061299473024,55.61156186533633
2026-01-06 14:05:00,D02,48.67660254039273,30.80061299473024,55.61156186533633
2026-01-06 14:05:00,D03,35.61469583729298,30.80061299473024,55.61156186533633
2026-01-06 14:05:00,D04,35.288457782525775,30.80061299473024,55.61156186533633
2026-01-06 14:05:00,D05,54.32206295523652,30.80061299473024,55.61156186533633
2026-01-06 14:10:00,D01,34.803168615653775,30.79979570631864,52.31654010665703
2026-01-06 14:10:00,D02,50.64912156458194,30.79979570631864,52.31654010665703
2026-01-06 14:10:00,D03,33.47164555595136,30.79979570631864,52.31654010665703
2026-01-06 14:10:00,D04,32.8660229909,30.79979570631864,52.31654010665703
2026-01-06 14:10:00,D05,53.747930414655514,30.79979570631864,52.31654010665703
2026-01-06 14:15:00,D01,30.478388494393002,31.539362952299157,58.72408811822058
2026-01-06 14:15:00,D02,48.792632355974504,31.539362952299157,58.72408811822058
2026-01-06 14:15:00,D03,33.08038921728027,31.539362952299157,58.72408811822058
2026-01-06 14:15:00,D04,31.05240337708121,31.539362952299157,58.72408811822058
2026-01-06 14:15:00,D05,,31.539362952299157,58.72408811822058
2026-01-06 14:20:00,D01,37.40272650739188,30.32435946384014,57.949238736486286
2026-01-06 14:20:00,D02,51.00410156839399,30.32435946384014,57.949238736486286
2026-01-06 14:20:00,D03,37.51434534455165,30.32435946384014,57.949238736486286
2026-01-06 14:20:00,D04,36.278454355339925,30.32435946384014,57.949238736486286
2026-01-06 14:20:00,D05,57.08325165700469,30.32435946384014,57.949238736486286
2026-01-06 14:25:00,D01,34.07327360116912,30.71584550639489,54.321132661595186
2026-01-06 14:25:00,D02,51.530595964212935,30.71584550639489,54.321132661595186
2026-01-06 14:25:00,D03,33.46209840621112,30.71584550639489,54.321132661595186
2026-01-06 14:25:00,D04,33.78991459198301,30.71584550639489,54.321132661595186
2026-01-06 14:25:00,D05,55.10206989080086,30.71584550639489,54.321132661595186
2026-01-06 14:30:00,D01,32.87852055072212,31.264987270247047,56.15511340941832
2026-01-06 14:30:00,D02,49.85518805809321,31.264987270247047,56.15511340941832
2026-01-06 14:30:00,D03,33.04826236368517,31.264987270247047,56.15511340941832
2026-01-06 14:30:00,D04,30.44682063100538,31.264987270247047,56.15511340941832
2026-01-06 14:30:00,D05,53.65653482988185,31.264987270247047,56.15511340941832
2026-01-06 14:35:00,D01,40.78982150687078,30.582279491619715,59.55342881336215
2026-01-06 14:35:00,D02,56.14969418423628,30.582279491619715,59.55342881336215
2026-01-06 14:35:00,D03,39.11337457149468,30.582279491619715,59.55342881336215
2026-01-06 14:35:00,D04,40.46600402420807,30.582279491619715,59.55342881336215
2026-01-06 14:35:00,D05,62.20404983226224,30.582279491619715,59.55342881336215
2026-01-06 14:40:00,D01,35.062818067073216,30.712237221989415,59.511250196496995
2026-01-06 14:40:00,D02,49.811783256570806,30.712237221989415,59.511250196496995
2026-01-06 14:40:00,D03,33.54003548800217,30.712237221989415,59.511250196496995
2026-01-06 14:40:00,D04,34.67235731617684,30.712237221989415,59.511250196496995
2026-01-06 14:40:00,D05,55.023042912426135,30.712237221989415,59.511250196496995
2026-01-06 14:45:00,D01,32.544853871667556,31.131291892552408,58.88956195922864
2026-01-06 14:45:00,D02,46.56806952094719,31.131291892552408,58.88956195922864
2026-01-06 14:45:00,D03,30.670370684639998,31.131291892552408,58.88956195922864
2026-01-06 14:45:00,D04,30.890411781519884,31.131291892552408,58.88956195922864
2026-01-06 14:45:00,D05,50.53545870181213,31.131291892552408,58.88956195922864
2026-01-06 14:50:00,D01,31.361686491799247,30.897159725818906,57.363057980958956
2026-01-06 14:50:00,D02,49.438664597232844,30.897159725818906,57.363057980958956
2026-01-06 14:50:00,D03,32.82019391186532,30.897159725818906,57.363057980958956
2026-01-06 14:50:00,D04,30.208407444981297,30.897159725818906,57.363057980958956
2026-01-06 14:50:00,D05,54.00830357754166,30.897159725818906,57.363057980958956
2026-01-06 14:55:00,D01,34.89774373694875,30.745229008446483,57.9008415076212
2026-01-06 14:55:00,D02,50.67563340732182,30.745229008446483,57.9008415076212
2026-01-06 14:55:00,D03,33.9257143672244,30.745229008446483,57.9008415076212
2026-01-06 14:55:00,D04,34.704025277693,30.745229008446483,57.9008415076212
2026-01-06 14:55:00,D05,55.4628571689447,30.745229008446483,57.9008415076212
2026-01-06 15:00:00,D01,33.15140017208868,30.365972766297713,57.73254348044535
2026-01-06 15:00:00,D02,48.455070799973754,30.365972766297713,57.73254348044535
2026-01-06 15:00:00,D03,33.75920602540033,30.365972766297713,57.73254348044535
2026-01-06 15:00:00,D04,32.95199107735961,30.365972766297713,57.73254348044535
2026-01-06 15:00:00,D05,54.39319285006907,30.365972766297713,57.73254348044535
2026-01-06 15:05:00,D01,29.858544770117682,30.64259583654582,59.77722911708057
2026-01-06 15:05:00,D02,46.9810607574686,30.64259583654582,59.77722911708057
2026-01-06 15:05:00,D03,30.527883119667994,30.64259583654582,59.77722911708057
2026-01-06 15:05:00,D04,29.789273313000006,30.64259583654582,59.77722911708057
2026-01-06 15:05:00,D05,48.95865884053332,30.64259583654582,59.77722911708057
2026-01-06 15:10:00,D01,35.21542997648753,30.316084698028433,56.93033431410071
2026-01-06 15:10:00,D02,48.681956637504,30.316084698028433,56.93033431410071
2026-01-06 15:10:00,D03,32.80448009586526,30.316084698028433,56.93033431410071
2026-01-06 15:10:00,D04,32.49857804358781,30.316084698028433,56.93033431410071
2026-01-06 15:10:00,D05,54.518537775134554,30.316084698028433,56.93033431410071
2026-01-06 15:15:00,D01,29.130412521625665,30.52563188046325,57.19784236667297
2026-01-06 15:15:00,D02,45.73089708490331,30.52563188046325,57.19784236667297
2026-01-06 15:15:00,D03,32.69513236046061,30.52563188046325,57.19784236667297
2026-01-06 15:15:00,D04,31.34853212029362,30.52563188046325,57.19784236667297
2026-01-06 15:15:00,D05,52.03174564708563,30.52563188046325,57.19784236667297
2026-01-06 15:20:00,D01,36.42047817579883,29.96547203587371,60.087535783388624
2026-01-06 15:20:00,D02,52.1871235774891,29.96547203587371,60.087535783388624
2026-01-06 15:20:00,D03,36.59976041566055,29.96547203587371,60.087535783388624
2026-01-06 15:20:00,D04,37.11502786077234,29.96547203587371,60.087535783388624
2026-01-06 15:20:00,D05,56.47900434307182,29.96547203587371,60.087535783388624
2026-01-06 15:25:00,D01,34.071269946063836,30.03833287373053,58.67422309489206
2026-01-06 15:25:00,D02,50.78356798756984,30.03833287373053,58.67422309489206
2026-01-06 15:25:00,D03,35.11094932194535,30.03833287373053,58.67422309489206
2026-01-06 15:25:00,D04,35.31805792797634,30.03833287373053,58.67422309489206
2026-01-06 15:25:00,D05,54.37313131814994,30.03833287373053,58.67422309489206
2026-01-06 15:30:00,D01,30.333322189386212,29.548828248767602,60.980086743093494
2026-01-06 15:30:00,D02,47.79551527011626,29.548828248767602,60.980086743093494
2026-01-06 15:30:00,D03,30.413157604227393,29.548828248767602,60.980086743093494
2026-01-06 15:30:00,D04,32.393666153466164,29.548828248767602,60.980086743093494
2026-01-06 15:30:00,D05,,29.548828248767602,60.980086743093494
2026-01-06 15:35:00,D01,33.7550999030258,29.939044436814804,58.07963520589334
2026-01-06 15:35:00,D02,50.344671562088976,29.939044436814804,58.07963520589334
2026-01-06 15:35:00,D03,35.11996579926852,29.939044436814804,58.07963520589334
2026-01-06 15:35:00,D04,33.28461304119699,29.939044436814804,58.07963520589334
2026-01-06 15:35:00,D05,53.94384131958948,29.939044436814804,58.07963520589334
2026-01-06 15:40:00,D01,31.72965291364691,29.462381749940803,59.182068095981315
2026-01-06 15:40:00,D02,50.633369179809044,29.462381749940803,59.182068095981315
2026-01-06 15:40:00,D03,33.07058402788694,29.462381749940803,59.182068095981315
2026-01-06 15:40:00,D04,32.82325288633405,29.462381749940803,59.182068095981315
2026-01-06 15:40:00,D05,51.16549830416615,29.462381749940803,59.182068095981315
2026-01-06 15:45:00,D01,29.789766122759477,29.220827940017024,58.06067819253803
2026-01-06 15:45:00,D02,49.3316931597683,29.220827940017024,58.06067819253803
2026-01-06 15:45:00,D03,33.29224282821432,29.220827940017024,58.06067819253803
2026-01-06 15:45:00,D04,32.45703064942844,29.220827940017024,58.06067819253803
2026-01-06 15:45:00,D05,51.74037801817015,29.220827940017024,58.06067819253803
2026-01-06 15:50:00,D01,31.834261605668534,29.815828615661825,59.638047938667086
2026-01-06 15:50:00,D02,48.483425073985146,29.815828615661825,59.638047938667086
2026-01-06 15:50:00,D03,34.537473635708444,29.815828615661825,59.638047938667086
2026-01-06 15:50:00,D04,33.324791130123074,29.815828615661825,59.638047938667086
2026-01-06 15:50:00,D05,52.049456349024496,29.815828615661825,59.638047938667086
2026-01-06 15:55:00,D01,28.882353158642502,29.70023617873144,57.59444701289658
2026-01-06 15:55:00,D02,45.14976692241537,29.70023617873144,57.59444701289658
2026-01-06 15:55:00,D03,29.802232618201735,29.70023617873144,57.59444701289658
2026-01-06 15:55:00,D04,29.020816625711067,29.70023617873144,57.59444701289658
2026-01-06 15:55:00,D05,51.85261518374152,29.70023617873144,57.59444701289658
2026-01-06 16:00:00,D01,30.58542950684331,29.89143686747429,59.26854986856755
2026-01-06 16:00:00,D02,46.375064280294865,29.89143686747429,59.26854986856755
2026-01-06 16:00:00,D03,31.19343209797316,29.89143686747429,59.26854986856755
2026-01-06 16:00:00,D04,30.404669423450297,29.89143686747429,59.26854986856755
2026-01-06 16:00:00,D05,51.45840393638688,29.89143686747429,59.26854986856755
2026-01-06 16:05:00,D01,32.48712739557674,29.189381059809392,58.035731513413936
2026-01-06 16:05:00,D02,50.11605203469979,29.189381059809392,58.035731513413936
2026-01-06 16:05:00,D03,33.58566288534592,29.189381059809392,58.035731513413936
2026-01-06 16:05:00,D04,34.82784108995483,29.189381059809392,58.035731513413936
2026-01-06 16:05:00,D05,52.71801832245867,29.189381059809392,58.035731513413936
2026-01-06 16:10:00,D01,30.245227203834247,29.512769489593552,61.423398717436534
2026-01-06 16:10:00,D02,47.88228134141661,29.512769489593552,61.423398717436534
2026-01-06 16:10:00,D03,31.045862536861602,29.512769489593552,61.423398717436534
2026-01-06 16:10:00,D04,31.393277332973103,29.512769489593552,61.423398717436534
2026-01-06 16:10:00,D05,50.14497282264266,29.512769489593552,61.423398717436534
2026-01-06 16:15:00,D01,31.76625228585044,29.486842237231834,61.651997107449475
2026-01-06 16:15:00,D02,44.96297923493999,29.486842237231834,61.651997107449475
2026-01-06 16:15:00,D03,28.55264339055437,29.486842237231834,61.651997107449475
2026-01-06 16:15:00,D04,29.301699300825536,29.486842237231834,61.651997107449475
2026-01-06 16:15:00,D05,,29.486842237231834,61.651997107449475
2026-01-06 16:20:00,D01,30.021028490750222,29.335478212619307,58.17842328686646
2026-01-06 16:20:00,D02,45.01889503208282,29.335478212619307,58.17842328686646
2026-01-06 16:20:00,D03,29.39773070915016,29.335478212619307,58.17842328686646
2026-01-06 16:20:00,D04,27.88779291569803,29.335478212619307,58.17842328686646
2026-01-06 16:20:00,D05,50.08049574106636,29.335478212619307,58.17842328686646
2026-01-06 16:25:00,D01,32.596354739935926,28.60090660789263,62.97336171966346
2026-01-06 16:25:00,D02,48.38892590861799,28.60090660789263,62.97336171966346
2026-01-06 16:25:00,D03,30.959108238735205,28.60090660789263,62.97336171966346
2026-01-06 16:25:00,D04,32.47042370790923,28.60090660789263,62.97336171966346
2026-01-06 16:25:00,D05,52.40925523644578,28.60090660789263,62.97336171966346
2026-01-06 16:30:00,D01,34.38638208296258,28.98809890296106,64.91928836597886
2026-01-06 16:30:00,D02,51.731376564097,28.98809890296106,64.91928836597886
2026-01-06 16:30:00,D03,34.03985620759574,28.98809890296106,64.91928836597886
2026-01-06 16:30:00,D04,36.205722357328696,28.98809890296106,64.91928836597886
2026-01-06 16:30:00,D05,54.4967166231022,28.98809890296106,64.91928836597886
2026-01-06 16:35:00,D01,29.087887757953116,28.99426033944584,61.444629197267496
2026-01-06 16:35:00,D02,44.81939421090969,28.99426033944584,61.444629197267496
2026-01-06 16:35:00,D03,30.288958663129442,28.99426033944584,61.444629197267496
2026-01-06 16:35:00,D04,28.974654968193562,28.99426033944584,61.444629197267496
2026-01-06 16:35:00,D05,48.28319865882058,28.99426033944584,61.444629197267496
2026-01-06 16:40:00,D01,30.41761490503285,28.71368995008232,60.61812717640634
2026-01-06 16:40:00,D02,47.47185230777289,28.71368995008232,60.61812717640634
2026-01-06 16:40:00,D03,30.437742457424093,28.71368995008232,60.61812717640634
2026-01-06 16:40:00,D04,30.140339737547237,28.71368995008232,60.61812717640634
2026-01-06 16:40:00,D05,52.080194039089825,28.71368995008232,60.61812717640634
2026-01-06 16:45:00,D01,33.15904660520287,27.56395849733027,66.02210123347294
2026-01-06 16:45:00,D02,48.834017114020995,27.56395849733027,66.02210123347294
2026-01-06 16:45:00,D03,32.35183798490431,27.56395849733027,66.02210123347294
2026-01-06 16:45:00,D04,33.39700986614669,27.56395849733027,66.02210123347294
2026-01-06 16:45:00,D05,55.23932587425004,27.56395849733027,66.02210123347294
2026-01-06 16:50:00,D01,30.71323305377286,28.5837738095081,60.01448925750352
2026-01-06 16:50:00,D02,48.15921989172432,28.5837738095081,60.01448925750352
2026-01-06 16:50:00,D03,29.94441608191744,28.5837738095081,60.01448925750352
2026-01-06 16:50:00,D04,30.735991841503807,28.5837738095081,60.01448925750352
2026-01-06 16:50:00,D05,49.77914287775468,28.5837738095081,60.01448925750352
2026-01-06 16:55:00,D01,30.70725146021925,29.50541058985359,62.23186955999371
2026-01-06 16:55:00,D02,48.60456545931192,29.50541058985359,62.23186955999371
2026-01-06 16:55:00,D03,30.00379481971827,29.50541058985359,62.23186955999371
2026-01-06 16:55:00,D04,31.214689397305577,29.50541058985359,62.23186955999371
2026-01-06 16:55:00,D05,,29.50541058985359,62.23186955999371
2026-01-06 17:00:00,D01,29.708957785258757,28.114075591134124,62.68124295792265
2026-01-06 17:00:00,D02,43.18864475975535,28.114075591134124,62.68124295792265
2026-01-06 17:00:00,D03,29.64983914901182,28.114075591134124,62.68124295792265
2026-01-06 17:00:00,D04,27.294674041322345,28.114075591134124,62.68124295792265
2026-01-06 17:00:00,D05,,28.114075591134124,62.68124295792265
2026-01-06 17:05:00,D01,30.983063356684752,27.82439091270322,64.64086250741687
2026-01-06 17:05:00,D02,46.39563387248355,27.82439091270322,64.64086250741687
2026-01-06 17:05:00,D03,30.44751275211617,27.82439091270322,64.64086250741687
2026-01-06 17:05:00,D04,32.20693206244577,27.82439091270322,64.64086250741687
2026-01-06 17:05:00,D05,100.68490574951352,27.82439091270322,64.64086250741687
2026-01-06 17:10:00,D01,30.48111196505123,28.26887234954621,63.37521232330916
2026-01-06 17:10:00,D02,45.15329863131493,28.26887234954621,63.37521232330916
2026-01-06 17:10:00,D03,30.392051332735235,28.26887234954621,63.37521232330916
2026-01-06 17:10:00,D04,31.741037547769995,28.26887234954621,63.37521232330916
2026-01-06 17:10:00,D05,51.41485097895715,28.26887234954621,63.37521232330916
2026-01-06 17:15:00,D01,33.61920766658472,28.131640715313928,62.30114593615603
2026-01-06 17:15:00,D02,49.18897169916688,28.131640715313928,62.30114593615603
2026-01-06 17:15:00,D03,33.51971390153775,28.131640715313928,62.30114593615603
2026-01-06 17:15:00,D04,33.59016200584559,28.131640715313928,62.30114593615603
2026-01-06 17:15:00,D05,52.4455637417183,28.131640715313928,62.30114593615603
2026-01-06 17:20:00,D01,33.55834834758261,28.464608471042865,61.836741667748754
2026-01-06 17:20:00,D02,47.599286905845545,28.464608471042865,61.836741667748754
2026-01-06 17:20:00,D03,32.026541891792704,28.464608471042865,61.836741667748754
2026-01-06 17:20:00,D04,30.35552919332042,28.464608471042865,61.836741667748754
2026-01-06 17:20:00,D05,54.88147894075962,28.464608471042865,61.836741667748754
2026-01-06 17:25:00,D01,33.8865930766691,27.131682852995148,62.966033407731615
2026-01-06 17:25:00,D02,51.331733502719786,27.131682852995148,62.966033407731615
2026-01-06 17:25:00,D03,35.827534611632416,27.131682852995148,62.966033407731615
2026-01-06 17:25:00,D04,36.45149422048033,27.131682852995148,62.966033407731615
2026-01-06 17:25:00,D05,56.95554678216557,27.131682852995148,62.966033407731615
2026-01-06 17:30:00,D01,31.689713627698936,28.018321087387765,62.184347036381745
2026-01-06 17:30:00,D02,48.076693344986715,28.018321087387765,62.184347036381745
2026-01-06 17:30:00,D03,30.21473167778462,28.018321087387765,62.184347036381745
2026-01-06 17:30:00,D04,31.823017465889208,28.018321087387765,62.184347036381745
2026-01-06 17:30:00,D05,,28.018321087387765,62.184347036381745
2026-01-06 17:35:00,D01,31.561748645401792,27.839545404885566,63.98306923115736
2026-01-06 17:35:00,D02,47.03196009058826,27.839545404885566,63.98306923115736
2026-01-06 17:35:00,D03,33.15679882005483,27.839545404885566,63.98306923115736
2026-01-06 17:35:00,D04,30.053747978719528,27.839545404885566,63.98306923115736
2026-01-06 17:35:00,D05,,27.839545404885566,63.98306923115736
2026-01-06 17:40:00,D01,31.31868464439797,27.364705445268033,63.282148302732665
2026-01-06 17:40:00,D02,47.082731470456125,27.364705445268033,63.282148302732665
2026-01-06 17:40:00,D03,31.363201756853844,27.364705445268033,63.282148302732665
2026-01-06 17:40:00,D04,,27.364705445268033,63.282148302732665
2026-01-06 17:40:00,D05,49.946532835093116,27.364705445268033,63.282148302732665
2026-01-06 17:45:00,D01,28.201783347877964,27.496359305111557,62.10491201776395
2026-01-06 17:45:00,D02,44.65622336146269,27.496359305111557,62.10491201776395
2026-01-06 17:45:00,D03,29.122471743231788,27.496359305111557,62.10491201776395
2026-01-06 17:45:00,D04,29.201441329710494,27.496359305111557,62.10491201776395
2026-01-06 17:45:00,D05,49.43226400173165,27.496359305111557,62.10491201776395
2026-01-06 17:50:00,D01,30.02945023408748,27.732825677625858,66.44652480890899
2026-01-06 17:50:00,D02,47.698213293633565,27.732825677625858,66.44652480890899
2026-01-06 17:50:00,D03,29.913651740215844,27.732825677625858,66.44652480890899
2026-01-06 17:50:00,D04,31.050167034972432,27.732825677625858,66.44652480890899
2026-01-06 17:50:00,D05,52.0782620720116,27.732825677625858,66.44652480890899
2026-01-06 17:55:00,D01,30.406135144664475,27.545232115187037,64.03534236451083
2026-01-06 17:55:00,D02,45.225164023891026,27.545232115187037,64.03534236451083
2026-01-06 17:55:00,D03,29.297580356083227,27.545232115187037,64.03534236451083
2026-01-06 17:55:00,D04,28.304722018449624,27.545232115187037,64.03534236451083
2026-01-06 17:55:00,D05,50.19081733622991,27.545232115187037,64.03534236451083
2026-01-06 18:00:00,D01,29.575161581856584,26.428490343963144,63.097794792537016
2026-01-06 18:00:00,D02,46.44902684389811,26.428490343963144,63.097794792537016
2026-01-06 18:00:00,D03,29.99693823018771,26.428490343963144,63.097794792537016
2026-01-06 18:00:00,D04,31.569179434917658,26.428490343963144,63.097794792537016
2026-01-06 18:00:00,D05,52.9953516932202,26.428490343963144,63.097794792537016
2026-01-06 18:05:00,D01,32.33787874375251,27.301004668204946,64.9657601486143
2026-01-06 18:05:00,D02,49.321956652392295,27.301004668204946,64.9657601486143
2026-01-06 18:05:00,D03,34.59051935441634,27.301004668204946,64.9657601486143
2026-01-06 18:05:00,D04,33.845594238290836,27.301004668204946,64.9657601486143
2026-01-06 18:05:00,D05,51.9739407283737,27.301004668204946,64.9657601486143
2026-01-06 18:10:00,D01,29.57230846312411,26.749558760657074,65.53875122260483
2026-01-06 18:10:00,D02,44.556086557535124,26.749558760657074,65.53875122260483
2026-01-06 18:10:00,D03,26.770897931407237,26.749558760657074,65.53875122260483
2026-01-06 18:10:00,D04,,26.749558760657074,65.53875122260483
2026-01-06 18:10:00,D05,48.53418661038073,26.749558760657074,65.53875122260483
2026-01-06 18:15:00,D01,32.25336863948726,26.709421402857057,63.03433120393286
2026-01-06 18:15:00,D02,48.79164914958244,26.709421402857057,63.03433120393286
2026-01-06 18:15:00,D03,32.43596931316226,26.709421402857057,63.03433120393286
2026-01-06 18:15:00,D04,30.928352856077318,26.709421402857057,63.03433120393286
2026-01-06 18:15:00,D05,,26.709421402857057,63.03433120393286
2026-01-06 18:20:00,D01,31.945509015928437,26.60081978176257,66.36902892816519
2026-01-06 18:20:00,D02,48.39808313079297,26.60081978176257,66.36902892816519
2026-01-06 18:20:00,D03,32.65394508712857,26.60081978176257,66.36902892816519
2026-01-06 18:20:00,D04,32.410207686213006,26.60081978176257,66.36902892816519
2026-01-06 18:20:00,D05,52.95170048604436,26.60081978176257,66.36902892816519
2026-01-06 18:25:00,D01,28.94568220693174,26.380544131341047,64.51793239548425
2026-01-06 18:25:00,D02,46.010102509915555,26.380544131341047,64.51793239548425
2026-01-06 18:25:00,D03,29.705889263449777,26.380544131341047,64.51793239548425
2026-01-06 18:25:00,D04,30.546992449255548,26.380544131341047,64.51793239548425
2026-01-06 18:25:00,D05,50.47314484516063,26.380544131341047,64.51793239548425
2026-01-06 18:30:00,D01,26.17456091782989,26.943222787453276,68.87180513598669
2026-01-06 18:30:00,D02,42.340303094714486,26.943222787453276,68.87180513598669
2026-01-06 18:30:00,D03,25.73322493330636,26.943222787453276,68.87180513598669
2026-01-06 18:30:00,D04,26.499582569954242,26.943222787453276,68.87180513598669
2026-01-06 18:30:00,D05,45.78525228794615,26.943222787453276,68.87180513598669
2026-01-06 18:35:00,D01,27.567592912656316,26.197524089125814,67.30717463001426
2026-01-06 18:35:00,D02,44.031859161911854,26.197524089125814,67.30717463001426
2026-01-06 18:35:00,D03,28.784670111013043,26.197524089125814,67.30717463001426
2026-01-06 18:35:00,D04,28.201711782854616,26.197524089125814,67.30717463001426
2026-01-06 18:35:00,D05,50.49140270911999,26.197524089125814,67.30717463001426
2026-01-06 18:40:00,D01,32.498575599103724,25.571986047473768,66.13663179150532
2026-01-06 18:40:00,D02,48.79950762894483,25.571986047473768,66.13663179150532
2026-01-06 18:40:00,D03,33.61897762933224,25.571986047473768,66.13663179150532
2026-01-06 18:40:00,D04,32.19352086509942,25.571986047473768,66.13663179150532
2026-01-06 18:40:00,D05,55.14248505154626,25.571986047473768,66.13663179150532
2026-01-06 18:45:00,D01,30.479641606359948,25.8277834619345,65.83315156468524
2026-01-06 18:45:00,D02,47.060145540973494,25.8277834619345,65.83315156468524
2026-01-06 18:45:00,D03,30.75539551786236,25.8277834619345,65.83315156468524
2026-01-06 18:45:00,D04,29.421595109092802,25.8277834619345,65.83315156468524
2026-01-06 18:45:00,D05,100.68813046440536,25.8277834619345,65.83315156468524
2026-01-06 18:50:00,D01,29.53758528475851,26.007149288714718,67.0069445780356
2026-01-06 18:50:00,D02,43.496979009248875,26.007149288714718,67.0069445780356
2026-01-06 18:50:00,D03,28.657347075583626,26.007149288714718,67.0069445780356
2026-01-06 18:50:00,D04,27.955547049927862,26.007149288714718,67.0069445780356
2026-01-06 18:50:00,D05,50.30131416851771,26.007149288714718,67.0069445780356
2026-01-06 18:55:00,D01,29.94457753978094,26.42617793051767,68.29604503563664
2026-01-06 18:55:00,D02,46.97951681820122,26.42617793051767,68.29604503563664
2026-01-06 18:55:00,D03,26.243040097265673,26.42617793051767,68.29604503563664
2026-01-06 18:55:00,D04,28.79034021366402,26.42617793051767,68.29604503563664
2026-01-06 18:55:00,D05,52.47620344011699,26.42617793051767,68.29604503563664
2026-01-06 19:00:00,D01,31.307916672136237,26.00745211696181,67.54994925814741
2026-01-06 19:00:00,D02,49.847426318226944,26.00745211696181,67.54994925814741
2026-01-06 19:00:00,D03,32.32177666428158,26.00745211696181,67.54994925814741
2026-01-06 19:00:00,D04,31.35305157179643,26.00745211696181,67.54994925814741
2026-01-06 19:00:00,D05,52.906490068210566,26.00745211696181,67.54994925814741
2026-01-06 19:05:00,D01,32.6713879101072,25.175587290471533,67.4725519296046
2026-01-06 19:05:00,D02,46.813574840404726,25.175587290471533,67.4725519296046
2026-01-06 19:05:00,D03,29.837329232373396,25.175587290471533,67.4725519296046
2026-01-06 19:05:00,D04,31.355350912894533,25.175587290471533,67.4725519296046
2026-01-06 19:05:00,D05,51.58953966078306,25.175587290471533,67.4725519296046
2026-01-06 19:10:00,D01,29.685451256630856,26.73906596081808,68.09461343126958
2026-01-06 19:10:00,D02,47.91826830936247,26.73906596081808,68.09461343126958
2026-01-06 19:10:00,D03,30.63128645731416,26.73906596081808,68.09461343126958
2026-01-06 19:10:00,D04,,26.73906596081808,68.09461343126958
2026-01-06 19:10:00,D05,50.13239042083714,26.73906596081808,68.09461343126958
2026-01-06 19:15:00,D01,28.561346859370158,25.52519032897319,67.30860625617618
2026-01-06 19:15:00,D02,46.23907623315408,25.52519032897319,67.30860625617618
2026-01-06 19:15:00,D03,31.271547248990082,25.52519032897319,67.30860625617618
2026-01-06 19:15:00,D04,30.884102703800114,25.52519032897319,67.30860625617618
2026-01-06 19:15:00,D05,50.22126696162982,25.52519032897319,67.30860625617618
2026-01-06 19:20:00,D01,29.64751613478781,25.92759465237119,67.90539254299208
2026-01-06 19:20:00,D02,46.83360555196964,25.92759465237119,67.90539254299208
2026-01-06 19:20:00,D03,28.89331838146473,25.92759465237119,67.90539254299208
2026-01-06 19:20:00,D04,28.038285238955453,25.92759465237119,67.90539254299208
2026-01-06 19:20:00,D05,50.99438282593361,25.92759465237119,67.90539254299208
2026-01-06 19:25:00,D01,30.273270139320708,25.11195259179289,65.4956917244795
2026-01-06 19:25:00,D02,44.94390894311872,25.11195259179289,65.4956917244795
2026-01-06 19:25:00,D03,28.5733202158323,25.11195259179289,65.4956917244795
2026-01-06 19:25:00,D04,30.054364251292757,25.11195259179289,65.4956917244795
2026-01-06 19:25:00,D05,49.16450248148799,25.11195259179289,65.4956917244795
2026-01-06 19:30:00,D01,34.15719610389095,25.353262460527272,70.28742366992947
2026-01-06 19:30:00,D02,51.530385496437404,25.353262460527272,70.28742366992947
2026-01-06 19:30:00,D03,33.39260034877303,25.353262460527272,70.28742366992947
2026-01-06 19:30:00,D04,33.24464031978606,25.353262460527272,70.28742366992947
2026-01-06 19:30:00,D05,54.68132790731585,25.353262460527272,70.28742366992947
2026-01-06 19:35:00,D01,30.214766134712633,25.40600080296553,69.47566356907
2026-01-06 19:35:00,D02,47.233648462928784,25.40600080296553,69.47566356907
2026-01-06 19:35:00,D03,31.437676046139647,25.40600080296553,69.47566356907
2026-01-06 19:35:00,D04,32.062750995719206,25.40600080296553,69.47566356907
2026-01-06 19:35:00,D05,50.02798024408701,25.40600080296553,69.47566356907
2026-01-06 19:40:00,D01,35.008450815987324,25.49600604717363,68.06599885135685
2026-01-06 19:40:00,D02,49.19232164669679,25.49600604717363,68.06599885135685
2026-01-06 19:40:00,D03,33.466267056556546,25.49600604717363,68.06599885135685
2026-01-06 19:40:00,D04,34.04443620556769,25.49600604717363,68.06599885135685
2026-01-06 19:40:00,D05,53.708490291580176,25.49600604717363,68.06599885135685
2026-01-06 19:45:00,D01,32.64254984146358,25.31724070159409,72.2709893742229
2026-01-06 19:45:00,D02,49.5538639788753,25.31724070159409,72.2709893742229
2026-01-06 19:45:00,D03,35.80223406908434,25.31724070159409,72.2709893742229
2026-01-06 19:45:00,D04,34.621242849094834,25.31724070159409,72.2709893742229
2026-01-06 19:45:00,D05,54.468139959629625,25.31724070159409,72.2709893742229
2026-01-06 19:50:00,D01,31.8409143504609,25.12735543386132,69.74801085293892
2026-01-06 19:50:00,D02,48.321297877939685,25.12735543386132,69.74801085293892
2026-01-06 19:50:00,D03,33.54026766746106,25.12735543386132,69.74801085293892
2026-01-06 19:50:00,D04,33.022498807852855,25.12735543386132,69.74801085293892
2026-01-06 19:50:00,D05,53.90968406311816,25.12735543386132,69.74801085293892
2026-01-06 19:55:00,D01,28.753645346521978,24.437512789806014,68.25567233123108
2026-01-06 19:55:00,D02,47.22244600086945,24.437512789806014,68.25567233123108
2026-01-06 19:55:00,D03,30.61194199812463,24.437512789806014,68.25567233123108
2026-01-06 19:55:00,D04,32.43251590770184,24.437512789806014,68.25567233123108
2026-01-06 19:55:00,D05,49.74551937228452,24.437512789806014,68.25567233123108
2026-01-06 20:00:00,D01,32.519854329308885,24.21412697902199,71.28510613220564
2026-01-06 20:00:00,D02,49.39461551986911,24.21412697902199,71.28510613220564
2026-01-06 20:00:00,D03,32.215412925431664,24.21412697902199,71.28510613220564
2026-01-06 20:00:00,D04,32.11660104882523,24.21412697902199,71.28510613220564
2026-01-06 20:00:00,D05,52.661022797031194,24.21412697902199,71.28510613220564
2026-01-06 20:05:00,D01,31.568983207603804,24.5724374643595,70.78480490636909
2026-01-06 20:05:00,D02,48.73831928284132,24.5724374643595,70.78480490636909
2026-01-06 20:05:00,D03,32.220482179746014,24.5724374643595,70.78480490636909
2026-01-06 20:05:00,D04,32.91418750120996,24.5724374643595,70.78480490636909
2026-01-06 20:05:00,D05,52.044091235811266,24.5724374643595,70.78480490636909
2026-01-06 20:10:00,D01,31.301418187690654,24.780065994436413,70.96486606169458
2026-01-06 20:10:00,D02,46.335489807689356,24.780065994436413,70.96486606169458
2026-01-06 20:10:00,D03,28.020995622165536,24.780065994436413,70.96486606169458
2026-01-06 20:10:00,D04,29.184148933060445,24.780065994436413,70.96486606169458
2026-01-06 20:10:00,D05,50.81194478495447,24.780065994436413,70.96486606169458
2026-01-06 20:15:00,D01,32.577497517554534,24.110788484513698,69.91706892321861
2026-01-06 20:15:00,D02,47.88174062495191,24.110788484513698,69.91706892321861
2026-01-06 20:15:00,D03,32.41936639593827,24.110788484513698,69.91706892321861
2026-01-06 20:15:00,D04,33.050616092596904,24.110788484513698,69.91706892321861
2026-01-06 20:15:00,D05,54.613455899820494,24.110788484513698,69.91706892321861
2026-01-06 20:20:00,D01,29.04624281531116,24.66470380110196,71.4115079491775
2026-01-06 20:20:00,D02,45.48296537527784,24.66470380110196,71.4115079491775
2026-01-06 20:20:00,D03,29.3803535310625,24.66470380110196,71.4115079491775
2026-01-06 20:20:00,D04,,24.66470380110196,71.4115079491775
2026-01-06 20:20:00,D05,50.24235209999246,24.66470380110196,71.4115079491775
2026-01-06 20:25:00,D01,34.31270760712641,24.76976013092518,70.52045904830419
2026-01-06 20:25:00,D02,52.18782713003405,24.76976013092518,70.52045904830419
2026-01-06 20:25:00,D03,35.03633156140607,24.76976013092518,70.52045904830419
2026-01-06 20:25:00,D04,33.46293922024284,24.76976013092518,70.52045904830419
2026-01-06 20:25:00,D05,53.99936217838949,24.76976013092518,70.52045904830419
2026-01-06 20:30:00,D01,31.25493942095185,23.498032395419703,71.92152646755594
2026-01-06 20:30:00,D02,47.387094753027284,23.498032395419703,71.92152646755594
2026-01-06 20:30:00,D03,30.949530396616854,23.498032395419703,71.92152646755594
2026-01-06 20:30:00,D04,31.62849217103205,23.498032395419703,71.92152646755594
2026-01-06 20:30:00,D05,52.18741927893167,23.498032395419703,71.92152646755594
2026-01-06 20:35:00,D01,30.9317132074887,23.45192228718157,68.40181804082462
2026-01-06 20:35:00,D02,49.49130898494747,23.45192228718157,68.40181804082462
2026-01-06 20:35:00,D03,31.564740046654194,23.45192228718157,68.40181804082462
2026-01-06 20:35:00,D04,31.897099557024326,23.45192228718157,68.40181804082462
2026-01-06 20:35:00,D05,52.82520764001181,23.45192228718157,68.40181804082462
2026-01-06 20:40:00,D01,35.61646295623742,23.71587442211463,70.77706590239661
2026-01-06 20:40:00,D02,48.58482326008942,23.71587442211463,70.77706590239661
2026-01-06 20:40:00,D03,32.91348198682223,23.71587442211463,70.77706590239661
2026-01-06 20:40:00,D04,33.33579388940568,23.71587442211463,70.77706590239661
2026-01-06 20:40:00,D05,53.114384226154144,23.71587442211463,70.77706590239661
2026-01-06 20:45:00,D01,32.48366299590398,23.857077258594263,74.17669079771296
2026-01-06 20:45:00,D02,49.06464301333554,23.857077258594263,74.17669079771296
2026-01-06 20:45:00,D03,30.880951448933725,23.857077258594263,74.17669079771296
2026-01-06 20:45:00,D04,33.857780495832415,23.857077258594263,74.17669079771296
2026-01-06 20:45:00,D05,52.623206362113706,23.857077258594263,74.17669079771296
2026-01-06 20:50:00,D01,34.01062254287186,23.35976545503817,70.60530089305615
2026-01-06 20:50:00,D02,50.117123221557286,23.35976545503817,70.60530089305615
2026-01-06 20:50:00,D03,31.875352022261787,23.35976545503817,70.60530089305615
2026-01-06 20:50:00,D04,32.86719510405422,23.35976545503817,70.60530089305615
2026-01-06 20:50:00,D05,54.24889962674132,23.35976545503817,70.60530089305615
2026-01-06 20:55:00,D01,32.44171705043596,24.218536060522236,71.00937311158289
2026-01-06 20:55:00,D02,49.6573848866329,24.218536060522236,71.00937311158289
2026-01-06 20:55:00,D03,32.553675547642875,24.218536060522236,71.00937311158289
2026-01-06 20:55:00,D04,31.98256107827509,24.218536060522236,71.00937311158289
2026-01-06 20:55:00,D05,51.741658831748346,24.218536060522236,71.00937311158289
2026-01-06 21:00:00,D01,35.38093776363557,23.67649952482649,71.39912580419052
2026-01-06 21:00:00,D02,52.23912915426819,23.67649952482649,71.39912580419052
2026-01-06 21:00:00,D03,35.25058835574364,23.67649952482649,71.39912580419052
2026-01-06 21:00:00,D04,33.83705552504479,23.67649952482649,71.39912580419052
2026-01-06 21:00:00,D05,,23.67649952482649,71.39912580419052
2026-01-06 21:05:00,D01,30.252356596181357,23.407903713821593,70.40143041676458
2026-01-06 21:05:00,D02,46.701174358433946,23.407903713821593,70.40143041676458
2026-01-06 21:05:00,D03,30.860001025677363,23.407903713821593,70.40143041676458
2026-01-06 21:05:00,D04,30.263628768266024,23.407903713821593,70.40143041676458
2026-01-06 21:05:00,D05,51.85357152543988,23.407903713821593,70.40143041676458
2026-01-06 21:10:00,D01,32.86561594669552,22.595658554015134,69.06035220375882
2026-01-06 21:10:00,D02,50.18408883722628,22.595658554015134,69.06035220375882
2026-01-06 21:10:00,D03,34.79978550488203,22.595658554015134,69.06035220375882
2026-01-06 21:10:00,D04,34.11808343472489,22.595658554015134,69.06035220375882
2026-01-06 21:10:00,D05,54.55476228814844,22.595658554015134,69.06035220375882
2026-01-06 21:15:00,D01,37.88385053343755,22.582893054391363,72.17251847700435
2026-01-06 21:15:00,D02,53.55710494702559,22.582893054391363,72.17251847700435
2026-01-06 21:15:00,D03,36.61936795681193,22.582893054391363,72.17251847700435
2026-01-06 21:15:00,D04,36.98623155666445,22.582893054391363,72.17251847700435
2026-01-06 21:15:00,D05,57.3214893391488,22.582893054391363,72.17251847700435
2026-01-06 21:20:00,D01,31.957172094454904,23.31028240954601,72.86423356731227
2026-01-06 21:20:00,D02,46.98577495564147,23.31028240954601,72.86423356731227
2026-01-06 21:20:00,D03,30.1403471111522,23.31028240954601,72.86423356731227
2026-01-06 21:20:00,D04,33.14537523631904,23.31028240954601,72.86423356731227
2026-01-06 21:20:00,D05,51.75321321741521,23.31028240954601,72.86423356731227
2026-01-06 21:25:00,D01,31.575385238020317,22.03427977145818,72.72008722812082
2026-01-06 21:25:00,D02,48.37150536413819,22.03427977145818,72.72008722812082
2026-01-06 21:25:00,D03,32.31524556030168,22.03427977145818,72.72008722812082
2026-01-06 21:25:00,D04,32.86861896908119,22.03427977145818,72.72008722812082
2026-01-06 21:25:00,D05,53.56312071192056,22.03427977145818,72.72008722812082
2026-01-06 21:30:00,D01,36.359237020597874,23.53955200336586,72.71621555999053
2026-01-06 21:30:00,D02,51.99201675183977,23.53955200336586,72.71621555999053
2026-01-06 21:30:00,D03,34.5927011095247,23.53955200336586,72.71621555999053
2026-01-06 21:30:00,D04,33.61678981178048,23.53955200336586,72.71621555999053
2026-01-06 21:30:00,D05,55.02002297298105,23.53955200336586,72.71621555999053
2026-01-06 21:35:00,D01,34.73941911656637,22.888700056476427,73.12900734895041
2026-01-06 21:35:00,D02,51.63485015167396,22.888700056476427,73.12900734895041
2026-01-06 21:35:00,D03,33.603771363473314,22.888700056476427,73.12900734895041
2026-01-06 21:35:00,D04,34.76586161517654,22.888700056476427,73.12900734895041
2026-01-06 21:35:00,D05,54.628677746364644,22.888700056476427,73.12900734895041
2026-01-06 21:40:00,D01,35.69531519730427,24.52578626335242,74.72578265021605
2026-01-06 21:40:00,D02,51.987492870142916,24.52578626335242,74.72578265021605
2026-01-06 21:40:00,D03,34.88564668154884,24.52578626335242,74.72578265021605
2026-01-06 21:40:00,D04,36.42661368645847,24.52578626335242,74.72578265021605
2026-01-06 21:40:00,D05,55.48628827277017,24.52578626335242,74.72578265021605
2026-01-06 21:45:00,D01,36.81459281777922,23.99661006379533,73.02902684413162
2026-01-06 21:45:00,D02,52.004313565966974,23.99661006379533,73.02902684413162
2026-01-06 21:45:00,D03,34.811066783894724,23.99661006379533,73.02902684413162
2026-01-06 21:45:00,D04,35.96508614187755,23.99661006379533,73.02902684413162
2026-01-06 21:45:00,D05,55.55503308165575,23.99661006379533,73.02902684413162
2026-01-06 21:50:00,D01,35.91833567482017,22.692318236311827,72.57279059249792
2026-01-06 21:50:00,D02,53.72281370751528,22.692318236311827,72.57279059249792
2026-01-06 21:50:00,D03,34.0604415702985,22.692318236311827,72.57279059249792
2026-01-06 21:50:00,D04,36.15720789826133,22.692318236311827,72.57279059249792
2026-01-06 21:50:00,D05,57.113804955062506,22.692318236311827,72.57279059249792
2026-01-06 21:55:00,D01,37.34861910929135,22.672272145369615,73.12743047939733
2026-01-06 21:55:00,D02,53.998434813319776,22.672272145369615,73.12743047939733
2026-01-06 21:55:00,D03,36.59049041151347,22.672272145369615,73.12743047939733
2026-01-06 21:55:00,D04,36.7341350962839,22.672272145369615,73.12743047939733
2026-01-06 21:55:00,D05,57.8530225642573,22.672272145369615,73.12743047939733
2026-01-06 22:00:00,D01,36.6296645523631,23.167663738078815,74.52927417747956
2026-01-06 22:00:00,D02,53.4360425067172,23.167663738078815,74.52927417747956
2026-01-06 22:00:00,D03,34.68326214715313,23.167663738078815,74.52927417747956
2026-01-06 22:00:00,D04,35.722610592866104,23.167663738078815,74.52927417747956
2026-01-06 22:00:00,D05,58.36531841040255,23.167663738078815,74.52927417747956
2026-01-06 22:05:00,D01,33.98273591776898,23.467952526421485,75.88530787488993
2026-01-06 22:05:00,D02,49.85689879244343,23.467952526421485,75.88530787488993
2026-01-06 22:05:00,D03,34.93924507317995,23.467952526421485,75.88530787488993
2026-01-06 22:05:00,D04,,23.467952526421485,75.88530787488993
2026-01-06 22:05:00,D05,54.69961885753219,23.467952526421485,75.88530787488993
2026-01-06 22:10:00,D01,36.78171293290108,21.745931305390883,72.92789272302845
2026-01-06 22:10:00,D02,49.73826349982632,21.745931305390883,72.92789272302845
2026-01-06 22:10:00,D03,36.07162651181442,21.745931305390883,72.92789272302845
2026-01-06 22:10:00,D04,34.28172204600397,21.745931305390883,72.92789272302845
2026-01-06 22:10:00,D05,59.04468967089301,21.745931305390883,72.92789272302845
2026-01-06 22:15:00,D01,39.50242555425155,21.622448559659215,74.11712809587021
2026-01-06 22:15:00,D02,56.60359303514072,21.622448559659215,74.11712809587021
2026-01-06 22:15:00,D03,40.48850844174145,21.622448559659215,74.11712809587021
2026-01-06 22:15:00,D04,39.84057549561793,21.622448559659215,74.11712809587021
2026-01-06 22:15:00,D05,60.79287479135491,21.622448559659215,74.11712809587021
2026-01-06 22:20:00,D01,34.55249133814447,22.15744366203957,74.57061403327043
2026-01-06 22:20:00,D02,51.036637834121265,22.15744366203957,74.57061403327043
2026-01-06 22:20:00,D03,37.11241595709573,22.15744366203957,74.57061403327043
2026-01-06 22:20:00,D04,36.505247733372556,22.15744366203957,74.57061403327043
2026-01-06 22:20:00,D05,58.19067173956343,22.15744366203957,74.57061403327043
2026-01-06 22:25:00,D01,36.34111128074519,22.7148113959897,72.66424778110124
2026-01-06 22:25:00,D02,50.7738019456858,22.7148113959897,72.66424778110124
2026-01-06 22:25:00,D03,34.702855865083215,22.7148113959897,72.66424778110124
2026-01-06 22:25:00,D04,33.27554482109447,22.7148113959897,72.66424778110124
2026-01-06 22:25:00,D05,56.582307896852726,22.7148113959897,72.66424778110124
2026-01-06 22:30:00,D01,36.980033571430646,22.62903913269736,74.26942107593226
2026-01-06 22:30:00,D02,55.05793468853864,22.62903913269736,74.26942107593226
2026-01-06 22:30:00,D03,36.83630083293973,22.62903913269736,74.26942107593226
2026-01-06 22:30:00,D04,38.61981063743639,22.62903913269736,74.26942107593226
2026-01-06 22:30:00,D05,,22.62903913269736,74.26942107593226
2026-01-06 22:35:00,D01,34.83675338556859,22.874846381077937,72.12156790681483
2026-01-06 22:35:00,D02,54.70488816462414,22.874846381077937,72.12156790681483
2026-01-06 22:35:00,D03,37.64005328813479,22.874846381077937,72.12156790681483
2026-01-06 22:35:00,D04,36.48846889298081,22.874846381077937,72.12156790681483
2026-01-06 22:35:00,D05,55.95427779562014,22.874846381077937,72.12156790681483
2026-01-06 22:40:00,D01,33.54868605041881,21.701688131887803,71.74335075224998
2026-01-06 22:40:00,D02,49.62701185892435,21.701688131887803,71.74335075224998
2026-01-06 22:40:00,D03,33.810179925088995,21.701688131887803,71.74335075224998
2026-01-06 22:40:00,D04,33.04475668049187,21.701688131887803,71.74335075224998
2026-01-06 22:40:00,D05,53.3276053510469,21.701688131887803,71.74335075224998
2026-01-06 22:45:00,D01,39.19371495206579,21.10727742104004,75.01942090678943
2026-01-06 22:45:00,D02,55.64878911764608,21.10727742104004,75.01942090678943
2026-01-06 22:45:00,D03,38.49923921257719,21.10727742104004,75.01942090678943
2026-01-06 22:45:00,D04,,21.10727742104004,75.01942090678943
2026-01-06 22:45:00,D05,57.756905933260285,21.10727742104004,75.01942090678943
2026-01-06 22:50:00,D01,34.89632081556863,22.660422343909943,73.96135739548609
2026-01-06 22:50:00,D02,53.7716837355739,22.660422343909943,73.96135739548609
2026-01-06 22:50:00,D03,37.24521179338494,22.660422343909943,73.96135739548609
2026-01-06 22:50:00,D04,36.461922539531734,22.660422343909943,73.96135739548609
2026-01-06 22:50:00,D05,57.8474536749914,22.660422343909943,73.96135739548609
2026-01-06 22:55:00,D01,37.62793231018346,21.785652591587738,74.90391915529112
2026-01-06 22:55:00,D02,54.41147338812428,21.785652591587738,74.90391915529112
2026-01-06 22:55:00,D03,36.46896815703509,21.785652591587738,74.90391915529112
2026-01-06 22:55:00,D04,35.85904786489018,21.785652591587738,74.90391915529112
2026-01-06 22:55:00,D05,58.4501254069578,21.785652591587738,74.90391915529112
2026-01-06 23:00:00,D01,39.54362065511017,21.161126936360343,74.63241579737814
2026-01-06 23:00:00,D02,54.65035128164055,21.161126936360343,74.63241579737814
2026-01-06 23:00:00,D03,36.20952427526327,21.161126936360343,74.63241579737814
2026-01-06 23:00:00,D04,37.06151386835137,21.161126936360343,74.63241579737814
2026-01-06 23:00:00,D05,58.76715448576063,21.161126936360343,74.63241579737814
2026-01-06 23:05:00,D01,37.97387737869942,22.215821523913387,73.24882062513691
2026-01-06 23:05:00,D02,56.11779998937975,22.215821523913387,73.24882062513691
2026-01-06 23:05:00,D03,37.24385599767481,22.215821523913387,73.24882062513691
2026-01-06 23:05:00,D04,38.43528744478466,22.215821523913387,73.24882062513691
2026-01-06 23:05:00,D05,58.85730783574532,22.215821523913387,73.24882062513691
2026-01-06 23:10:00,D01,41.85333039497159,22.51510780850967,74.69507861825282
2026-01-06 23:10:00,D02,55.196866548150176,22.51510780850967,74.69507861825282
2026-01-06 23:10:00,D03,40.98380836094177,22.51510780850967,74.69507861825282
2026-01-06 23:10:00,D04,39.02491331449794,22.51510780850967,74.69507861825282
2026-01-06 23:10:00,D05,59.54752521964259,22.51510780850967,74.69507861825282
2026-01-06 23:15:00,D01,35.45406222783098,22.03504503192321,72.95820084651002
2026-01-06 23:15:00,D02,54.56340596568667,22.03504503192321,72.95820084651002
2026-01-06 23:15:00,D03,35.687044115087545,22.03504503192321,72.95820084651002
2026-01-06 23:15:00,D04,35.59741318582728,22.03504503192321,72.95820084651002
2026-01-06 23:15:00,D05,58.473669754270745,22.03504503192321,72.95820084651002
2026-01-06 23:20:00,D01,39.983553273541915,21.847037041847713,76.93453606712418
2026-01-06 23:20:00,D02,54.814120323313254,21.847037041847713,76.93453606712418
2026-01-06 23:20:00,D03,39.289251101614305,21.847037041847713,76.93453606712418
2026-01-06 23:20:00,D04,39.63722662395417,21.847037041847713,76.93453606712418
2026-01-06 23:20:00,D05,59.63772991169442,21.847037041847713,76.93453606712418
2026-01-06 23:25:00,D01,39.12620111915399,21.97851133158824,72.84965958738766
2026-01-06 23:25:00,D02,55.24550249652838,21.97851133158824,72.84965958738766
2026-01-06 23:25:00,D03,37.9938166762732,21.97851133158824,72.84965958738766
2026-01-06 23:25:00,D04,36.684920769145954,21.97851133158824,72.84965958738766
2026-01-06 23:25:00,D05,59.274918765210614,21.97851133158824,72.84965958738766
2026-01-06 23:30:00,D01,41.06370294117968,21.85748431193056,74.62077070728523
2026-01-06 23:30:00,D02,57.457160095739425,21.85748431193056,74.62077070728523
2026-01-06 23:30:00,D03,39.65938479560662,21.85748431193056,74.62077070728523
2026-01-06 23:30:00,D04,,21.85748431193056,74.62077070728523
2026-01-06 23:30:00,D05,61.89022408355453,21.85748431193056,74.62077070728523
2026-01-06 23:35:00,D01,39.93771049286078,21.355694752918318,73.37715600015231
2026-01-06 23:35:00,D02,58.92025815412581,21.355694752918318,73.37715600015231
2026-01-06 23:35:00,D03,39.69854461966932,21.355694752918318,73.37715600015231
2026-01-06 23:35:00,D04,37.9659387606601,21.355694752918318,73.37715600015231
2026-01-06 23:35:00,D05,62.169264133364905,21.355694752918318,73.37715600015231
2026-01-06 23:40:00,D01,36.967123686423086,21.661686171046057,75.81757874095864
2026-01-06 23:40:00,D02,52.804253806009825,21.661686171046057,75.81757874095864
2026-01-06 23:40:00,D03,37.329814302670435,21.661686171046057,75.81757874095864
2026-01-06 23:40:00,D04,37.3102433826854,21.661686171046057,75.81757874095864
2026-01-06 23:40:00,D05,59.092613297048715,21.661686171046057,75.81757874095864
2026-01-06 23:45:00,D01,41.96207811113585,22.27134533631389,74.48144217546377
2026-01-06 23:45:00,D02,58.03863385352481,22.27134533631389,74.48144217546377
2026-01-06 23:45:00,D03,40.955770598113865,22.27134533631389,74.48144217546377
2026-01-06 23:45:00,D04,,22.27134533631389,74.48144217546377
2026-01-06 23:45:00,D05,62.62170636569739,22.27134533631389,74.48144217546377
2026-01-06 23:50:00,D01,39.3076337227706,22.165598162778963,74.21248213638675
2026-01-06 23:50:00,D02,56.44607531033536,22.165598162778963,74.21248213638675
2026-01-06 23:50:00,D03,37.069820738950604,22.165598162778963,74.21248213638675
2026-01-06 23:50:00,D04,,22.165598162778963,74.21248213638675
2026-01-06 23:50:00,D05,60.35037726232065,22.165598162778963,74.21248213638675
2026-01-06 23:55:00,D01,42.00044018249907,22.085219767583865,76.27742258837642
2026-01-06 23:55:00,D02,58.87472320856935,22.085219767583865,76.27742258837642
2026-01-06 23:55:00,D03,41.61299868916016,22.085219767583865,76.27742258837642
2026-01-06 23:55:00,D04,40.99508254135077,22.085219767583865,76.27742258837642
2026-01-06 23:55:00,D05,62.959881426428595,22.085219767583865,76.27742258837642
2026-01-07 00:00:00,D01,41.77463251759606,21.50242575907331,75.04414588751632
2026-01-07 00:00:00,D02,58.06624444240816,21.50242575907331,75.04414588751632
2026-01-07 00:00:00,D03,41.807941209247645,21.50242575907331,75.04414588751632
2026-01-07 00:00:00,D04,41.747407434582165,21.50242575907331,75.04414588751632
2026-01-07 00:00:00,D05,62.3005992527483,21.50242575907331,75.04414588751632
2026-01-07 00:05:00,D01,42.87564624686914,21.91043828353262,75.77258693970305
2026-01-07 00:05:00,D02,60.09967082355797,21.91043828353262,75.77258693970305
2026-01-07 00:05:00,D03,44.76408872258929,21.91043828353262,75.77258693970305
2026-01-07 00:05:00,D04,44.6618536172351,21.91043828353262,75.77258693970305
2026-01-07 00:05:00,D05,64.31966839432513,21.91043828353262,75.77258693970305
2026-01-07 00:10:00,D01,39.76149092978607,20.91622636886928,73.51849331104238
2026-01-07 00:10:00,D02,56.56965944171157,20.91622636886928,73.51849331104238
2026-01-07 00:10:00,D03,39.17952644151989,20.91622636886928,73.51849331104238
2026-01-07 00:10:00,D04,38.92150980674677,20.91622636886928,73.51849331104238
2026-01-07 00:10:00,D05,,20.91622636886928,73.51849331104238
2026-01-07 00:15:00,D01,39.015381767941285,22.099943715749678,72.87136381649478
2026-01-07 00:15:00,D02,58.38158014749425,22.099943715749678,72.87136381649478
2026-01-07 00:15:00,D03,38.704169784687366,22.099943715749678,72.87136381649478
2026-01-07 00:15:00,D04,39.22806584308798,22.099943715749678,72.87136381649478
2026-01-07 00:15:00,D05,61.68978035042602,22.099943715749678,72.87136381649478
2026-01-07 00:20:00,D01,40.446605439614935,22.73345536344806,75.12275892397764
2026-01-07 00:20:00,D02,57.97227601946576,22.73345536344806,75.12275892397764
2026-01-07 00:20:00,D03,40.5485303335463,22.73345536344806,75.12275892397764
2026-01-07 00:20:00,D04,40.488198632204856,22.73345536344806,75.12275892397764
2026-01-07 00:20:00,D05,62.80789095637111,22.73345536344806,75.12275892397764
2026-01-07 00:25:00,D01,41.497530074665335,21.292652242867348,74.4622938489811
2026-01-07 00:25:00,D02,58.05866143482676,21.292652242867348,74.4622938489811
2026-01-07 00:25:00,D03,42.05010069264669,21.292652242867348,74.4622938489811
2026-01-07 00:25:00,D04,40.41477775772841,21.292652242867348,74.4622938489811
2026-01-07 00:25:00,D05,61.36248830495178,21.292652242867348,74.4622938489811
2026-01-07 00:30:00,D01,43.0131296468098,21.74981185647207,75.85410062241903
2026-01-07 00:30:00,D02,60.000875511452016,21.74981185647207,75.85410062241903
2026-01-07 00:30:00,D03,43.550743805044114,21.74981185647207,75.85410062241903
2026-01-07 00:30:00,D04,42.70869194367844,21.74981185647207,75.85410062241903
2026-01-07 00:30:00,D05,65.59303058817156,21.74981185647207,75.85410062241903
2026-01-07 00:35:00,D01,40.89547180817575,22.22274583701626,74.76375242568379
2026-01-07 00:35:00,D02,54.32637080223279,22.22274583701626,74.76375242568379
2026-01-07 00:35:00,D03,38.992577321820214,22.22274583701626,74.76375242568379
2026-01-07 00:35:00,D04,39.01672347537349,22.22274583701626,74.76375242568379
2026-01-07 00:35:00,D05,62.028077411224615,22.22274583701626,74.76375242568379
2026-01-07 00:40:00,D01,39.82252330556626,22.7023825521527,75.15569053897403
2026-01-07 00:40:00,D02,57.793696595220766,22.7023825521527,75.15569053897403
2026-01-07 00:40:00,D03,40.51897389016204,22.7023825521527,75.15569053897403
2026-01-07 00:40:00,D04,39.86306893702537,22.7023825521527,75.15569053897403
2026-01-07 00:40:00,D05,62.921093812794794,22.7023825521527,75.15569053897403
2026-01-07 00:45:00,D01,39.874989257582605,21.87196128983377,72.37277900912045
2026-01-07 00:45:00,D02,57.55922455061725,21.87196128983377,72.37277900912045
2026-01-07 00:45:00,D03,40.23606393952146,21.87196128983377,72.37277900912045
2026-01-07 00:45:00,D04,39.20264735552577,21.87196128983377,72.37277900912045
2026-01-07 00:45:00,D05,,21.87196128983377,72.37277900912045
2026-01-07 00:50:00,D01,44.17119424276841,21.77239479976738,77.59561548062072
2026-01-07 00:50:00,D02,63.621268508089926,21.77239479976738,77.59561548062072
2026-01-07 00:50:00,D03,44.18561987094177,21.77239479976738,77.59561548062072
2026-01-07 00:50:00,D04,43.152558535531114,21.77239479976738,77.59561548062072
2026-01-07 00:50:00,D05,65.19528327673592,21.77239479976738,77.59561548062072
2026-01-07 00:55:00,D01,45.160276975565615,21.15882807972565,74.46705772058456
2026-01-07 00:55:00,D02,62.0430501944822,21.15882807972565,74.46705772058456
2026-01-07 00:55:00,D03,46.46039256507352,21.15882807972565,74.46705772058456
2026-01-07 00:55:00,D04,44.98219157666902,21.15882807972565,74.46705772058456
2026-01-07 00:55:00,D05,68.16059913086059,21.15882807972565,74.46705772058456
2026-01-07 01:00:00,D01,42.32145540157267,22.222089933208718,75.70563871839947
2026-01-07 01:00:00,D02,60.4723363991706,22.222089933208718,75.70563871839947
2026-01-07 01:00:00,D03,41.833125909732246,22.222089933208718,75.70563871839947
2026-01-07 01:00:00,D04,42.709285041768915,22.222089933208718,75.70563871839947
2026-01-07 01:00:00,D05,64.64624567195116,22.222089933208718,75.70563871839947
2026-01-07 01:05:00,D01,43.58843472104158,23.220788748142226,73.34636103852985
2026-01-07 01:05:00,D02,58.42949975022543,23.220788748142226,73.34636103852985
2026-01-07 01:05:00,D03,41.04618368256361,23.220788748142226,73.34636103852985
2026-01-07 01:05:00,D04,,23.220788748142226,73.34636103852985
2026-01-07 01:05:00,D05,62.947982569604676,23.220788748142226,73.34636103852985
2026-01-07 01:10:00,D01,43.261132989396856,22.3700944772412,74.99918436080829
2026-01-07 01:10:00,D02,60.59483146958733,22.3700944772412,74.99918436080829
2026-01-07 01:10:00,D03,43.87015925589341,22.3700944772412,74.99918436080829
2026-01-07 01:10:00,D04,45.22747657937822,22.3700944772412,74.99918436080829
2026-01-07 01:10:00,D05,64.51785693928122,22.3700944772412,74.99918436080829
2026-01-07 01:15:00,D01,44.74469152836454,22.25420986293262,72.51503414966393
2026-01-07 01:15:00,D02,63.814905986269,22.25420986293262,72.51503414966393
2026-01-07 01:15:00,D03,46.77588936399724,22.25420986293262,72.51503414966393
2026-01-07 01:15:00,D04,45.53790791262549,22.25420986293262,72.51503414966393
2026-01-07 01:15:00,D05,67.8250135233539,22.25420986293262,72.51503414966393
2026-01-07 01:20:00,D01,40.640410544396886,22.462578051453946,75.07502796524861
2026-01-07 01:20:00,D02,56.8035337460495,22.462578051453946,75.07502796524861
2026-01-07 01:20:00,D03,40.44726322551949,22.462578051453946,75.07502796524861
2026-01-07 01:20:00,D04,41.75422556431375,22.462578051453946,75.07502796524861
2026-01-07 01:20:00,D05,62.30693851790924,22.462578051453946,75.07502796524861
2026-01-07 01:25:00,D01,43.65091645664075,22.334414651611706,73.78611756624925
2026-01-07 01:25:00,D02,61.216285129648114,22.334414651611706,73.78611756624925
2026-01-07 01:25:00,D03,44.923039830722495,22.334414651611706,73.78611756624925
2026-01-07 01:25:00,D04,42.30008216595199,22.334414651611706,73.78611756624925
2026-01-07 01:25:00,D05,,22.334414651611706,73.78611756624925
2026-01-07 01:30:00,D01,45.85109301762661,21.974095151313495,74.28258108101625
2026-01-07 01:30:00,D02,62.54404466306889,21.974095151313495,74.28258108101625
2026-01-07 01:30:00,D03,47.45799529660392,21.974095151313495,74.28258108101625
2026-01-07 01:30:00,D04,44.43917008277124,21.974095151313495,74.28258108101625
2026-01-07 01:30:00,D05,66.8460758454751,21.974095151313495,74.28258108101625
2026-01-07 01:35:00,D01,46.22324177394326,22.835082562241613,75.20007583638962
2026-01-07 01:35:00,D02,61.66764831238031,22.835082562241613,75.20007583638962
2026-01-07 01:35:00,D03,45.02740903670987,22.835082562241613,75.20007583638962
2026-01-07 01:35:00,D04,43.90825381790905,22.835082562241613,75.20007583638962
2026-01-07 01:35:00,D05,66.3053373348859,22.835082562241613,75.20007583638962
2026-01-07 01:40:00,D01,43.264857209238016,22.581341826372633,72.21426740353608
2026-01-07 01:40:00,D02,62.3404344333849,22.581341826372633,72.21426740353608
2026-01-07 01:40:00,D03,43.78734366586271,22.581341826372633,72.21426740353608
2026-01-07 01:40:00,D04,44.072315190465474,22.581341826372633,72.21426740353608
2026-01-07 01:40:00,D05,64.72342967531787,22.581341826372633,72.21426740353608
2026-01-07 01:45:00,D01,46.10515280943553,22.524442918303382,72.9419898194077
2026-01-07 01:45:00,D02,64.90546628258063,22.524442918303382,72.9419898194077
2026-01-07 01:45:00,D03,46.54799776085105,22.524442918303382,72.9419898194077
2026-01-07 01:45:00,D04,44.942741865281896,22.524442918303382,72.9419898194077
2026-01-07 01:45:00,D05,68.81765234584351,22.524442918303382,72.9419898194077
2026-01-07 01:50:00,D01,39.3553315657869,22.07726282046976,74.55609475341238
2026-01-07 01:50:00,D02,56.44746987826906,22.07726282046976,74.55609475341238
2026-01-07 01:50:00,D03,38.66048757815111,22.07726282046976,74.55609475341238
2026-01-07 01:50:00,D04,38.05609223131505,22.07726282046976,74.55609475341238
2026-01-07 01:50:00,D05,60.1890452195791,22.07726282046976,74.55609475341238
2026-01-07 01:55:00,D01,44.33193256062625,23.268120187429844,76.91459976889519
2026-01-07 01:55:00,D02,63.75077736127476,23.268120187429844,76.91459976889519
2026-01-07 01:55:00,D03,45.54890821829928,23.268120187429844,76.91459976889519
2026-01-07 01:55:00,D04,46.83057564622635,23.268120187429844,76.91459976889519
2026-01-07 01:55:00,D05,68.0925811626434,23.268120187429844,76.91459976889519
2026-01-07 02:00:00,D01,42.85825035077876,23.002224353744353,73.45313053585217
2026-01-07 02:00:00,D02,61.19573555057613,23.002224353744353,73.45313053585217
2026-01-07 02:00:00,D03,44.12503270101671,23.002224353744353,73.45313053585217
2026-01-07 02:00:00,D04,42.831986164594575,23.002224353744353,73.45313053585217
2026-01-07 02:00:00,D05,65.52390947679194,23.002224353744353,73.45313053585217
2026-01-07 02:05:00,D01,40.84657824815609,22.448980227951616,74.43582288361537
2026-01-07 02:05:00,D02,58.92777401633306,22.448980227951616,74.43582288361537
2026-01-07 02:05:00,D03,39.92273731286238,22.448980227951616,74.43582288361537
2026-01-07 02:05:00,D04,41.485454169900386,22.448980227951616,74.43582288361537
2026-01-07 02:05:00,D05,62.26412681250184,22.448980227951616,74.43582288361537
2026-01-07 02:10:00,D01,45.599430908667706,23.28395519777655,73.27345725334112
2026-01-07 02:10:00,D02,62.71548792520312,23.28395519777655,73.27345725334112
2026-01-07 02:10:00,D03,44.95147236002598,23.28395519777655,73.27345725334112
2026-01-07 02:10:00,D04,,23.28395519777655,73.27345725334112
2026-01-07 02:10:00,D05,66.39099717056277,23.28395519777655,73.27345725334112
2026-01-07 02:15:00,D01,48.49490896554355,22.593866519294668,76.2280645151599
2026-01-07 02:15:00,D02,66.83081886095448,22.593866519294668,76.2280645151599
2026-01-07 02:15:00,D03,48.32231030089585,22.593866519294668,76.2280645151599
2026-01-07 02:15:00,D04,49.24963936963915,22.593866519294668,76.2280645151599
2026-01-07 02:15:00,D05,70.16634527452112,22.593866519294668,76.2280645151599
2026-01-07 02:20:00,D01,45.300307724753274,22.513238032299515,70.57068794244204
2026-01-07 02:20:00,D02,63.18534309943624,22.513238032299515,70.57068794244204
2026-01-07 02:20:00,D03,45.43855879534264,22.513238032299515,70.57068794244204
2026-01-07 02:20:00,D04,45.75339146479212,22.513238032299515,70.57068794244204
2026-01-07 02:20:00,D05,66.81171799462815,22.513238032299515,70.57068794244204
2026-01-07 02:25:00,D01,47.26355947544069,22.587925419922428,73.2063776096789
2026-01-07 02:25:00,D02,65.65293302337929,22.587925419922428,73.2063776096789
2026-01-07 02:25:00,D03,48.16240015508166,22.587925419922428,73.2063776096789
2026-01-07 02:25:00,D04,48.17158680762866,22.587925419922428,73.2063776096789
2026-01-07 02:25:00,D05,70.07334407041499,22.587925419922428,73.2063776096789
2026-01-07 02:30:00,D01,49.74013343261712,22.14769902199977,70.49521735256928
2026-01-07 02:30:00,D02,65.95479269068655,22.14769902199977,70.49521735256928
2026-01-07 02:30:00,D03,51.18739619454787,22.14769902199977,70.49521735256928
2026-01-07 02:30:00,D04,50.289447830335,22.14769902199977,70.49521735256928
2026-01-07 02:30:00,D05,71.93580650921194,22.14769902199977,70.49521735256928
2026-01-07 02:35:00,D01,50.61213834665495,23.336348774744696,69.03898747512373
2026-01-07 02:35:00,D02,65.88890030297976,23.336348774744696,69.03898747512373
2026-01-07 02:35:00,D03,48.99357766508452,23.336348774744696,69.03898747512373
2026-01-07 02:35:00,D04,,23.336348774744696,69.03898747512373
2026-01-07 02:35:00,D05,68.67414373024022,23.336348774744696,69.03898747512373
2026-01-07 02:40:00,D01,51.347061672349916,22.254205345235924,73.10663751086653
2026-01-07 02:40:00,D02,67.00065358817034,22.254205345235924,73.10663751086653
2026-01-07 02:40:00,D03,50.30597730594296,22.254205345235924,73.10663751086653
2026-01-07 02:40:00,D04,50.74323059002128,22.254205345235924,73.10663751086653
2026-01-07 02:40:00,D05,71.31296871661908,22.254205345235924,73.10663751086653
2026-01-07 02:45:00,D01,46.15494136108209,22.62657904697223,72.72764476901096
2026-01-07 02:45:00,D02,64.02249662828117,22.62657904697223,72.72764476901096
2026-01-07 02:45:00,D03,47.10218019752979,22.62657904697223,72.72764476901096
2026-01-07 02:45:00,D04,45.93432062075012,22.62657904697223,72.72764476901096
2026-01-07 02:45:00,D05,70.96809850972213,22.62657904697223,72.72764476901096
2026-01-07 02:50:00,D01,47.48384153779491,22.275819311410125,71.94551796148792
2026-01-07 02:50:00,D02,62.70756877566035,22.275819311410125,71.94551796148792
2026-01-07 02:50:00,D03,47.6747070174763,22.275819311410125,71.94551796148792
2026-01-07 02:50:00,D04,46.82308980298897,22.275819311410125,71.94551796148792
2026-01-07 02:50:00,D05,70.20508483433535,22.275819311410125,71.94551796148792
2026-01-07 02:55:00,D01,43.53317564396451,23.34514534330577,72.06434848553793
2026-01-07 02:55:00,D02,60.6092103086007,23.34514534330577,72.06434848553793
2026-01-07 02:55:00,D03,43.184808068917675,23.34514534330577,72.06434848553793
2026-01-07 02:55:00,D04,43.76688641210991,23.34514534330577,72.06434848553793
2026-01-07 02:55:00,D05,63.75232657027348,23.34514534330577,72.06434848553793
2026-01-07 03:00:00,D01,46.73409817847091,23.38930586393132,76.71851696297237
2026-01-07 03:00:00,D02,64.61014846557151,23.38930586393132,76.71851696297237
2026-01-07 03:00:00,D03,46.65036366818664,23.38930586393132,76.71851696297237
2026-01-07 03:00:00,D04,46.46105857107036,23.38930586393132,76.71851696297237
2026-01-07 03:00:00,D05,69.61676943207988,23.38930586393132,76.71851696297237
2026-01-07 03:05:00,D01,45.13886339642262,23.379086614495474,71.52786785077554
2026-01-07 03:05:00,D02,62.40261946187146,23.379086614495474,71.52786785077554
2026-01-07 03:05:00,D03,45.428297804896005,23.379086614495474,71.52786785077554
2026-01-07 03:05:00,D04,45.6603469232116,23.379086614495474,71.52786785077554
2026-01-07 03:05:00,D05,66.42590430380102,23.379086614495474,71.52786785077554
2026-01-07 03:10:00,D01,51.83224743298403,23.1007601145864,72.52108861803174
2026-01-07 03:10:00,D02,68.224389585655,23.1007601145864,72.52108861803174
2026-01-07 03:10:00,D03,52.74763303801086,23.1007601145864,72.52108861803174
2026-01-07 03:10:00,D04,51.306326078727736,23.1007601145864,72.52108861803174
2026-01-07 03:10:00,D05,74.33126691472624,23.1007601145864,72.52108861803174
2026-01-07 03:15:00,D01,47.3180338459971,23.117154047781334,70.61941092157987
2026-01-07 03:15:00,D02,63.890402335148956,23.117154047781334,70.61941092157987
2026-01-07 03:15:00,D03,45.856649895550085,23.117154047781334,70.61941092157987
2026-01-07 03:15:00,D04,47.95560396937386,23.117154047781334,70.61941092157987
2026-01-07 03:15:00,D05,68.54079459626679,23.117154047781334,70.61941092157987
2026-01-07 03:20:00,D01,47.327902287409835,24.018246883340574,71.87072495942633
2026-01-07 03:20:00,D02,64.99989871838764,24.018246883340574,71.87072495942633
2026-01-07 03:20:00,D03,45.62361541014372,24.018246883340574,71.87072495942633
2026-01-07 03:20:00,D04,47.37128535083593,24.018246883340574,71.87072495942633
2026-01-07 03:20:00,D05,70.58902687566182,24.018246883340574,71.87072495942633
2026-01-07 03:25:00,D01,48.00544803518456,23.595106673225455,70.90188420925718
2026-01-07 03:25:00,D02,66.10626927527647,23.595106673225455,70.90188420925718
2026-01-07 03:25:00,D03,48.68838288592181,23.595106673225455,70.90188420925718
2026-01-07 03:25:00,D04,48.68407259585422,23.595106673225455,70.90188420925718
2026-01-07 03:25:00,D05,70.48794296959856,23.595106673225455,70.90188420925718
2026-01-07 03:30:00,D01,47.57204261303777,24.114372015724463,70.47183656599262
2026-01-07 03:30:00,D02,67.75449796126333,24.114372015724463,70.47183656599262
2026-01-07 03:30:00,D03,48.489269552562384,24.114372015724463,70.47183656599262
2026-01-07 03:30:00,D04,49.464775959893146,24.114372015724463,70.47183656599262
2026-01-07 03:30:00,D05,68.54254969082439,24.114372015724463,70.47183656599262
2026-01-07 03:35:00,D01,51.688807387993116,23.600827415119955,73.64144428193636
2026-01-07 03:35:00,D02,70.08733252373582,23.600827415119955,73.64144428193636
2026-01-07 03:35:00,D03,51.60681749934385,23.600827415119955,73.64144428193636
2026-01-07 03:35:00,D04,52.75898716221847,23.600827415119955,73.64144428193636
2026-01-07 03:35:00,D05,72.84581997163423,23.600827415119955,73.64144428193636
2026-01-07 03:40:00,D01,47.54521806110527,24.222649189630303,72.50154180828699
2026-01-07 03:40:00,D02,65.55908516172755,24.222649189630303,72.50154180828699
2026-01-07 03:40:00,D03,48.178425956834914,24.222649189630303,72.50154180828699
2026-01-07 03:40:00,D04,47.10385615495966,24.222649189630303,72.50154180828699
2026-01-07 03:40:00,D05,,24.222649189630303,72.50154180828699
2026-01-07 03:45:00,D01,49.557260010840096,24.873787853560025,70.76082230129487
2026-01-07 03:45:00,D02,67.4705062861108,24.873787853560025,70.76082230129487
2026-01-07 03:45:00,D03,49.14128370767962,24.873787853560025,70.76082230129487
2026-01-07 03:45:00,D04,48.06702282157871,24.873787853560025,70.76082230129487
2026-01-07 03:45:00,D05,70.27902518202484,24.873787853560025,70.76082230129487
2026-01-07 03:50:00,D01,46.45478326366584,24.60658485846226,66.91667817955232
2026-01-07 03:50:00,D02,63.55809286404883,24.60658485846226,66.91667817955232
2026-01-07 03:50:00,D03,46.38512495487289,24.60658485846226,66.91667817955232
2026-01-07 03:50:00,D04,45.314700244973174,24.60658485846226,66.91667817955232
2026-01-07 03:50:00,D05,67.88568779889559,24.60658485846226,66.91667817955232
2026-01-07 03:55:00,D01,46.19291825159076,24.199926800089152,69.64621874672636
2026-01-07 03:55:00,D02,62.30457507426356,24.199926800089152,69.64621874672636
2026-01-07 03:55:00,D03,43.58365353014835,24.199926800089152,69.64621874672636
2026-01-07 03:55:00,D04,45.777723113122164,24.199926800089152,69.64621874672636
2026-01-07 03:55:00,D05,66.66002218915683,24.199926800089152,69.64621874672636
2026-01-07 04:00:00,D01,48.3992184479871,24.62859948517798,74.05454134660759
2026-01-07 04:00:00,D02,63.957637127775186,24.62859948517798,74.05454134660759
2026-01-07 04:00:00,D03,47.19940362183859,24.62859948517798,74.05454134660759
2026-01-07 04:00:00,D04,47.94489529385348,24.62859948517798,74.05454134660759
2026-01-07 04:00:00,D05,68.66209072463468,24.62859948517798,74.05454134660759
2026-01-07 04:05:00,D01,49.85878885812235,24.47472356813795,69.46389518923432
2026-01-07 04:05:00,D02,67.66541721790415,24.47472356813795,69.46389518923432
2026-01-07 04:05:00,D03,49.721152965236016,24.47472356813795,69.46389518923432
2026-01-07 04:05:00,D04,47.97203250161922,24.47472356813795,69.46389518923432
2026-01-07 04:05:00,D05,69.92232415060813,24.47472356813795,69.46389518923432
2026-01-07 04:10:00,D01,47.95267102861615,24.69519702617219,71.27231249043083
2026-01-07 04:10:00,D02,65.11195477376593,24.69519702617219,71.27231249043083
2026-01-07 04:10:00,D03,47.61945610008056,24.69519702617219,71.27231249043083
2026-01-07 04:10:00,D04,48.0174326302254,24.69519702617219,71.27231249043083
2026-01-07 04:10:00,D05,70.6452614136949,24.69519702617219,71.27231249043083
2026-01-07 04:15:00,D01,47.36295373063956,24.625751022830748,71.5858005051189
2026-01-07 04:15:00,D02,63.99009751155329,24.625751022830748,71.5858005051189
2026-01-07 04:15:00,D03,47.612205719256934,24.625751022830748,71.5858005051189
2026-01-07 04:15:00,D04,47.235446450371995,24.625751022830748,71.5858005051189
2026-01-07 04:15:00,D05,69.26054464821603,24.625751022830748,71.5858005051189
2026-01-07 04:20:00,D01,46.44156717685921,24.804741088353794,69.55462849119098
2026-01-07 04:20:00,D02,63.486940539329055,24.804741088353794,69.55462849119098
2026-01-07 04:20:00,D03,46.671803197329524,24.804741088353794,69.55462849119098
2026-01-07 04:20:00,D04,44.52824801891891,24.804741088353794,69.55462849119098
2026-01-07 04:20:00,D05,68.03612228845529,24.804741088353794,69.55462849119098
2026-01-07 04:25:00,D01,47.83719617303967,25.092313227243405,67.76473445078514
2026-01-07 04:25:00,D02,66.42571746906115,25.092313227243405,67.76473445078514
2026-01-07 04:25:00,D03,47.97161127168726,25.092313227243405,67.76473445078514
2026-01-07 04:25:00,D04,49.10406986498501,25.092313227243405,67.76473445078514
2026-01-07 04:25:00,D05,,25.092313227243405,67.76473445078514
2026-01-07 04:30:00,D01,46.03574506601536,24.58990348838356,65.17386582597659
2026-01-07 04:30:00,D02,64.1851127638968,24.58990348838356,65.17386582597659
2026-01-07 04:30:00,D03,46.85259047368969,24.58990348838356,65.17386582597659
2026-01-07 04:30:00,D04,46.66444438378298,24.58990348838356,65.17386582597659
2026-01-07 04:30:00,D05,68.87863884866132,24.58990348838356,65.17386582597659
2026-01-07 04:35:00,D01,51.58477701868031,24.679870395086503,69.65062519575045
2026-01-07 04:35:00,D02,68.78841211238324,24.679870395086503,69.65062519575045
2026-01-07 04:35:00,D03,52.47731241020889,24.679870395086503,69.65062519575045
2026-01-07 04:35:00,D04,50.99961000165626,24.679870395086503,69.65062519575045
2026-01-07 04:35:00,D05,73.59894670495483,24.679870395086503,69.65062519575045
2026-01-07 04:40:00,D01,50.2037528431718,24.59562800645605,67.19806742902136
2026-01-07 04:40:00,D02,66.44082117963126,24.59562800645605,67.19806742902136
2026-01-07 04:40:00,D03,49.388992361834696,24.59562800645605,67.19806742902136
2026-01-07 04:40:00,D04,51.174303480667106,24.59562800645605,67.19806742902136
2026-01-07 04:40:00,D05,71.16890164619586,24.59562800645605,67.19806742902136
2026-01-07 04:45:00,D01,46.28393069165732,24.592667121232314,68.4786203308632
2026-01-07 04:45:00,D02,64.95697627662425,24.592667121232314,68.4786203308632
2026-01-07 04:45:00,D03,45.4251338741889,24.592667121232314,68.4786203308632
2026-01-07 04:45:00,D04,46.23233122701207,24.592667121232314,68.4786203308632
2026-01-07 04:45:00,D05,68.43663345864914,24.592667121232314,68.4786203308632
2026-01-07 04:50:00,D01,49.136469554469706,24.887829656368385,66.13232748565869
2026-01-07 04:50:00,D02,66.00660496603436,24.887829656368385,66.13232748565869
2026-01-07 04:50:00,D03,48.852150326360565,24.887829656368385,66.13232748565869
2026-01-07 04:50:00,D04,48.51743505712156,24.887829656368385,66.13232748565869
2026-01-07 04:50:00,D05,71.72004303639466,24.887829656368385,66.13232748565869
2026-01-07 04:55:00,D01,47.27153539238744,25.68058618324711,67.4004338296046
2026-01-07 04:55:00,D02,65.67688210068773,25.68058618324711,67.4004338296046
2026-01-07 04:55:00,D03,45.87180162406926,25.68058618324711,67.4004338296046
2026-01-07 04:55:00,D04,50.262645922391364,25.68058618324711,67.4004338296046
2026-01-07 04:55:00,D05,69.57157656064511,25.68058618324711,67.4004338296046
2026-01-07 05:00:00,D01,51.00109943195407,25.259511016741442,67.6387690333768
2026-01-07 05:00:00,D02,68.73127961725969,25.259511016741442,67.6387690333768
2026-01-07 05:00:00,D03,50.63451054770566,25.259511016741442,67.6387690333768
2026-01-07 05:00:00,D04,49.048864330287344,25.259511016741442,67.6387690333768
2026-01-07 05:00:00,D05,71.93377631676927,25.259511016741442,67.6387690333768
2026-01-07 05:05:00,D01,52.316500154042416,26.068377770484684,67.77974929482816
2026-01-07 05:05:00,D02,69.50932400757449,26.068377770484684,67.77974929482816
2026-01-07 05:05:00,D03,52.84659596782747,26.068377770484684,67.77974929482816
2026-01-07 05:05:00,D04,51.77450126508167,26.068377770484684,67.77974929482816
2026-01-07 05:05:00,D05,75.230751596262,26.068377770484684,67.77974929482816
2026-01-07 05:10:00,D01,45.736663680211706,25.93515880468578,65.49216285835237
2026-01-07 05:10:00,D02,63.210013087979306,25.93515880468578,65.49216285835237
2026-01-07 05:10:00,D03,47.68825142575341,25.93515880468578,65.49216285835237
2026-01-07 05:10:00,D04,46.3735983829357,25.93515880468578,65.49216285835237
2026-01-07 05:10:00,D05,67.64708724744486,25.93515880468578,65.49216285835237
2026-01-07 05:15:00,D01,49.676181126233736,25.04029628320033,68.74626964330332
2026-01-07 05:15:00,D02,68.40624794998553,25.04029628320033,68.74626964330332
2026-01-07 05:15:00,D03,49.8439101697605,25.04029628320033,68.74626964330332
2026-01-07 05:15:00,D04,51.16317591375048,25.04029628320033,68.74626964330332
2026-01-07 05:15:00,D05,72.50631732639226,25.04029628320033,68.74626964330332
2026-01-07 05:20:00,D01,49.46491807208894,26.459246903776187,65.84113959957135
2026-01-07 05:20:00,D02,66.4566792586617,26.459246903776187,65.84113959957135
2026-01-07 05:20:00,D03,49.93629727713527,26.459246903776187,65.84113959957135
2026-01-07 05:20:00,D04,50.46264766200169,26.459246903776187,65.84113959957135
2026-01-07 05:20:00,D05,70.18142374869835,26.459246903776187,65.84113959957135
2026-01-07 05:25:00,D01,50.77841761264658,26.644782391846245,64.00952967121935
2026-01-07 05:25:00,D02,68.63802928856504,26.644782391846245,64.00952967121935
2026-01-07 05:25:00,D03,50.365007155192636,26.644782391846245,64.00952967121935
2026-01-07 05:25:00,D04,50.186414558926124,26.644782391846245,64.00952967121935
2026-01-07 05:25:00,D05,74.05570673773789,26.644782391846245,64.00952967121935
2026-01-07 05:30:00,D01,50.998984906216045,25.850437701482306,66.14172679225533
2026-01-07 05:30:00,D02,68.70303566115959,25.850437701482306,66.14172679225533
2026-01-07 05:30:00,D03,49.984414749688405,25.850437701482306,66.14172679225533
2026-01-07 05:30:00,D04,51.96848709099504,25.850437701482306,66.14172679225533
2026-01-07 05:30:00,D05,72.39805205281534,25.850437701482306,66.14172679225533
2026-01-07 05:35:00,D01,48.041341170729375,26.665761397187676,66.14023171205933
2026-01-07 05:35:00,D02,68.30709433139741,26.665761397187676,66.14023171205933
2026-01-07 05:35:00,D03,46.91143928208336,26.665761397187676,66.14023171205933
2026-01-07 05:35:00,D04,48.900684985882876,26.665761397187676,66.14023171205933
2026-01-07 05:35:00,D05,71.11391361814671,26.665761397187676,66.14023171205933
2026-01-07 05:40:00,D01,50.91680320561161,26.135972167557096,66.11244157723425
2026-01-07 05:40:00,D02,67.75554634387551,26.135972167557096,66.11244157723425
2026-01-07 05:40:00,D03,49.12904948830099,26.135972167557096,66.11244157723425
2026-01-07 05:40:00,D04,48.50446885450501,26.135972167557096,66.11244157723425
2026-01-07 05:40:00,D05,72.72610776456025,26.135972167557096,66.11244157723425
2026-01-07 05:45:00,D01,49.85174802226044,26.721819542223454,67.69722989782905
2026-01-07 05:45:00,D02,66.69540556961026,26.721819542223454,67.69722989782905
2026-01-07 05:45:00,D03,48.08122836526049,26.721819542223454,67.69722989782905
2026-01-07 05:45:00,D04,47.65133706162556,26.721819542223454,67.69722989782905
2026-01-07 05:45:00,D05,70.34812324293705,26.721819542223454,67.69722989782905
2026-01-07 05:50:00,D01,51.250953003161264,26.149653859695835,65.08152061854958
2026-01-07 05:50:00,D02,70.51945192284234,26.149653859695835,65.08152061854958
2026-01-07 05:50:00,D03,52.44169625910467,26.149653859695835,65.08152061854958
2026-01-07 05:50:00,D04,52.21404320004877,26.149653859695835,65.08152061854958
2026-01-07 05:50:00,D05,,26.149653859695835,65.08152061854958
2026-01-07 05:55:00,D01,50.10994783757226,25.994372348559885,65.0387194137925
2026-01-07 05:55:00,D02,66.82313269854242,25.994372348559885,65.0387194137925
2026-01-07 05:55:00,D03,49.416646687810335,25.994372348559885,65.0387194137925
2026-01-07 05:55:00,D04,52.19256748208643,25.994372348559885,65.0387194137925
2026-01-07 05:55:00,D05,,25.994372348559885,65.0387194137925
2026-01-07 06:00:00,D01,53.15172475016982,26.808591405193507,63.345223428150376
2026-01-07 06:00:00,D02,71.78398307296507,26.808591405193507,63.345223428150376
2026-01-07 06:00:00,D03,53.88572672248111,26.808591405193507,63.345223428150376
2026-01-07 06:00:00,D04,54.014829429007165,26.808591405193507,63.345223428150376
2026-01-07 06:00:00,D05,77.34945471413306,26.808591405193507,63.345223428150376
2026-01-07 06:05:00,D01,49.54965107998124,27.047209952035395,66.01268140398622
2026-01-07 06:05:00,D02,67.72246267592526,27.047209952035395,66.01268140398622
2026-01-07 06:05:00,D03,49.542918587562184,27.047209952035395,66.01268140398622
2026-01-07 06:05:00,D04,52.0194601611917,27.047209952035395,66.01268140398622
2026-01-07 06:05:00,D05,,27.047209952035395,66.01268140398622
2026-01-07 06:10:00,D01,50.576096149642446,27.019257090019366,64.84026972246382
2026-01-07 06:10:00,D02,66.78110930177486,27.019257090019366,64.84026972246382
2026-01-07 06:10:00,D03,48.24216929369813,27.019257090019366,64.84026972246382
2026-01-07 06:10:00,D04,49.451756067076346,27.019257090019366,64.84026972246382
2026-01-07 06:10:00,D05,69.86654530034278,27.019257090019366,64.84026972246382
2026-01-07 06:15:00,D01,46.64358903004459,26.73500036703944,63.715927116757314
2026-01-07 06:15:00,D02,64.96345013735339,26.73500036703944,63.715927116757314
2026-01-07 06:15:00,D03,47.03152277312342,26.73500036703944,63.715927116757314
2026-01-07 06:15:00,D04,45.68886197493867,26.73500036703944,63.715927116757314
2026-01-07 06:15:00,D05,,26.73500036703944,63.715927116757314
2026-01-07 06:20:00,D01,46.715893665483,27.23582918267271,61.27143053232526
2026-01-07 06:20:00,D02,64.64107450185246,27.23582918267271,61.27143053232526
2026-01-07 06:20:00,D03,46.39619057072258,27.23582918267271,61.27143053232526
2026-01-07 06:20:00,D04,47.763178042627814,27.23582918267271,61.27143053232526
2026-01-07 06:20:00,D05,69.22560705923526,27.23582918267271,61.27143053232526
2026-01-07 06:25:00,D01,47.3136127902205,27.67898175055019,66.07794954406299
2026-01-07 06:25:00,D02,64.37645705565546,27.67898175055019,66.07794954406299
2026-01-07 06:25:00,D03,47.533465535263865,27.67898175055019,66.07794954406299
2026-01-07 06:25:00,D04,45.82814009419227,27.67898175055019,66.07794954406299
2026-01-07 06:25:00,D05,69.04134517890287,27.67898175055019,66.07794954406299
2026-01-07 06:30:00,D01,49.44807254327784,27.630184446038985,61.853218131115405
2026-01-07 06:30:00,D02,68.43286914578796,27.630184446038985,61.853218131115405
2026-01-07 06:30:00,D03,50.32805888163124,27.630184446038985,61.853218131115405
2026-01-07 06:30:00,D04,49.83359008465084,27.630184446038985,61.853218131115405
2026-01-07 06:30:00,D05,72.70297670023182,27.630184446038985,61.853218131115405
2026-01-07 06:35:00,D01,50.04596967672827,27.851867446249166,62.59184912404632
2026-01-07 06:35:00,D02,67.60872045604822,27.851867446249166,62.59184912404632
2026-01-07 06:35:00,D03,50.55117980201447,27.851867446249166,62.59184912404632
2026-01-07 06:35:00,D04,51.17681821975784,27.851867446249166,62.59184912404632
2026-01-07 06:35:00,D05,72.60674065238682,27.851867446249166,62.59184912404632
2026-01-07 06:40:00,D01,45.479673754649696,27.533183288107526,63.80103498994472
2026-01-07 06:40:00,D02,64.3111982773353,27.533183288107526,63.80103498994472
2026-01-07 06:40:00,D03,46.50488868097059,27.533183288107526,63.80103498994472
2026-01-07 06:40:00,D04,46.657260971105366,27.533183288107526,63.80103498994472
2026-01-07 06:40:00,D05,68.48405002493541,27.533183288107526,63.80103498994472
2026-01-07 06:45:00,D01,50.71195869828676,28.56131056743873,61.25425988691367
2026-01-07 06:45:00,D02,70.94409796795424,28.56131056743873,61.25425988691367
2026-01-07 06:45:00,D03,50.88326531534354,28.56131056743873,61.25425988691367
2026-01-07 06:45:00,D04,52.49134386803179,28.56131056743873,61.25425988691367
2026-01-07 06:45:00,D05,74.26455735778036,28.56131056743873,61.25425988691367
2026-01-07 06:50:00,D01,45.946807858515285,27.49411140141311,60.59533919323928
2026-01-07 06:50:00,D02,67.08090685336643,27.49411140141311,60.59533919323928
2026-01-07 06:50:00,D03,48.436926874265794,27.49411140141311,60.59533919323928
2026-01-07 06:50:00,D04,49.298559900496286,27.49411140141311,60.59533919323928
2026-01-07 06:50:00,D05,71.7458858968289,27.49411140141311,60.59533919323928
2026-01-07 06:55:00,D01,50.55158912289735,28.432209610174226,59.437219702687266
2026-01-07 06:55:00,D02,67.961271788939,28.432209610174226,59.437219702687266
2026-01-07 06:55:00,D03,52.03816543517695,28.432209610174226,59.437219702687266
2026-01-07 06:55:00,D04,49.88907843130175,28.432209610174226,59.437219702687266
2026-01-07 06:55:00,D05,72.30267950447711,28.432209610174226,59.437219702687266
2026-01-07 07:00:00,D01,54.937893360657604,28.885040771992585,63.49330497833324
2026-01-07 07:00:00,D02,72.7649344581869,28.885040771992585,63.49330497833324
2026-01-07 07:00:00,D03,51.97102075870566,28.885040771992585,63.49330497833324
2026-01-07 07:00:00,D04,54.58262567402829,28.885040771992585,63.49330497833324
2026-01-07 07:00:00,D05,74.87113741152662,28.885040771992585,63.49330497833324
2026-01-07 07:05:00,D01,51.541997914626876,28.639599116529393,61.383930492600626
2026-01-07 07:05:00,D02,68.02837941813294,28.639599116529393,61.383930492600626
2026-01-07 07:05:00,D03,51.11552084171104,28.639599116529393,61.383930492600626
2026-01-07 07:05:00,D04,50.91963855644453,28.639599116529393,61.383930492600626
2026-01-07 07:05:00,D05,74.64433545266547,28.639599116529393,61.383930492600626
2026-01-07 07:10:00,D01,47.583839352329996,28.402266883988947,66.38384714366727
2026-01-07 07:10:00,D02,65.8956154353807,28.402266883988947,66.38384714366727
2026-01-07 07:10:00,D03,48.61261954840091,28.402266883988947,66.38384714366727
2026-01-07 07:10:00,D04,48.00008357131442,28.402266883988947,66.38384714366727
2026-01-07 07:10:00,D05,71.08262378269106,28.402266883988947,66.38384714366727
2026-01-07 07:15:00,D01,47.04414046122052,28.343048803184296,60.29407274852212
2026-01-07 07:15:00,D02,67.41451659286572,28.343048803184296,60.29407274852212
2026-01-07 07:15:00,D03,47.43974523187607,28.343048803184296,60.29407274852212
2026-01-07 07:15:00,D04,48.150215970052756,28.343048803184296,60.29407274852212
2026-01-07 07:15:00,D05,70.49484114011223,28.343048803184296,60.29407274852212
2026-01-07 07:20:00,D01,44.634418560175476,29.228144542151465,60.19762203159995
2026-01-07 07:20:00,D02,63.16407023703104,29.228144542151465,60.19762203159995
2026-01-07 07:20:00,D03,44.76205609632208,29.228144542151465,60.19762203159995
2026-01-07 07:20:00,D04,45.07511202590912,29.228144542151465,60.19762203159995
2026-01-07 07:20:00,D05,68.15733106958555,29.228144542151465,60.19762203159995
2026-01-07 07:25:00,D01,46.86418727712979,28.10070272878768,60.527530161734866
2026-01-07 07:25:00,D02,65.67392847214765,28.10070272878768,60.527530161734866
2026-01-07 07:25:00,D03,48.16101215556416,28.10070272878768,60.527530161734866
2026-01-07 07:25:00,D04,48.127148316122245,28.10070272878768,60.527530161734866
2026-01-07 07:25:00,D05,,28.10070272878768,60.527530161734866
2026-01-07 07:30:00,D01,49.67671748585264,28.428355031635615,61.537867659056865
2026-01-07 07:30:00,D02,65.66199553476879,28.428355031635615,61.537867659056865
2026-01-07 07:30:00,D03,47.106359746065685,28.428355031635615,61.537867659056865
2026-01-07 07:30:00,D04,49.55469629586558,28.428355031635615,61.537867659056865
2026-01-07 07:30:00,D05,71.5121011222646,28.428355031635615,61.537867659056865
2026-01-07 07:35:00,D01,47.989015781267454,28.81495456654783,60.26722809323466
2026-01-07 07:35:00,D02,65.68104257400674,28.81495456654783,60.26722809323466
2026-01-07 07:35:00,D03,48.21592720942412,28.81495456654783,60.26722809323466
2026-01-07 07:35:00,D04,46.9936629072202,28.81495456654783,60.26722809323466
2026-01-07 07:35:00,D05,67.04951504720864,28.81495456654783,60.26722809323466
2026-01-07 07:40:00,D01,47.64511214236423,29.731918187459495,61.692315703596776
2026-01-07 07:40:00,D02,67.40953993474162,29.731918187459495,61.692315703596776
2026-01-07 07:40:00,D03,49.433146735824096,29.731918187459495,61.692315703596776
2026-01-07 07:40:00,D04,50.659172832860406,29.731918187459495,61.692315703596776
2026-01-07 07:40:00,D05,71.27884102786186,29.731918187459495,61.692315703596776
2026-01-07 07:45:00,D01,49.84751222569195,29.401327269115438,59.10923051282704
2026-01-07 07:45:00,D02,66.10237850775447,29.401327269115438,59.10923051282704
2026-01-07 07:45:00,D03,47.87955959518131,29.401327269115438,59.10923051282704
2026-01-07 07:45:00,D04,49.38741771105772,29.401327269115438,59.10923051282704
2026-01-07 07:45:00,D05,72.29498301898079,29.401327269115438,59.10923051282704
2026-01-07 07:50:00,D01,49.94720903174334,28.824720186920043,58.3101262899543
2026-01-07 07:50:00,D02,66.36448802827321,28.824720186920043,58.3101262899543
2026-01-07 07:50:00,D03,46.15131909521367,28.824720186920043,58.3101262899543
2026-01-07 07:50:00,D04,47.97000273713469,28.824720186920043,58.3101262899543
2026-01-07 07:50:00,D05,,28.824720186920043,58.3101262899543
2026-01-07 07:55:00,D01,49.36982060065771,29.249789991904496,57.49279020169244
2026-01-07 07:55:00,D02,65.2260393673653,29.249789991904496,57.49279020169244
2026-01-07 07:55:00,D03,46.49019024928675,29.249789991904496,57.49279020169244
2026-01-07 07:55:00,D04,48.056841640388804,29.249789991904496,57.49279020169244
2026-01-07 07:55:00,D05,70.8851325380921,29.249789991904496,57.49279020169244
2026-01-07 08:00:00,D01,51.862775404863825,29.192838427951845,56.66463874809422
2026-01-07 08:00:00,D02,67.35775889047952,29.192838427951845,56.66463874809422
2026-01-07 08:00:00,D03,48.754896920350745,29.192838427951845,56.66463874809422
2026-01-07 08:00:00,D04,48.91208212073085,29.192838427951845,56.66463874809422
2026-01-07 08:00:00,D05,71.9782910631408,29.192838427951845,56.66463874809422
2026-01-07 08:05:00,D01,48.5310073564251,29.238971794685845,59.035163889182186
2026-01-07 08:05:00,D02,66.42789368424319,29.238971794685845,59.035163889182186
2026-01-07 08:05:00,D03,52.01329190455907,29.238971794685845,59.035163889182186
2026-01-07 08:05:00,D04,49.54629682550235,29.238971794685845,59.035163889182186
2026-01-07 08:05:00,D05,71.53334275473429,29.238971794685845,59.035163889182186
2026-01-07 08:10:00,D01,49.077336729638354,30.175942821012498,59.17553344794195
2026-01-07 08:10:00,D02,65.6291332366645,30.175942821012498,59.17553344794195
2026-01-07 08:10:00,D03,46.79637326821743,30.175942821012498,59.17553344794195
2026-01-07 08:10:00,D04,45.14698387415765,30.175942821012498,59.17553344794195
2026-01-07 08:10:00,D05,67.36898912927339,30.175942821012498,59.17553344794195
2026-01-07 08:15:00,D01,50.78235449400922,29.091979600466246,58.49714212857923
2026-01-07 08:15:00,D02,70.18637970133645,29.091979600466246,58.49714212857923
2026-01-07 08:15:00,D03,49.328971233336546,29.091979600466246,58.49714212857923
2026-01-07 08:15:00,D04,50.14376740732235,29.091979600466246,58.49714212857923
2026-01-07 08:15:00,D05,73.9172077488543,29.091979600466246,58.49714212857923
2026-01-07 08:20:00,D01,47.40187872294087,30.672272609622418,61.12934433227028
2026-01-07 08:20:00,D02,65.77508921512207,30.672272609622418,61.12934433227028
2026-01-07 08:20:00,D03,47.30468867342044,30.672272609622418,61.12934433227028
2026-01-07 08:20:00,D04,49.055934515234775,30.672272609622418,61.12934433227028
2026-01-07 08:20:00,D05,71.15304946525944,30.672272609622418,61.12934433227028
2026-01-07 08:25:00,D01,48.429217663442344,30.370663086910206,60.92894883077641
2026-01-07 08:25:00,D02,66.03957273077228,30.370663086910206,60.92894883077641
2026-01-07 08:25:00,D03,48.048932852291514,30.370663086910206,60.92894883077641
2026-01-07 08:25:00,D04,46.86778783733518,30.370663086910206,60.92894883077641
2026-01-07 08:25:00,D05,,30.370663086910206,60.92894883077641
2026-01-07 08:30:00,D01,48.76790091533245,30.589237980345448,58.410181228746055
2026-01-07 08:30:00,D02,67.37731181130665,30.589237980345448,58.410181228746055
2026-01-07 08:30:00,D03,49.60364580372356,30.589237980345448,58.410181228746055
2026-01-07 08:30:00,D04,49.22758601641683,30.589237980345448,58.410181228746055
2026-01-07 08:30:00,D05,72.45857541349648,30.589237980345448,58.410181228746055
2026-01-07 08:35:00,D01,48.66432123410237,29.898147604907674,56.04988360837145
2026-01-07 08:35:00,D02,65.6606658109208,29.898147604907674,56.04988360837145
2026-01-07 08:35:00,D03,46.95052823314542,29.898147604907674,56.04988360837145
2026-01-07 08:35:00,D04,48.59112773130848,29.898147604907674,56.04988360837145
2026-01-07 08:35:00,D05,71.07013801503251,29.898147604907674,56.04988360837145
2026-01-07 08:40:00,D01,48.24664051127902,30.138967688893132,57.72206624105205
2026-01-07 08:40:00,D02,67.3069111095654,30.138967688893132,57.72206624105205
2026-01-07 08:40:00,D03,49.43172747103926,30.138967688893132,57.72206624105205
2026-01-07 08:40:00,D04,50.97974371413873,30.138967688893132,57.72206624105205
2026-01-07 08:40:00,D05,71.93156227207025,30.138967688893132,57.72206624105205
2026-01-07 08:45:00,D01,47.85389380313001,29.58015316823799,57.50680975812371
2026-01-07 08:45:00,D02,66.0159244246156,29.58015316823799,57.50680975812371
2026-01-07 08:45:00,D03,47.37500726758291,29.58015316823799,57.50680975812371
2026-01-07 08:45:00,D04,47.611368793101086,29.58015316823799,57.50680975812371
2026-01-07 08:45:00,D05,71.27434403049583,29.58015316823799,57.50680975812371
2026-01-07 08:50:00,D01,47.43348085318205,30.115619834544912,57.25839548042628
2026-01-07 08:50:00,D02,65.96424093493692,30.115619834544912,57.25839548042628
2026-01-07 08:50:00,D03,45.044140056218055,30.115619834544912,57.25839548042628
2026-01-07 08:50:00,D04,46.90679807369589,30.115619834544912,57.25839548042628
2026-01-07 08:50:00,D05,68.62686486464129,30.115619834544912,57.25839548042628
2026-01-07 08:55:00,D01,47.88958537957865,30.70439270273292,57.03829108632994
2026-01-07 08:55:00,D02,67.10666448306232,30.70439270273292,57.03829108632994
2026-01-07 08:55:00,D03,48.20624231770876,30.70439270273292,57.03829108632994
2026-01-07 08:55:00,D04,47.82612192293889,30.70439270273292,57.03829108632994
2026-01-07 08:55:00,D05,70.37392860053626,30.70439270273292,57.03829108632994
2026-01-07 09:00:00,D01,44.92521118396405,31.183565436823447,56.948737844547296
2026-01-07 09:00:00,D02,63.94159516659553,31.183565436823447,56.948737844547296
2026-01-07 09:00:00,D03,45.55749257066699,31.183565436823447,56.948737844547296
2026-01-07 09:00:00,D04,42.603495493563805,31.183565436823447,56.948737844547296
2026-01-07 09:00:00,D05,66.29148185516502,31.183565436823447,56.948737844547296
2026-01-07 09:05:00,D01,47.60750857409305,30.05824140189755,57.19654795555581
2026-01-07 09:05:00,D02,65.73542620272752,30.05824140189755,57.19654795555581
2026-01-07 09:05:00,D03,47.97329124633736,30.05824140189755,57.19654795555581
2026-01-07 09:05:00,D04,47.178325757211624,30.05824140189755,57.19654795555581
2026-01-07 09:05:00,D05,70.32853805334325,30.05824140189755,57.19654795555581
2026-01-07 09:10:00,D01,47.860103724185365,30.50363371555797,56.67391498367546
2026-01-07 09:10:00,D02,63.815291264596524,30.50363371555797,56.67391498367546
2026-01-07 09:10:00,D03,47.26382844600158,30.50363371555797,56.67391498367546
2026-01-07 09:10:00,D04,46.62253460119527,30.50363371555797,56.67391498367546
2026-01-07 09:10:00,D05,68.18733310044502,30.50363371555797,56.67391498367546
2026-01-07 09:15:00,D01,44.52199972426618,30.68354942727862,57.79408568814862
2026-01-07 09:15:00,D02,64.38883506885094,30.68354942727862,57.79408568814862
2026-01-07 09:15:00,D03,45.679854903315345,30.68354942727862,57.79408568814862
2026-01-07 09:15:00,D04,46.60234610887663,30.68354942727862,57.79408568814862
2026-01-07 09:15:00,D05,68.30950215413174,30.68354942727862,57.79408568814862
2026-01-07 09:20:00,D01,46.755325125824946,30.13232761449863,57.880108642667544
2026-01-07 09:20:00,D02,65.40431682888625,30.13232761449863,57.880108642667544
2026-01-07 09:20:00,D03,46.88535083545102,30.13232761449863,57.880108642667544
2026-01-07 09:20:00,D04,45.528151346017204,30.13232761449863,57.880108642667544
2026-01-07 09:20:00,D05,69.45537586846672,30.13232761449863,57.880108642667544
2026-01-07 09:25:00,D01,42.22739749160356,31.1950970363436,55.83518753829747
2026-01-07 09:25:00,D02,59.510224855076046,31.1950970363436,55.83518753829747
2026-01-07 09:25:00,D03,42.80459106894961,31.1950970363436,55.83518753829747
2026-01-07 09:25:00,D04,41.959511707947144,31.1950970363436,55.83518753829747
2026-01-07 09:25:00,D05,65.16924268347536,31.1950970363436,55.83518753829747
2026-01-07 09:30:00,D01,45.1568023699171,30.604771535584874,58.9730645860982
2026-01-07 09:30:00,D02,63.9095960933892,30.604771535584874,58.9730645860982
2026-01-07 09:30:00,D03,45.12410635755728,30.604771535584874,58.9730645860982
2026-01-07 09:30:00,D04,46.19123393271035,30.604771535584874,58.9730645860982
2026-01-07 09:30:00,D05,69.5528410010289,30.604771535584874,58.9730645860982
2026-01-07 09:35:00,D01,47.15873645568044,30.93452784574889,55.46546050456428
2026-01-07 09:35:00,D02,66.71419948140417,30.93452784574889,55.46546050456428
2026-01-07 09:35:00,D03,45.48709316421627,30.93452784574889,55.46546050456428
2026-01-07 09:35:00,D04,45.762639687421554,30.93452784574889,55.46546050456428
2026-01-07 09:35:00,D05,69.55764855953112,30.93452784574889,55.46546050456428
2026-01-07 09:40:00,D01,44.86129049609341,30.869785535489015,54.38177863638708
2026-01-07 09:40:00,D02,65.42002332203097,30.869785535489015,54.38177863638708
2026-01-07 09:40:00,D03,45.55860102016373,30.869785535489015,54.38177863638708
2026-01-07 09:40:00,D04,44.14204677524316,30.869785535489015,54.38177863638708
2026-01-07 09:40:00,D05,69.68522571109985,30.869785535489015,54.38177863638708
2026-01-07 09:45:00,D01,42.48770760690105,30.762678808652897,57.25647098402211
2026-01-07 09:45:00,D02,63.22703627075476,30.762678808652897,57.25647098402211
2026-01-07 09:45:00,D03,43.574238984468685,30.762678808652897,57.25647098402211
2026-01-07 09:45:00,D04,43.990796496686805,30.762678808652897,57.25647098402211
2026-01-07 09:45:00,D05,67.2451097050629,30.762678808652897,57.25647098402211
2026-01-07 09:50:00,D01,45.96898180548389,31.21343473632415,55.339973340249635
2026-01-07 09:50:00,D02,66.44533116080115,31.21343473632415,55.339973340249635
2026-01-07 09:50:00,D03,50.3442862321832,31.21343473632415,55.339973340249635
2026-01-07 09:50:00,D04,48.76697636186152,31.21343473632415,55.339973340249635
2026-01-07 09:50:00,D05,,31.21343473632415,55.339973340249635
2026-01-07 09:55:00,D01,42.90622394341246,31.166754564080726,56.93281849940661
2026-01-07 09:55:00,D02,62.755821037415174,31.166754564080726,56.93281849940661
2026-01-07 09:55:00,D03,43.75662536526763,31.166754564080726,56.93281849940661
2026-01-07 09:55:00,D04,44.30914650329819,31.166754564080726,56.93281849940661
2026-01-07 09:55:00,D05,65.83917979742708,31.166754564080726,56.93281849940661
2026-01-07 10:00:00,D01,48.269346745432294,31.144198077782853,52.73424306050483
2026-01-07 10:00:00,D02,64.56349294848604,31.144198077782853,52.73424306050483
2026-01-07 10:00:00,D03,46.327725898803195,31.144198077782853,52.73424306050483
2026-01-07 10:00:00,D04,46.32358145540433,31.144198077782853,52.73424306050483
2026-01-07 10:00:00,D05,68.65310990911419,31.144198077782853,52.73424306050483
2026-01-07 10:05:00,D01,45.54368922446382,31.019402967697367,58.32141635514952
2026-01-07 10:05:00,D02,64.81249754537777,31.019402967697367,58.32141635514952
2026-01-07 10:05:00,D03,44.83188696796785,31.019402967697367,58.32141635514952
2026-01-07 10:05:00,D04,45.66450535479025,31.019402967697367,58.32141635514952
2026-01-07 10:05:00,D05,67.15113673979113,31.019402967697367,58.32141635514952
2026-01-07 10:10:00,D01,41.984906617007965,31.594816501282594,57.13833178027837
2026-01-07 10:10:00,D02,62.341702525135425,31.594816501282594,57.13833178027837
2026-01-07 10:10:00,D03,42.833264900006554,31.594816501282594,57.13833178027837
2026-01-07 10:10:00,D04,43.85630910275957,31.594816501282594,57.13833178027837
2026-01-07 10:10:00,D05,67.4252656795916,31.594816501282594,57.13833178027837
2026-01-07 10:15:00,D01,47.487829942833976,32.31117234190958,53.780557760928616
2026-01-07 10:15:00,D02,66.63562829817126,32.31117234190958,53.780557760928616
2026-01-07 10:15:00,D03,50.15080213495809,32.31117234190958,53.780557760928616
2026-01-07 10:15:00,D04,48.93742136808606,32.31117234190958,53.780557760928616
2026-01-07 10:15:00,D05,70.31656046348954,32.31117234190958,53.780557760928616
2026-01-07 10:20:00,D01,40.35104725040344,31.601482551602807,53.71875644386409
2026-01-07 10:20:00,D02,61.53705036864978,31.601482551602807,53.71875644386409
2026-01-07 10:20:00,D03,41.4396523079481,31.601482551602807,53.71875644386409
2026-01-07 10:20:00,D04,42.34098933864737,31.601482551602807,53.71875644386409
2026-01-07 10:20:00,D05,65.71049055748898,31.601482551602807,53.71875644386409
2026-01-07 10:25:00,D01,44.74058914407621,32.0746165030528,58.355284064951825
2026-01-07 10:25:00,D02,63.719049961309864,32.0746165030528,58.355284064951825
2026-01-07 10:25:00,D03,46.772645780417655,32.0746165030528,58.355284064951825
2026-01-07 10:25:00,D04,46.641398931870604,32.0746165030528,58.355284064951825
2026-01-07 10:25:00,D05,67.38397470706637,32.0746165030528,58.355284064951825
2026-01-07 10:30:00,D01,46.216817870000604,30.924286699979692,54.65513481964022
2026-01-07 10:30:00,D02,64.04292655492576,30.924286699979692,54.65513481964022
2026-01-07 10:30:00,D03,45.45207071426553,30.924286699979692,54.65513481964022
2026-01-07 10:30:00,D04,45.095851469637,30.924286699979692,54.65513481964022
2026-01-07 10:30:00,D05,68.64782920007961,30.924286699979692,54.65513481964022
2026-01-07 10:35:00,D01,41.109266638377704,31.738920066060874,54.42864403407309
2026-01-07 10:35:00,D02,60.790512676017215,31.738920066060874,54.42864403407309
2026-01-07 10:35:00,D03,42.54432450596336,31.738920066060874,54.42864403407309
2026-01-07 10:35:00,D04,39.99304310302859,31.738920066060874,54.42864403407309
2026-01-07 10:35:00,D05,66.56573138285536,31.738920066060874,54.42864403407309
2026-01-07 10:40:00,D01,47.317766338588626,31.149778944444012,52.20399565091699
2026-01-07 10:40:00,D02,63.59735729058377,31.149778944444012,52.20399565091699
2026-01-07 10:40:00,D03,46.99687730739405,31.149778944444012,52.20399565091699
2026-01-07 10:40:00,D04,47.258827235696415,31.149778944444012,52.20399565091699
2026-01-07 10:40:00,D05,69.49850563825099,31.149778944444012,52.20399565091699
2026-01-07 10:45:00,D01,42.64318133300339,30.99618818370957,55.00453139664663
2026-01-07 10:45:00,D02,61.37299535423447,30.99618818370957,55.00453139664663
2026-01-07 10:45:00,D03,42.1423987740238,30.99618818370957,55.00453139664663
2026-01-07 10:45:00,D04,41.76828374731413,30.99618818370957,55.00453139664663
2026-01-07 10:45:00,D05,66.04650856860914,30.99618818370957,55.00453139664663
2026-01-07 10:50:00,D01,43.670039957546955,31.398899050011615,55.1212510702641
2026-01-07 10:50:00,D02,60.307202185561735,31.398899050011615,55.1212510702641
2026-01-07 10:50:00,D03,42.943333599449666,31.398899050011615,55.1212510702641
2026-01-07 10:50:00,D04,43.41302433989153,31.398899050011615,55.1212510702641
2026-01-07 10:50:00,D05,66.05025667273519,31.398899050011615,55.1212510702641
2026-01-07 10:55:00,D01,43.04056085024449,32.396198939136426,56.47274110129496
2026-01-07 10:55:00,D02,62.8175012555064,32.396198939136426,56.47274110129496
2026-01-07 10:55:00,D03,44.977803512307716,32.396198939136426,56.47274110129496
2026-01-07 10:55:00,D04,44.126776765580765,32.396198939136426,56.47274110129496
2026-01-07 10:55:00,D05,65.48075154453707,32.396198939136426,56.47274110129496
2026-01-07 11:00:00,D01,43.0924208066279,32.30463704578016,53.242124094832604
2026-01-07 11:00:00,D02,60.8277487961886,32.30463704578016,53.242124094832604
2026-01-07 11:00:00,D03,43.30416586297997,32.30463704578016,53.242124094832604
2026-01-07 11:00:00,D04,42.34625901865872,32.30463704578016,53.242124094832604
2026-01-07 11:00:00,D05,65.3515328931824,32.30463704578016,53.242124094832604
2026-01-07 11:05:00,D01,44.78163535735834,31.978212710093512,53.00614911350646
2026-01-07 11:05:00,D02,61.94904658552868,31.978212710093512,53.00614911350646
2026-01-07 11:05:00,D03,44.78914778827206,31.978212710093512,53.00614911350646
2026-01-07 11:05:00,D04,44.70114566131313,31.978212710093512,53.00614911350646
2026-01-07 11:05:00,D05,65.96213264069512,31.978212710093512,53.00614911350646
2026-01-07 11:10:00,D01,44.086427932397626,31.1151297556547,55.91348388096539
2026-01-07 11:10:00,D02,61.3983895463541,31.1151297556547,55.91348388096539
2026-01-07 11:10:00,D03,44.53864987360837,31.1151297556547,55.91348388096539
2026-01-07 11:10:00,D04,46.2062316005284,31.1151297556547,55.91348388096539
2026-01-07 11:10:00,D05,66.74565268091999,31.1151297556547,55.91348388096539
2026-01-07 11:15:00,D01,39.01862837959262,31.805786076322185,56.70224230280829
2026-01-07 11:15:00,D02,56.71057538054221,31.805786076322185,56.70224230280829
2026-01-07 11:15:00,D03,38.91341476199604,31.805786076322185,56.70224230280829
2026-01-07 11:15:00,D04,39.005355142665046,31.805786076322185,56.70224230280829
2026-01-07 11:15:00,D05,62.54921971309456,31.805786076322185,56.70224230280829
2026-01-07 11:20:00,D01,44.133072592505194,32.074888769511915,52.795193943201085
2026-01-07 11:20:00,D02,63.534662667987114,32.074888769511915,52.795193943201085
2026-01-07 11:20:00,D03,46.36293807560068,32.074888769511915,52.795193943201085
2026-01-07 11:20:00,D04,43.61652669086454,32.074888769511915,52.795193943201085
2026-01-07 11:20:00,D05,,32.074888769511915,52.795193943201085
2026-01-07 11:25:00,D01,38.738452892736916,32.02957566712811,56.738656024772006
2026-01-07 11:25:00,D02,57.25515511766717,32.02957566712811,56.738656024772006
2026-01-07 11:25:00,D03,38.24015818770503,32.02957566712811,56.738656024772006
2026-01-07 11:25:00,D04,36.74903642493161,32.02957566712811,56.738656024772006
2026-01-07 11:25:00,D05,61.97738641851693,32.02957566712811,56.738656024772006
2026-01-07 11:30:00,D01,43.03247655541004,31.035327515128678,55.14186414849213
2026-01-07 11:30:00,D02,61.185908195019785,31.035327515128678,55.14186414849213
2026-01-07 11:30:00,D03,43.947616698084765,31.035327515128678,55.14186414849213
2026-01-07 11:30:00,D04,44.04703428566585,31.035327515128678,55.14186414849213
2026-01-07 11:30:00,D05,67.51762885045639,31.035327515128678,55.14186414849213
2026-01-07 11:35:00,D01,43.344310644337206,31.525122767101664,56.69714462638877
2026-01-07 11:35:00,D02,61.02705671927421,31.525122767101664,56.69714462638877
2026-01-07 11:35:00,D03,41.891166093580786,31.525122767101664,56.69714462638877
2026-01-07 11:35:00,D04,43.42358606325523,31.525122767101664,56.69714462638877
2026-01-07 11:35:00,D05,66.24561686470607,31.525122767101664,56.69714462638877
2026-01-07 11:40:00,D01,38.414980817679925,31.94893460838437,54.93272247680612
2026-01-07 11:40:00,D02,57.88746620140557,31.94893460838437,54.93272247680612
2026-01-07 11:40:00,D03,96.98024699752469,31.94893460838437,54.93272247680612
2026-01-07 11:40:00,D04,37.31066483982711,31.94893460838437,54.93272247680612
2026-01-07 11:40:00,D05,61.89916657100951,31.94893460838437,54.93272247680612
2026-01-07 11:45:00,D01,39.37518417707307,32.25744007095161,51.23799389138204
2026-01-07 11:45:00,D02,57.660923798129595,32.25744007095161,51.23799389138204
2026-01-07 11:45:00,D03,38.63158371655722,32.25744007095161,51.23799389138204
2026-01-07 11:45:00,D04,41.01147306976849,32.25744007095161,51.23799389138204
2026-01-07 11:45:00,D05,62.54150438831205,32.25744007095161,51.23799389138204
2026-01-07 11:50:00,D01,37.53567273895967,30.897177197359312,54.78156671070737
2026-01-07 11:50:00,D02,56.84548835542597,30.897177197359312,54.78156671070737
2026-01-07 11:50:00,D03,39.498848120197614,30.897177197359312,54.78156671070737
2026-01-07 11:50:00,D04,38.9489331555891,30.897177197359312,54.78156671070737
2026-01-07 11:50:00,D05,61.11573506825478,30.897177197359312,54.78156671070737
2026-01-07 11:55:00,D01,40.255996893627035,31.917748147659616,56.592595457207814
2026-01-07 11:55:00,D02,58.482781035270094,31.917748147659616,56.592595457207814
2026-01-07 11:55:00,D03,37.2357666377474,31.917748147659616,56.592595457207814
2026-01-07 11:55:00,D04,39.77672120513781,31.917748147659616,56.592595457207814
2026-01-07 11:55:00,D05,63.81982654309863,31.917748147659616,56.592595457207814
2026-01-07 12:00:00,D01,40.69453734444196,32.07152438493948,53.65938097137443
2026-01-07 12:00:00,D02,58.276638724645565,32.07152438493948,53.65938097137443
2026-01-07 12:00:00,D03,38.981621408875775,32.07152438493948,53.65938097137443
2026-01-07 12:00:00,D04,41.570737925286544,32.07152438493948,53.65938097137443
2026-01-07 12:00:00,D05,63.334735000178014,32.07152438493948,53.65938097137443
2026-01-07 12:05:00,D01,42.512274185862644,32.42361612965765,54.42043227583973
2026-01-07 12:05:00,D02,60.790013363977934,32.42361612965765,54.42043227583973
2026-01-07 12:05:00,D03,38.34746561153246,32.42361612965765,54.42043227583973
2026-01-07 12:05:00,D04,42.3643421833575,32.42361612965765,54.42043227583973
2026-01-07 12:05:00,D05,64.97282032995335,32.42361612965765,54.42043227583973
2026-01-07 12:10:00,D01,40.92785828264048,32.341669900028,54.74531752885496
2026-01-07 12:10:00,D02,59.521956959634224,32.341669900028,54.74531752885496
2026-01-07 12:10:00,D03,41.353135723104025,32.341669900028,54.74531752885496
2026-01-07 12:10:00,D04,41.19377966823963,32.341669900028,54.74531752885496
2026-01-07 12:10:00,D05,66.0429638991271,32.341669900028,54.74531752885496
2026-01-07 12:15:00,D01,43.426539380685384,32.28058027559742,50.672139947811246
2026-01-07 12:15:00,D02,58.83659884024631,32.28058027559742,50.672139947811246
2026-01-07 12:15:00,D03,41.646387379546645,32.28058027559742,50.672139947811246
2026-01-07 12:15:00,D04,43.30996838979468,32.28058027559742,50.672139947811246
2026-01-07 12:15:00,D05,65.60039174073185,32.28058027559742,50.672139947811246
2026-01-07 12:20:00,D01,37.685948017748956,31.581003237107762,57.54507438223875
2026-01-07 12:20:00,D02,56.057006632679474,31.581003237107762,57.54507438223875
2026-01-07 12:20:00,D03,39.38897761316093,31.581003237107762,57.54507438223875
2026-01-07 12:20:00,D04,,31.581003237107762,57.54507438223875
2026-01-07 12:20:00,D05,60.052670644745035,31.581003237107762,57.54507438223875
2026-01-07 12:25:00,D01,39.09362051913693,31.016280622549946,53.70737309793104
2026-01-07 12:25:00,D02,58.92468886467712,31.016280622549946,53.70737309793104
2026-01-07 12:25:00,D03,38.889515443212794,31.016280622549946,53.70737309793104
2026-01-07 12:25:00,D04,40.386196071791126,31.016280622549946,53.70737309793104
2026-01-07 12:25:00,D05,62.84472614163619,31.016280622549946,53.70737309793104
2026-01-07 12:30:00,D01,34.42164636131038,31.760697928338352,55.844154534971096
2026-01-07 12:30:00,D02,55.99023430461122,31.760697928338352,55.844154534971096
2026-01-07 12:30:00,D03,34.49472017002862,31.760697928338352,55.844154534971096
2026-01-07 12:30:00,D04,36.270845647618316,31.760697928338352,55.844154534971096
2026-01-07 12:30:00,D05,57.73461758140733,31.760697928338352,55.844154534971096
2026-01-07 12:35:00,D01,37.0090059189825,32.44262346494308,54.98633319110009
2026-01-07 12:35:00,D02,57.3483272101533,32.44262346494308,54.98633319110009
2026-01-07 12:35:00,D03,37.932989724840326,32.44262346494308,54.98633319110009
2026-01-07 12:35:00,D04,37.35133129532115,32.44262346494308,54.98633319110009
2026-01-07 12:35:00,D05,60.079540781435135,32.44262346494308,54.98633319110009
2026-01-07 12:40:00,D01,40.506944672422534,32.620766028823255,57.03835105441696
2026-01-07 12:40:00,D02,58.6602897495565,32.620766028823255,57.03835105441696
2026-01-07 12:40:00,D03,40.211053744055384,32.620766028823255,57.03835105441696
2026-01-07 12:40:00,D04,40.62059959403954,32.620766028823255,57.03835105441696
2026-01-07 12:40:00,D05,64.37153420884545,32.620766028823255,57.03835105441696
2026-01-07 12:45:00,D01,39.795657635015516,32.259200953165056,55.8012313796098
2026-01-07 12:45:00,D02,58.16812253105456,32.259200953165056,55.8012313796098
2026-01-07 12:45:00,D03,41.31782928564242,32.259200953165056,55.8012313796098
2026-01-07 12:45:00,D04,40.09177740848817,32.259200953165056,55.8012313796098
2026-01-07 12:45:00,D05,63.21649778327243,32.259200953165056,55.8012313796098
2026-01-07 12:50:00,D01,35.97517328320334,32.09615044700054,54.88465352151919
2026-01-07 12:50:00,D02,51.703767759624185,32.09615044700054,54.88465352151919
2026-01-07 12:50:00,D03,34.16423460908716,32.09615044700054,54.88465352151919
2026-01-07 12:50:00,D04,34.85488298853064,32.09615044700054,54.88465352151919
2026-01-07 12:50:00,D05,59.34131838695096,32.09615044700054,54.88465352151919
2026-01-07 12:55:00,D01,37.78414756627079,32.04653017325929,53.946306663088464
2026-01-07 12:55:00,D02,54.514000699612595,32.04653017325929,53.946306663088464
2026-01-07 12:55:00,D03,35.44819884452934,32.04653017325929,53.946306663088464
2026-01-07 12:55:00,D04,36.646565230593595,32.04653017325929,53.946306663088464
2026-01-07 12:55:00,D05,58.60838099107064,32.04653017325929,53.946306663088464
2026-01-07 13:00:00,D01,37.18435008937528,31.551569758064957,56.537517789182516
2026-01-07 13:00:00,D02,55.860676265949735,31.551569758064957,56.537517789182516
2026-01-07 13:00:00,D03,36.53390073511138,31.551569758064957,56.537517789182516
2026-01-07 13:00:00,D04,35.98724820451563,31.551569758064957,56.537517789182516
2026-01-07 13:00:00,D05,61.328429301505594,31.551569758064957,56.537517789182516
2026-01-07 13:05:00,D01,39.12220030815731,31.735219125152835,52.58933950020879
2026-01-07 13:05:00,D02,57.772334997740096,31.735219125152835,52.58933950020879
2026-01-07 13:05:00,D03,37.80849345048348,31.735219125152835,52.58933950020879
2026-01-07 13:05:00,D04,38.22922112108374,31.735219125152835,52.58933950020879
2026-01-07 13:05:00,D05,62.35179691214795,31.735219125152835,52.58933950020879
2026-01-07 13:10:00,D01,35.184041471661544,32.6031195166543,56.431666122931574
2026-01-07 13:10:00,D02,54.9611434023239,32.6031195166543,56.431666122931574
2026-01-07 13:10:00,D03,35.45162069209463,32.6031195166543,56.431666122931574
2026-01-07 13:10:00,D04,34.63045688695568,32.6031195166543,56.431666122931574
2026-01-07 13:10:00,D05,,32.6031195166543,56.431666122931574
2026-01-07 13:15:00,D01,38.48331196694319,31.263371644579596,53.88213157771663
2026-01-07 13:15:00,D02,56.59066105086835,31.263371644579596,53.88213157771663
2026-01-07 13:15:00,D03,39.17782009942062,31.263371644579596,53.88213157771663
2026-01-07 13:15:00,D04,37.24054761933754,31.263371644579596,53.88213157771663
2026-01-07 13:15:00,D05,60.178040447171625,31.263371644579596,53.88213157771663
2026-01-07 13:20:00,D01,33.41354990665043,32.505852499284465,57.48149928507588
2026-01-07 13:20:00,D02,53.48172919595319,32.505852499284465,57.48149928507588
2026-01-07 13:20:00,D03,36.017175040539364,32.505852499284465,57.48149928507588
2026-01-07 13:20:00,D04,36.34282037587212,32.505852499284465,57.48149928507588
2026-01-07 13:20:00,D05,59.13247410112163,32.505852499284465,57.48149928507588
2026-01-07 13:25:00,D01,38.76549285471991,31.49902526916796,55.921870621166065
2026-01-07 13:25:00,D02,54.13531516976701,31.49902526916796,55.921870621166065
2026-01-07 13:25:00,D03,33.639149381734335,31.49902526916796,55.921870621166065
2026-01-07 13:25:00,D04,35.790765149186974,31.49902526916796,55.921870621166065
2026-01-07 13:25:00,D05,58.88443278261904,31.49902526916796,55.921870621166065
2026-01-07 13:30:00,D01,38.761192417599524,32.282113717103975,56.72739032666229
2026-01-07 13:30:00,D02,56.27916707034612,32.282113717103975,56.72739032666229
2026-01-07 13:30:00,D03,37.528376160228255,32.282113717103975,56.72739032666229
2026-01-07 13:30:00,D04,37.735221770647264,32.282113717103975,56.72739032666229
2026-01-07 13:30:00,D05,58.53763463732098,32.282113717103975,56.72739032666229
2026-01-07 13:35:00,D01,35.70075213678086,30.873149890848463,55.969868429542615
2026-01-07 13:35:00,D02,55.45165938910503,30.873149890848463,55.969868429542615
2026-01-07 13:35:00,D03,34.535361284867,30.873149890848463,55.969868429542615
2026-01-07 13:35:00,D04,36.130347666966436,30.873149890848463,55.969868429542615
2026-01-07 13:35:00,D05,59.421610587466645,30.873149890848463,55.969868429542615
2026-01-07 13:40:00,D01,32.928956574896056,31.82449103576558,53.308356486922
2026-01-07 13:40:00,D02,54.07208319132888,31.82449103576558,53.308356486922
2026-01-07 13:40:00,D03,33.93507467692833,31.82449103576558,53.308356486922
2026-01-07 13:40:00,D04,33.842421011922745,31.82449103576558,53.308356486922
2026-01-07 13:40:00,D05,58.710109691796745,31.82449103576558,53.308356486922
2026-01-07 13:45:00,D01,35.645921858263854,31.115978639689626,54.74017883958012
2026-01-07 13:45:00,D02,53.112377416207785,31.115978639689626,54.74017883958012
2026-01-07 13:45:00,D03,34.545724018232036,31.115978639689626,54.74017883958012
2026-01-07 13:45:00,D04,36.23928712986368,31.115978639689626,54.74017883958012
2026-01-07 13:45:00,D05,58.51577826499514,31.115978639689626,54.74017883958012
2026-01-07 13:50:00,D01,33.76186240216525,30.727420569929023,57.13847567463484
2026-01-07 13:50:00,D02,54.655463022199825,30.727420569929023,57.13847567463484
2026-01-07 13:50:00,D03,34.542449625726704,30.727420569929023,57.13847567463484
2026-01-07 13:50:00,D04,36.13854118155526,30.727420569929023,57.13847567463484
2026-01-07 13:50:00,D05,58.817633273452174,30.727420569929023,57.13847567463484
2026-01-07 13:55:00,D01,34.894943788599335,31.492900799743026,56.48271616896466
2026-01-07 13:55:00,D02,53.68493422062465,31.492900799743026,56.48271616896466
2026-01-07 13:55:00,D03,33.07494085900154,31.492900799743026,56.48271616896466
2026-01-07 13:55:00,D04,35.43719444947731,31.492900799743026,56.48271616896466
2026-01-07 13:55:00,D05,59.01013641072997,31.492900799743026,56.48271616896466
2026-01-07 14:00:00,D01,34.8939735938301,31.834862913220185,58.1112308201141
2026-01-07 14:00:00,D02,52.23060002926968,31.834862913220185,58.1112308201141
2026-01-07 14:00:00,D03,34.685889878118104,31.834862913220185,58.1112308201141
2026-01-07 14:00:00,D04,36.390088508979794,31.834862913220185,58.1112308201141
2026-01-07 14:00:00,D05,,31.834862913220185,58.1112308201141
2026-01-07 14:05:00,D01,37.068158590402184,30.85208863406799,57.055793137826285
2026-01-07 14:05:00,D02,56.05402490821065,30.85208863406799,57.055793137826285
2026-01-07 14:05:00,D03,36.59875947431325,30.85208863406799,57.055793137826285
2026-01-07 14:05:00,D04,37.598426658050194,30.85208863406799,57.055793137826285
2026-01-07 14:05:00,D05,,30.85208863406799,57.055793137826285
2026-01-07 14:10:00,D01,36.869809836028644,30.46744924883524,55.116032705817126
2026-01-07 14:10:00,D02,55.27604846439519,30.46744924883524,55.116032705817126
2026-01-07 14:10:00,D03,146.13377171524326,30.46744924883524,55.116032705817126
2026-01-07 14:10:00,D04,33.79919761815239,30.46744924883524,55.116032705817126
2026-01-07 14:10:00,D05,59.2774931055001,30.46744924883524,55.116032705817126
2026-01-07 14:15:00,D01,34.658911736551836,31.111425679345253,55.491207670393585
2026-01-07 14:15:00,D02,52.46746473433178,31.111425679345253,55.491207670393585
2026-01-07 14:15:00,D03,36.09030811080729,31.111425679345253,55.491207670393585
2026-01-07 14:15:00,D04,33.19633075408998,31.111425679345253,55.491207670393585
2026-01-07 14:15:00,D05,57.100160183594994,31.111425679345253,55.491207670393585
2026-01-07 14:20:00,D01,36.633967782799544,31.052042557056364,56.962855642894944
2026-01-07 14:20:00,D02,56.10585254119211,31.052042557056364,56.962855642894944
2026-01-07 14:20:00,D03,34.32878538657692,31.052042557056364,56.962855642894944
2026-01-07 14:20:00,D04,36.61763645093111,31.052042557056364,56.962855642894944
2026-01-07 14:20:00,D05,58.91763277361402,31.052042557056364,56.962855642894944
2026-01-07 14:25:00,D01,33.42812224052106,31.30638283511467,53.464487858325
2026-01-07 14:25:00,D02,52.788880165274065,31.30638283511467,53.464487858325
2026-01-07 14:25:00,D03,33.13475423251295,31.30638283511467,53.464487858325
2026-01-07 14:25:00,D04,33.33789461339172,31.30638283511467,53.464487858325
2026-01-07 14:25:00,D05,58.71348129357112,31.30638283511467,53.464487858325
2026-01-07 14:30:00,D01,34.843110918172414,31.441563987138416,59.57662942552213
2026-01-07 14:30:00,D02,54.65041570756682,31.441563987138416,59.57662942552213
2026-01-07 14:30:00,D03,33.73517762257365,31.441563987138416,59.57662942552213
2026-01-07 14:30:00,D04,34.85386230217367,31.441563987138416,59.57662942552213
2026-01-07 14:30:00,D05,59.98238290421169,31.441563987138416,59.57662942552213
2026-01-07 14:35:00,D01,35.457921934766745,30.869714824828176,57.86377527363749
2026-01-07 14:35:00,D02,53.35818153114731,30.869714824828176,57.86377527363749
2026-01-07 14:35:00,D03,34.17911436958548,30.869714824828176,57.86377527363749
2026-01-07 14:35:00,D04,32.796626686291425,30.869714824828176,57.86377527363749
2026-01-07 14:35:00,D05,57.79366169449998,30.869714824828176,57.86377527363749
2026-01-07 14:40:00,D01,33.0871482159904,31.75797387299202,59.180107464383525
2026-01-07 14:40:00,D02,52.3191660350592,31.75797387299202,59.180107464383525
2026-01-07 14:40:00,D03,34.00023676775768,31.75797387299202,59.180107464383525
2026-01-07 14:40:00,D04,34.77787462680959,31.75797387299202,59.180107464383525
2026-01-07 14:40:00,D05,58.364649404698916,31.75797387299202,59.180107464383525
2026-01-07 14:45:00,D01,32.91219555742722,30.871316409662526,55.11069601399649
2026-01-07 14:45:00,D02,52.48177397298612,30.871316409662526,55.11069601399649
2026-01-07 14:45:00,D03,35.02261493197715,30.871316409662526,55.11069601399649
2026-01-07 14:45:00,D04,34.91055825744828,30.871316409662526,55.11069601399649
2026-01-07 14:45:00,D05,59.022604930028265,30.871316409662526,55.11069601399649
2026-01-07 14:50:00,D01,31.454384985680726,30.513173431047175,59.49407437243163
2026-01-07 14:50:00,D02,48.107871565449365,30.513173431047175,59.49407437243163
2026-01-07 14:50:00,D03,30.179709349990496,30.513173431047175,59.49407437243163
2026-01-07 14:50:00,D04,29.605679893960296,30.513173431047175,59.49407437243163
2026-01-07 14:50:00,D05,54.37425847726286,30.513173431047175,59.49407437243163
2026-01-07 14:55:00,D01,32.93074202486024,29.80603613074736,61.123608745944075
2026-01-07 14:55:00,D02,50.460764100400475,29.80603613074736,61.123608745944075
2026-01-07 14:55:00,D03,31.720597929116703,29.80603613074736,61.123608745944075
2026-01-07 14:55:00,D04,32.71385003517383,29.80603613074736,61.123608745944075
2026-01-07 14:55:00,D05,53.881682941827606,29.80603613074736,61.123608745944075
2026-01-07 15:00:00,D01,30.49983404635722,30.40420414577466,55.947614655068534
2026-01-07 15:00:00,D02,50.32432073292442,30.40420414577466,55.947614655068534
2026-01-07 15:00:00,D03,33.087136711279214,30.40420414577466,55.947614655068534
2026-01-07 15:00:00,D04,33.18998579672238,30.40420414577466,55.947614655068534
2026-01-07 15:00:00,D05,56.9459008838441,30.40420414577466,55.947614655068534
2026-01-07 15:05:00,D01,35.22136772353318,30.2893718062058,59.241972134532915
2026-01-07 15:05:00,D02,52.6139188573414,30.2893718062058,59.241972134532915
2026-01-07 15:05:00,D03,34.77455125636749,30.2893718062058,59.241972134532915
2026-01-07 15:05:00,D04,34.09709167231896,30.2893718062058,59.241972134532915
2026-01-07 15:05:00,D05,55.181344242381904,30.2893718062058,59.241972134532915
2026-01-07 15:10:00,D01,36.183571359480304,30.858103436219047,58.24576284087431
2026-01-07 15:10:00,D02,56.565391102363975,30.858103436219047,58.24576284087431
2026-01-07 15:10:00,D03,35.569735701459315,30.858103436219047,58.24576284087431
2026-01-07 15:10:00,D04,36.84759984848773,30.858103436219047,58.24576284087431
2026-01-07 15:10:00,D05,58.00832952410851,30.858103436219047,58.24576284087431
2026-01-07 15:15:00,D01,36.56374631342912,30.527970887533773,56.08989107662694
2026-01-07 15:15:00,D02,55.370170917067746,30.527970887533773,56.08989107662694
2026-01-07 15:15:00,D03,35.493098231128734,30.527970887533773,56.08989107662694
2026-01-07 15:15:00,D04,37.47245581693788,30.527970887533773,56.08989107662694
2026-01-07 15:15:00,D05,61.03678192107517,30.527970887533773,56.08989107662694
2026-01-07 15:20:00,D01,32.98519931750628,29.624253487616404,59.311449860912376
2026-01-07 15:20:00,D02,54.26759603155942,29.624253487616404,59.311449860912376
2026-01-07 15:20:00,D03,33.20950635511795,29.624253487616404,59.311449860912376
2026-01-07 15:20:00,D04,34.47134738846995,29.624253487616404,59.311449860912376
2026-01-07 15:20:00,D05,,29.624253487616404,59.311449860912376
2026-01-07 15:25:00,D01,34.83992652695284,30.21574455412582,59.991170085415426
2026-01-07 15:25:00,D02,51.289516052515125,30.21574455412582,59.991170085415426
2026-01-07 15:25:00,D03,32.255861353342745,30.21574455412582,59.991170085415426
2026-01-07 15:25:00,D04,35.16121392574446,30.21574455412582,59.991170085415426
2026-01-07 15:25:00,D05,54.46025463828687,30.21574455412582,59.991170085415426
2026-01-07 15:30:00,D01,27.684207247394376,30.379572730908148,58.01069588090949
2026-01-07 15:30:00,D02,46.44918417583549,30.379572730908148,58.01069588090949
2026-01-07 15:30:00,D03,28.91569867664678,30.379572730908148,58.01069588090949
2026-01-07 15:30:00,D04,27.49163284742651,30.379572730908148,58.01069588090949
2026-01-07 15:30:00,D05,52.070464307458266,30.379572730908148,58.01069588090949
2026-01-07 15:35:00,D01,31.58547566783212,30.720563921511836,60.835778296746994
2026-01-07 15:35:00,D02,48.09769164444238,30.720563921511836,60.835778296746994
2026-01-07 15:35:00,D03,29.669012818427635,30.720563921511836,60.835778296746994
2026-01-07 15:35:00,D04,30.51112994756112,30.720563921511836,60.835778296746994
2026-01-07 15:35:00,D05,54.688388524036114,30.720563921511836,60.835778296746994
2026-01-07 15:40:00,D01,29.673748218234422,30.31163416546226,56.76409052630575
2026-01-07 15:40:00,D02,48.804486466513964,30.31163416546226,56.76409052630575
2026-01-07 15:40:00,D03,30.16008962070329,30.31163416546226,56.76409052630575
2026-01-07 15:40:00,D04,30.185124522059517,30.31163416546226,56.76409052630575
2026-01-07 15:40:00,D05,53.83637195032363,30.31163416546226,56.76409052630575
2026-01-07 15:45:00,D01,29.98330191789796,30.158274492253764,57.20216345012948
2026-01-07 15:45:00,D02,48.96718162900267,30.158274492253764,57.20216345012948
2026-01-07 15:45:00,D03,31.281622735008632,30.158274492253764,57.20216345012948
2026-01-07 15:45:00,D04,31.017917165449933,30.158274492253764,57.20216345012948
2026-01-07 15:45:00,D05,124.38101816137869,30.158274492253764,57.20216345012948
2026-01-07 15:50:00,D01,32.260047598671164,29.7165410390417,59.83190000991489
2026-01-07 15:50:00,D02,50.7929560286287,29.7165410390417,59.83190000991489
2026-01-07 15:50:00,D03,31.12910203188442,29.7165410390417,59.83190000991489
2026-01-07 15:50:00,D04,32.79522356844641,29.7165410390417,59.83190000991489
2026-01-07 15:50:00,D05,54.556544109208374,29.7165410390417,59.83190000991489
2026-01-07 15:55:00,D01,30.12666329158694,29.78802229351432,59.85034533535322
2026-01-07 15:55:00,D02,49.79773748148186,29.78802229351432,59.85034533535322
2026-01-07 15:55:00,D03,29.560386315128497,29.78802229351432,59.85034533535322
2026-01-07 15:55:00,D04,30.919529431455963,29.78802229351432,59.85034533535322
2026-01-07 15:55:00,D05,54.176999990007715,29.78802229351432,59.85034533535322
2026-01-07 16:00:00,D01,26.97635096198378,30.124752450353082,58.92513976736384
2026-01-07 16:00:00,D02,45.2452449306827,30.124752450353082,58.92513976736384
2026-01-07 16:00:00,D03,28.555960398989765,30.124752450353082,58.92513976736384
2026-01-07 16:00:00,D04,,30.124752450353082,58.92513976736384
2026-01-07 16:00:00,D05,52.51061668280257,30.124752450353082,58.92513976736384
2026-01-07 16:05:00,D01,33.86135765233481,28.738555145857102,61.40450396476397
2026-01-07 16:05:00,D02,51.40282423534461,28.738555145857102,61.40450396476397
2026-01-07 16:05:00,D03,30.849572010406177,28.738555145857102,61.40450396476397
2026-01-07 16:05:00,D04,33.40527020251033,28.738555145857102,61.40450396476397
2026-01-07 16:05:00,D05,57.52113438688018,28.738555145857102,61.40450396476397
2026-01-07 16:10:00,D01,30.581802909959794,29.134023402566697,61.17885533897358
2026-01-07 16:10:00,D02,47.689866672573565,29.134023402566697,61.17885533897358
2026-01-07 16:10:00,D03,28.65661056086071,29.134023402566697,61.17885533897358
2026-01-07 16:10:00,D04,,29.134023402566697,61.17885533897358
2026-01-07 16:10:00,D05,52.62193822416787,29.134023402566697,61.17885533897358
2026-01-07 16:15:00,D01,32.15445611617967,28.82515907671691,61.86432170421096
2026-01-07 16:15:00,D02,48.820632701169274,28.82515907671691,61.86432170421096
2026-01-07 16:15:00,D03,31.4681062895141,28.82515907671691,61.86432170421096
2026-01-07 16:15:00,D04,31.093634223758446,28.82515907671691,61.86432170421096
2026-01-07 16:15:00,D05,55.91655538722598,28.82515907671691,61.86432170421096
2026-01-07 16:20:00,D01,34.43031769350951,29.30266786806657,60.589112729564576
2026-01-07 16:20:00,D02,53.20091493566848,29.30266786806657,60.589112729564576
2026-01-07 16:20:00,D03,35.10099612753309,29.30266786806657,60.589112729564576
2026-01-07 16:20:00,D04,35.159764076342285,29.30266786806657,60.589112729564576
2026-01-07 16:20:00,D05,59.829680568468206,29.30266786806657,60.589112729564576
2026-01-07 16:25:00,D01,28.497507526335095,29.62884453711911,61.876403503380075
2026-01-07 16:25:00,D02,47.34400214687963,29.62884453711911,61.876403503380075
2026-01-07 16:25:00,D03,29.188612081710755,29.62884453711911,61.876403503380075
2026-01-07 16:25:00,D04,28.35382000696058,29.62884453711911,61.876403503380075
2026-01-07 16:25:00,D05,51.95393439640201,29.62884453711911,61.876403503380075
2026-01-07 16:30:00,D01,25.78054489313452,28.61493001846493,60.50469022180408
2026-01-07 16:30:00,D02,46.250879959389124,28.61493001846493,60.50469022180408
2026-01-07 16:30:00,D03,26.311069449203973,28.61493001846493,60.50469022180408
2026-01-07 16:30:00,D04,25.06353360399684,28.61493001846493,60.50469022180408
2026-01-07 16:30:00,D05,49.92683089744518,28.61493001846493,60.50469022180408
2026-01-07 16:35:00,D01,30.428842925337445,27.61703800768379,64.45634765229288
2026-01-07 16:35:00,D02,49.42591444785549,27.61703800768379,64.45634765229288
2026-01-07 16:35:00,D03,30.072505424366437,27.61703800768379,64.45634765229288
2026-01-07 16:35:00,D04,30.475948437962,27.61703800768379,64.45634765229288
2026-01-07 16:35:00,D05,,27.61703800768379,64.45634765229288
2026-01-07 16:40:00,D01,31.817127151998275,28.50399034411613,60.36097991156029
2026-01-07 16:40:00,D02,52.60363824288455,28.50399034411613,60.36097991156029
2026-01-07 16:40:00,D03,32.43693477999437,28.50399034411613,60.36097991156029
2026-01-07 16:40:00,D04,32.32676831561736,28.50399034411613,60.36097991156029
2026-01-07 16:40:00,D05,57.38321995463403,28.50399034411613,60.36097991156029
2026-01-07 16:45:00,D01,35.17043155306999,29.06393419252452,64.94355149115583
2026-01-07 16:45:00,D02,52.09516010145258,29.06393419252452,64.94355149115583
2026-01-07 16:45:00,D03,34.03980426883043,29.06393419252452,64.94355149115583
2026-01-07 16:45:00,D04,,29.06393419252452,64.94355149115583
2026-01-07 16:45:00,D05,97.51708533538333,29.06393419252452,64.94355149115583
2026-01-07 16:50:00,D01,28.08924463325251,28.772343948996298,62.045273925591395
2026-01-07 16:50:00,D02,48.354273330051214,28.772343948996298,62.045273925591395
2026-01-07 16:50:00,D03,27.392215501574555,28.772343948996298,62.045273925591395
2026-01-07 16:50:00,D04,28.15027416804721,28.772343948996298,62.045273925591395
2026-01-07 16:50:00,D05,51.91495094846276,28.772343948996298,62.045273925591395
2026-01-07 16:55:00,D01,29.67719158397563,28.613238194060262,60.13844352533694
2026-01-07 16:55:00,D02,51.86025506737482,28.613238194060262,60.13844352533694
2026-01-07 16:55:00,D03,32.180443226940625,28.613238194060262,60.13844352533694
2026-01-07 16:55:00,D04,32.75215267232774,28.613238194060262,60.13844352533694
2026-01-07 16:55:00,D05,54.596399322532974,28.613238194060262,60.13844352533694
2026-01-07 17:00:00,D01,28.481194341088493,28.15409857457536,64.46392857470771
2026-01-07 17:00:00,D02,46.58795451645423,28.15409857457536,64.46392857470771
2026-01-07 17:00:00,D03,28.76359234407271,28.15409857457536,64.46392857470771
2026-01-07 17:00:00,D04,28.16502643376998,28.15409857457536,64.46392857470771
2026-01-07 17:00:00,D05,53.71238454126028,28.15409857457536,64.46392857470771
2026-01-07 17:05:00,D01,29.570553919607455,27.548914093520953,62.81199315933075
2026-01-07 17:05:00,D02,48.55547008770555,27.548914093520953,62.81199315933075
2026-01-07 17:05:00,D03,30.921453702267364,27.548914093520953,62.81199315933075
2026-01-07 17:05:00,D04,28.860195032420098,27.548914093520953,62.81199315933075
2026-01-07 17:05:00,D05,53.23210263814794,27.548914093520953,62.81199315933075
2026-01-07 17:10:00,D01,35.45286893399369,28.33984523050275,64.11229000818932
2026-01-07 17:10:00,D02,55.21752197252519,28.33984523050275,64.11229000818932
2026-01-07 17:10:00,D03,35.54472570509462,28.33984523050275,64.11229000818932
2026-01-07 17:10:00,D04,35.41465786498088,28.33984523050275,64.11229000818932
2026-01-07 17:10:00,D05,58.975458464017564,28.33984523050275,64.11229000818932
2026-01-07 17:15:00,D01,29.07548533468139,27.558310705063313,64.88488065765264
2026-01-07 17:15:00,D02,47.03655032770317,27.558310705063313,64.88488065765264
2026-01-07 17:15:00,D03,26.66495173232126,27.558310705063313,64.88488065765264
2026-01-07 17:15:00,D04,28.122973321006665,27.558310705063313,64.88488065765264
2026-01-07 17:15:00,D05,51.31628902779721,27.558310705063313,64.88488065765264
2026-01-07 17:20:00,D01,30.897573099006692,28.960289255024886,63.770451554548224
2026-01-07 17:20:00,D02,49.196787955680094,28.960289255024886,63.770451554548224
2026-01-07 17:20:00,D03,31.2778090086112,28.960289255024886,63.770451554548224
2026-01-07 17:20:00,D04,30.169343942080488,28.960289255024886,63.770451554548224
2026-01-07 17:20:00,D05,53.73900665997175,28.960289255024886,63.770451554548224
2026-01-07 17:25:00,D01,30.210999348954637,28.045870535126866,62.59040487088156
2026-01-07 17:25:00,D02,49.97207822741251,28.045870535126866,62.59040487088156
2026-01-07 17:25:00,D03,30.324317314130145,28.045870535126866,62.59040487088156
2026-01-07 17:25:00,D04,30.951394375380683,28.045870535126866,62.59040487088156
2026-01-07 17:25:00,D05,53.468238746128975,28.045870535126866,62.59040487088156
2026-01-07 17:30:00,D01,32.47775484044776,27.36230680982329,65.15830814430333
2026-01-07 17:30:00,D02,50.89547498502101,27.36230680982329,65.15830814430333
2026-01-07 17:30:00,D03,130.74007127373477,27.36230680982329,65.15830814430333
2026-01-07 17:30:00,D04,33.25704945194201,27.36230680982329,65.15830814430333
2026-01-07 17:30:00,D05,57.34096617327411,27.36230680982329,65.15830814430333
2026-01-07 17:35:00,D01,29.903315177264716,27.23864175056554,63.91246451266218
2026-01-07 17:35:00,D02,49.611478539902926,27.23864175056554,63.91246451266218
2026-01-07 17:35:00,D03,30.46812904591038,27.23864175056554,63.91246451266218
2026-01-07 17:35:00,D04,29.867374384806066,27.23864175056554,63.91246451266218
2026-01-07 17:35:00,D05,53.669070512611796,27.23864175056554,63.91246451266218
2026-01-07 17:40:00,D01,30.97891233762429,27.38930661043151,65.15722930043601
2026-01-07 17:40:00,D02,51.10691575610353,27.38930661043151,65.15722930043601
2026-01-07 17:40:00,D03,30.057829408998828,27.38930661043151,65.15722930043601
2026-01-07 17:40:00,D04,29.89663570190055,27.38930661043151,65.15722930043601
2026-01-07 17:40:00,D05,53.323859611666194,27.38930661043151,65.15722930043601
2026-01-07 17:45:00,D01,29.818681319805997,27.20726468513984,61.115372847011386
2026-01-07 17:45:00,D02,47.7325801604927,27.20726468513984,61.115372847011386
2026-01-07 17:45:00,D03,29.76674844810494,27.20726468513984,61.115372847011386
2026-01-07 17:45:00,D04,29.946505978747012,27.20726468513984,61.115372847011386
2026-01-07 17:45:00,D05,52.21138088167177,27.20726468513984,61.115372847011386
2026-01-07 17:50:00,D01,31.75700231389557,27.776513824591678,65.23427870186138
2026-01-07 17:50:00,D02,50.82402640761622,27.776513824591678,65.23427870186138
2026-01-07 17:50:00,D03,31.09436139236027,27.776513824591678,65.23427870186138
2026-01-07 17:50:00,D04,29.24373564598236,27.776513824591678,65.23427870186138
2026-01-07 17:50:00,D05,54.54231156231957,27.776513824591678,65.23427870186138
2026-01-07 17:55:00,D01,29.291708682536065,27.202282510044835,63.82397241193684
2026-01-07 17:55:00,D02,47.81968290734804,27.202282510044835,63.82397241193684
2026-01-07 17:55:00,D03,30.47351478401605,27.202282510044835,63.82397241193684
2026-01-07 17:55:00,D04,28.94233103591713,27.202282510044835,63.82397241193684
2026-01-07 17:55:00,D05,54.99977652148202,27.202282510044835,63.82397241193684
2026-01-07 18:00:00,D01,32.882104307311934,26.634184130545727,67.47996445576783
2026-01-07 18:00:00,D02,49.69080192701671,26.634184130545727,67.47996445576783
2026-01-07 18:00:00,D03,32.2092907921214,26.634184130545727,67.47996445576783
2026-01-07 18:00:00,D04,31.35742012011842,26.634184130545727,67.47996445576783
2026-01-07 18:00:00,D05,55.22254753262304,26.634184130545727,67.47996445576783
2026-01-07 18:05:00,D01,30.17118171964983,27.836145917405094,66.15277987217924
2026-01-07 18:05:00,D02,49.386964593570994,27.836145917405094,66.15277987217924
2026-01-07 18:05:00,D03,29.754433077839924,27.836145917405094,66.15277987217924
2026-01-07 18:05:00,D04,29.792178195660117,27.836145917405094,66.15277987217924
2026-01-07 18:05:00,D05,53.9775428428409,27.836145917405094,66.15277987217924
2026-01-07 18:10:00,D01,30.056279027173602,26.806557228933425,65.7959804924273
2026-01-07 18:10:00,D02,51.00079142642021,26.806557228933425,65.7959804924273
2026-01-07 18:10:00,D03,29.636127620777028,26.806557228933425,65.7959804924273
2026-01-07 18:10:00,D04,31.586366593683454,26.806557228933425,65.7959804924273
2026-01-07 18:10:00,D05,54.52344020191189,26.806557228933425,65.7959804924273
2026-01-07 18:15:00,D01,32.172740805992476,27.057404191833747,66.38349628232673
2026-01-07 18:15:00,D02,50.139357111746115,27.057404191833747,66.38349628232673
2026-01-07 18:15:00,D03,32.41147212841807,27.057404191833747,66.38349628232673
2026-01-07 18:15:00,D04,30.9415380956586,27.057404191833747,66.38349628232673
2026-01-07 18:15:00,D05,54.30506765536762,27.057404191833747,66.38349628232673
2026-01-07 18:20:00,D01,32.617148033896974,26.260108032539325,64.3738961481615
2026-01-07 18:20:00,D02,50.30934370546084,26.260108032539325,64.3738961481615
2026-01-07 18:20:00,D03,30.886537309555063,26.260108032539325,64.3738961481615
2026-01-07 18:20:00,D04,31.987679662234402,26.260108032539325,64.3738961481615
2026-01-07 18:20:00,D05,56.25219465834789,26.260108032539325,64.3738961481615
2026-01-07 18:25:00,D01,29.121524666627597,26.63722343961242,68.52355378431176
2026-01-07 18:25:00,D02,48.835611343892545,26.63722343961242,68.52355378431176
2026-01-07 18:25:00,D03,30.90591234488214,26.63722343961242,68.52355378431176
2026-01-07 18:25:00,D04,30.91416243252163,26.63722343961242,68.52355378431176
2026-01-07 18:25:00,D05,54.70787893402654,26.63722343961242,68.52355378431176
2026-01-07 18:30:00,D01,28.192399501078555,26.502924034471345,69.29231754982587
2026-01-07 18:30:00,D02,46.71731375152888,26.502924034471345,69.29231754982587
2026-01-07 18:30:00,D03,26.970770266734434,26.502924034471345,69.29231754982587
2026-01-07 18:30:00,D04,27.04563570602539,26.502924034471345,69.29231754982587
2026-01-07 18:30:00,D05,49.60045945385591,26.502924034471345,69.29231754982587
2026-01-07 18:35:00,D01,34.718005481948815,25.294558423002364,67.11060412772144
2026-01-07 18:35:00,D02,52.04653400530434,25.294558423002364,67.11060412772144
2026-01-07 18:35:00,D03,31.466085524269253,25.294558423002364,67.11060412772144
2026-01-07 18:35:00,D04,33.36143520803784,25.294558423002364,67.11060412772144
2026-01-07 18:35:00,D05,56.92138546839804,25.294558423002364,67.11060412772144
2026-01-07 18:40:00,D01,28.30743260443312,27.139396666895678,69.12208712952975
2026-01-07 18:40:00,D02,46.64145484825795,27.139396666895678,69.12208712952975
2026-01-07 18:40:00,D03,109.64654747656718,27.139396666895678,69.12208712952975
2026-01-07 18:40:00,D04,27.70667577236309,27.139396666895678,69.12208712952975
2026-01-07 18:40:00,D05,52.712517663772324,27.139396666895678,69.12208712952975
2026-01-07 18:45:00,D01,28.380964258294462,26.66987062038066,66.09718092215242
2026-01-07 18:45:00,D02,48.727547842410885,26.66987062038066,66.09718092215242
2026-01-07 18:45:00,D03,28.80586163242542,26.66987062038066,66.09718092215242
2026-01-07 18:45:00,D04,29.54972257392776,26.66987062038066,66.09718092215242
2026-01-07 18:45:00,D05,53.511296200546155,26.66987062038066,66.09718092215242
2026-01-07 18:50:00,D01,28.873342383260017,25.719204272236503,65.96872579004354
2026-01-07 18:50:00,D02,47.72545102465025,25.719204272236503,65.96872579004354
2026-01-07 18:50:00,D03,30.351300056524202,25.719204272236503,65.96872579004354
2026-01-07 18:50:00,D04,28.892967146039254,25.719204272236503,65.96872579004354
2026-01-07 18:50:00,D05,51.94309191495305,25.719204272236503,65.96872579004354
2026-01-07 18:55:00,D01,33.750187215726726,25.260435668141206,67.43824604635512
2026-01-07 18:55:00,D02,54.23444683784193,25.260435668141206,67.43824604635512
2026-01-07 18:55:00,D03,32.32214458792881,25.260435668141206,67.43824604635512
2026-01-07 18:55:00,D04,33.083323815374214,25.260435668141206,67.43824604635512
2026-01-07 18:55:00,D05,56.81508603725105,25.260435668141206,67.43824604635512
2026-01-07 19:00:00,D01,27.347249964182435,25.879685581389186,68.24060200857701
2026-01-07 19:00:00,D02,47.02862683112353,25.879685581389186,68.24060200857701
2026-01-07 19:00:00,D03,25.807448302727565,25.879685581389186,68.24060200857701
2026-01-07 19:00:00,D04,26.234534899195292,25.879685581389186,68.24060200857701
2026-01-07 19:00:00,D05,50.938390257894625,25.879685581389186,68.24060200857701
2026-01-07 19:05:00,D01,37.24548585432427,25.64420377955224,67.20731011844524
2026-01-07 19:05:00,D02,56.703413567682276,25.64420377955224,67.20731011844524
2026-01-07 19:05:00,D03,34.338928918439436,25.64420377955224,67.20731011844524
2026-01-07 19:05:00,D04,38.788183659461545,25.64420377955224,67.20731011844524
2026-01-07 19:05:00,D05,61.18122449528101,25.64420377955224,67.20731011844524
2026-01-07 19:10:00,D01,32.67666731912159,25.67430547676027,68.81371028059542
2026-01-07 19:10:00,D02,53.370193991598256,25.67430547676027,68.81371028059542
2026-01-07 19:10:00,D03,34.3097069037734,25.67430547676027,68.81371028059542
2026-01-07 19:10:00,D04,31.660088435290575,25.67430547676027,68.81371028059542
2026-01-07 19:10:00,D05,58.60157704320257,25.67430547676027,68.81371028059542
2026-01-07 19:15:00,D01,32.47518830361167,25.488591371581244,68.67397887614173
2026-01-07 19:15:00,D02,50.486136617921936,25.488591371581244,68.67397887614173
2026-01-07 19:15:00,D03,29.90670829028717,25.488591371581244,68.67397887614173
2026-01-07 19:15:00,D04,32.16649293687497,25.488591371581244,68.67397887614173
2026-01-07 19:15:00,D05,54.753029320393594,25.488591371581244,68.67397887614173
2026-01-07 19:20:00,D01,30.18044931785681,25.543019778024608,66.92274127032013
2026-01-07 19:20:00,D02,50.71281757808731,25.543019778024608,66.92274127032013
2026-01-07 19:20:00,D03,30.820196655147505,25.543019778024608,66.92274127032013
2026-01-07 19:20:00,D04,31.923658324930837,25.543019778024608,66.92274127032013
2026-01-07 19:20:00,D05,52.82369276894641,25.543019778024608,66.92274127032013
2026-01-07 19:25:00,D01,32.28194879525424,25.911462658277404,69.40256990901457
2026-01-07 19:25:00,D02,52.192769603306026,25.911462658277404,69.40256990901457
2026-01-07 19:25:00,D03,31.149621627165462,25.911462658277404,69.40256990901457
2026-01-07 19:25:00,D04,32.07661837366623,25.911462658277404,69.40256990901457
2026-01-07 19:25:00,D05,55.114725194212845,25.911462658277404,69.40256990901457
2026-01-07 19:30:00,D01,31.51538673329451,25.37063444073887,70.12212668743318
2026-01-07 19:30:00,D02,51.522893622869375,25.37063444073887,70.12212668743318
2026-01-07 19:30:00,D03,31.70544856486245,25.37063444073887,70.12212668743318
2026-01-07 19:30:00,D04,31.26799864251609,25.37063444073887,70.12212668743318
2026-01-07 19:30:00,D05,53.48390113360966,25.37063444073887,70.12212668743318
2026-01-07 19:35:00,D01,32.56833933871653,24.461438801251326,69.28467087497299
2026-01-07 19:35:00,D02,51.366000176933284,24.461438801251326,69.28467087497299
2026-01-07 19:35:00,D03,32.94717836557651,24.461438801251326,69.28467087497299
2026-01-07 19:35:00,D04,33.83382196261247,24.461438801251326,69.28467087497299
2026-01-07 19:35:00,D05,57.19430486446525,24.461438801251326,69.28467087497299
2026-01-07 19:40:00,D01,31.934568496849952,25.56819011765273,70.95515477229952
2026-01-07 19:40:00,D02,49.837305629517886,25.56819011765273,70.95515477229952
2026-01-07 19:40:00,D03,33.71939352194404,25.56819011765273,70.95515477229952
2026-01-07 19:40:00,D04,31.716117169101587,25.56819011765273,70.95515477229952
2026-01-07 19:40:00,D05,,25.56819011765273,70.95515477229952
2026-01-07 19:45:00,D01,31.154581764530793,25.608863830649156,67.59678121194455
2026-01-07 19:45:00,D02,50.63102250582936,25.608863830649156,67.59678121194455
2026-01-07 19:45:00,D03,31.461927617125596,25.608863830649156,67.59678121194455
2026-01-07 19:45:00,D04,31.8975526135403,25.608863830649156,67.59678121194455
2026-01-07 19:45:00,D05,55.988392626656214,25.608863830649156,67.59678121194455
2026-01-07 19:50:00,D01,30.357828310140924,26.26728530108088,70.31941176554811
2026-01-07 19:50:00,D02,51.072285654845345,26.26728530108088,70.31941176554811
2026-01-07 19:50:00,D03,31.39029284523366,26.26728530108088,70.31941176554811
2026-01-07 19:50:00,D04,30.856129257049673,26.26728530108088,70.31941176554811
2026-01-07 19:50:00,D05,,26.26728530108088,70.31941176554811
2026-01-07 19:55:00,D01,32.275039906798575,24.033309138783288,68.05446662959866
2026-01-07 19:55:00,D02,51.39939250417807,24.033309138783288,68.05446662959866
2026-01-07 19:55:00,D03,31.259077412344926,24.033309138783288,68.05446662959866
2026-01-07 19:55:00,D04,30.561035941358632,24.033309138783288,68.05446662959866
2026-01-07 19:55:00,D05,56.37458075429974,24.033309138783288,68.05446662959866
2026-01-07 20:00:00,D01,30.217003363341714,24.621441006575143,68.32887796265035
2026-01-07 20:00:00,D02,50.98779322647387,24.621441006575143,68.32887796265035
2026-01-07 20:00:00,D03,31.967460825380876,24.621441006575143,68.32887796265035
2026-01-07 20:00:00,D04,31.496613465173553,24.621441006575143,68.32887796265035
2026-01-07 20:00:00,D05,52.775818566098835,24.621441006575143,68.32887796265035
2026-01-07 20:05:00,D01,32.97818923445597,23.365084357602925,69.24133633099848
2026-01-07 20:05:00,D02,52.7205467096603,23.365084357602925,69.24133633099848
2026-01-07 20:05:00,D03,33.255505107518346,23.365084357602925,69.24133633099848
2026-01-07 20:05:00,D04,35.5978322943262,23.365084357602925,69.24133633099848
2026-01-07 20:05:00,D05,,23.365084357602925,69.24133633099848
2026-01-07 20:10:00,D01,34.87419255227797,24.590076536455495,68.95990580810684
2026-01-07 20:10:00,D02,50.329727293415786,24.590076536455495,68.95990580810684
2026-01-07 20:10:00,D03,33.82858954084927,24.590076536455495,68.95990580810684
2026-01-07 20:10:00,D04,33.00954434131342,24.590076536455495,68.95990580810684
2026-01-07 20:10:00,D05,56.43947879088554,24.590076536455495,68.95990580810684
2026-01-07 20:15:00,D01,26.78237417230033,23.9480486858186,69.73370860208432
2026-01-07 20:15:00,D02,44.87258694388444,23.9480486858186,69.73370860208432
2026-01-07 20:15:00,D03,26.91502647329338,23.9480486858186,69.73370860208432
2026-01-07 20:15:00,D04,27.782963527782123,23.9480486858186,69.73370860208432
2026-01-07 20:15:00,D05,49.95472301451994,23.9480486858186,69.73370860208432
2026-01-07 20:20:00,D01,30.735167411476557,25.09384071565726,70.41453889744365
2026-01-07 20:20:00,D02,52.38913723167148,25.09384071565726,70.41453889744365
2026-01-07 20:20:00,D03,34.202818118852505,25.09384071565726,70.41453889744365
2026-01-07 20:20:00,D04,,25.09384071565726,70.41453889744365
2026-01-07 20:20:00,D05,57.78635147746889,25.09384071565726,70.41453889744365
2026-01-07 20:25:00,D01,31.75976760755228,23.6561442731728,72.16882821313288
2026-01-07 20:25:00,D02,51.59522393044116,23.6561442731728,72.16882821313288
2026-01-07 20:25:00,D03,31.664878479426207,23.6561442731728,72.16882821313288
2026-01-07 20:25:00,D04,32.40244130249803,23.6561442731728,72.16882821313288
2026-01-07 20:25:00,D05,116.77872730699366,23.6561442731728,72.16882821313288
2026-01-07 20:30:00,D01,30.21705974663378,23.111601335972757,70.60587573202868
2026-01-07 20:30:00,D02,52.240657550354896,23.111601335972757,70.60587573202868
2026-01-07 20:30:00,D03,31.860711449958643,23.111601335972757,70.60587573202868
2026-01-07 20:30:00,D04,30.803257599014884,23.111601335972757,70.60587573202868
2026-01-07 20:30:00,D05,56.69599193335452,23.111601335972757,70.60587573202868
2026-01-07 20:35:00,D01,30.473427569478154,23.634750768728452,68.88079616168619
2026-01-07 20:35:00,D02,53.01277234140205,23.634750768728452,68.88079616168619
2026-01-07 20:35:00,D03,31.663585251673844,23.634750768728452,68.88079616168619
2026-01-07 20:35:00,D04,30.86628001776171,23.634750768728452,68.88079616168619
2026-01-07 20:35:00,D05,54.36480173319315,23.634750768728452,68.88079616168619
2026-01-07 20:40:00,D01,31.449266342548174,22.79831806595873,73.13797786660814
2026-01-07 20:40:00,D02,54.32421343642976,22.79831806595873,73.13797786660814
2026-01-07 20:40:00,D03,33.21693896395321,22.79831806595873,73.13797786660814
2026-01-07 20:40:00,D04,34.369410928612496,22.79831806595873,73.13797786660814
2026-01-07 20:40:00,D05,58.309102977623155,22.79831806595873,73.13797786660814
2026-01-07 20:45:00,D01,34.23966527176199,24.078820651753297,70.33782295057816
2026-01-07 20:45:00,D02,53.782751844418584,24.078820651753297,70.33782295057816
2026-01-07 20:45:00,D03,35.971575057541955,24.078820651753297,70.33782295057816
2026-01-07 20:45:00,D04,34.04761099759806,24.078820651753297,70.33782295057816
2026-01-07 20:45:00,D05,58.582770142701875,24.078820651753297,70.33782295057816
2026-01-07 20:50:00,D01,29.939529477090193,22.58950743879354,71.66782143549966
2026-01-07 20:50:00,D02,50.45500382567917,22.58950743879354,71.66782143549966
2026-01-07 20:50:00,D03,31.069194762749326,22.58950743879354,71.66782143549966
2026-01-07 20:50:00,D04,30.121229227847337,22.58950743879354,71.66782143549966
2026-01-07 20:50:00,D05,55.47171665427393,22.58950743879354,71.66782143549966
2026-01-07 20:55:00,D01,33.650370210447946,23.556663511680245,72.58493531823373
2026-01-07 20:55:00,D02,53.35752962130364,23.556663511680245,72.58493531823373
2026-01-07 20:55:00,D03,33.874392841256224,23.556663511680245,72.58493531823373
2026-01-07 20:55:00,D04,32.82861985667336,23.556663511680245,72.58493531823373
2026-01-07 20:55:00,D05,57.64337342712699,23.556663511680245,72.58493531823373
2026-01-07 21:00:00,D01,29.360497460169434,22.425560184139194,72.3704834394696
2026-01-07 21:00:00,D02,49.80993041776063,22.425560184139194,72.3704834394696
2026-01-07 21:00:00,D03,30.408614279324755,22.425560184139194,72.3704834394696
2026-01-07 21:00:00,D04,30.69902859348174,22.425560184139194,72.3704834394696
2026-01-07 21:00:00,D05,55.80571766981123,22.425560184139194,72.3704834394696
2026-01-07 21:05:00,D01,30.408544965771465,23.228031287432916,73.86490894187973
2026-01-07 21:05:00,D02,50.108362688715204,23.228031287432916,73.86490894187973
2026-01-07 21:05:00,D03,28.998755553232403,23.228031287432916,73.86490894187973
2026-01-07 21:05:00,D04,31.512171669047564,23.228031287432916,73.86490894187973
2026-01-07 21:05:00,D05,53.76256920674865,23.228031287432916,73.86490894187973
2026-01-07 21:10:00,D01,31.57574719654314,24.135302393851653,73.09127808319037
2026-01-07 21:10:00,D02,52.11393238667765,24.135302393851653,73.09127808319037
2026-01-07 21:10:00,D03,31.386633589188698,24.135302393851653,73.09127808319037
2026-01-07 21:10:00,D04,30.495082898476806,24.135302393851653,73.09127808319037
2026-01-07 21:10:00,D05,56.09864818667467,24.135302393851653,73.09127808319037
2026-01-07 21:15:00,D01,36.633281758953444,23.42112490832303,71.22643370524408
2026-01-07 21:15:00,D02,55.02339699133438,23.42112490832303,71.22643370524408
2026-01-07 21:15:00,D03,35.35053298139844,23.42112490832303,71.22643370524408
2026-01-07 21:15:00,D04,33.04914973073116,23.42112490832303,71.22643370524408
2026-01-07 21:15:00,D05,60.237282510476675,23.42112490832303,71.22643370524408
2026-01-07 21:20:00,D01,36.88973085563239,22.73803098192265,75.92828769217725
2026-01-07 21:20:00,D02,55.62822362019924,22.73803098192265,75.92828769217725
2026-01-07 21:20:00,D03,36.15180280664046,22.73803098192265,75.92828769217725
2026-01-07 21:20:00,D04,33.71754646092827,22.73803098192265,75.92828769217725
2026-01-07 21:20:00,D05,60.29821749888879,22.73803098192265,75.92828769217725
2026-01-07 21:25:00,D01,35.5522817213643,23.084975840066047,73.09034502593617
2026-01-07 21:25:00,D02,54.90291697832291,23.084975840066047,73.09034502593617
2026-01-07 21:25:00,D03,34.92872765895674,23.084975840066047,73.09034502593617
2026-01-07 21:25:00,D04,33.91953665915211,23.084975840066047,73.09034502593617
2026-01-07 21:25:00,D05,59.0213550423349,23.084975840066047,73.09034502593617
2026-01-07 21:30:00,D01,35.03596350294756,23.04224173456606,72.71252306298007
2026-01-07 21:30:00,D02,53.302839410295334,23.04224173456606,72.71252306298007
2026-01-07 21:30:00,D03,35.70930129985072,23.04224173456606,72.71252306298007
2026-01-07 21:30:00,D04,35.99954736187286,23.04224173456606,72.71252306298007
2026-01-07 21:30:00,D05,59.65210019513616,23.04224173456606,72.71252306298007
2026-01-07 21:35:00,D01,37.10464048585434,23.20409215158429,74.51033417725819
2026-01-07 21:35:00,D02,55.47821461623511,23.20409215158429,74.51033417725819
2026-01-07 21:35:00,D03,34.78223371591267,23.20409215158429,74.51033417725819
2026-01-07 21:35:00,D04,34.76295184557172,23.20409215158429,74.51033417725819
2026-01-07 21:35:00,D05,59.29578504587819,23.20409215158429,74.51033417725819
2026-01-07 21:40:00,D01,31.42823716820379,22.220810596914617,73.56569686178504
2026-01-07 21:40:00,D02,52.042267525939465,22.220810596914617,73.56569686178504
2026-01-07 21:40:00,D03,33.47752101228904,22.220810596914617,73.56569686178504
2026-01-07 21:40:00,D04,32.611313750003795,22.220810596914617,73.56569686178504
2026-01-07 21:40:00,D05,57.3112450436096,22.220810596914617,73.56569686178504
2026-01-07 21:45:00,D01,33.904584129588144,23.138935575410944,73.91353841243443
2026-01-07 21:45:00,D02,53.954239080018816,23.138935575410944,73.91353841243443
2026-01-07 21:45:00,D03,36.79097562553771,23.138935575410944,73.91353841243443
2026-01-07 21:45:00,D04,34.915732799867904,23.138935575410944,73.91353841243443
2026-01-07 21:45:00,D05,59.48175946951912,23.138935575410944,73.91353841243443
2026-01-07 21:50:00,D01,36.14403986709802,21.43084695513418,77.1721904560299
2026-01-07 21:50:00,D02,54.875232181315724,21.43084695513418,77.1721904560299
2026-01-07 21:50:00,D03,36.93261240942608,21.43084695513418,77.1721904560299
2026-01-07 21:50:00,D04,34.34999209091987,21.43084695513418,77.1721904560299
2026-01-07 21:50:00,D05,60.553243569990684,21.43084695513418,77.1721904560299
2026-01-07 21:55:00,D01,38.574888186943056,22.410498370453364,73.1364365643469
2026-01-07 21:55:00,D02,56.516178288990744,22.410498370453364,73.1364365643469
2026-01-07 21:55:00,D03,37.13039196627487,22.410498370453364,73.1364365643469
2026-01-07 21:55:00,D04,37.18227465054649,22.410498370453364,73.1364365643469
2026-01-07 21:55:00,D05,,22.410498370453364,73.1364365643469
2026-01-07 22:00:00,D01,37.17548783607916,22.42573605985203,73.1836126968183
2026-01-07 22:00:00,D02,56.92696397453332,22.42573605985203,73.1836126968183
2026-01-07 22:00:00,D03,37.671843142255874,22.42573605985203,73.1836126968183
2026-01-07 22:00:00,D04,38.688350586216266,22.42573605985203,73.1836126968183
2026-01-07 22:00:00,D05,62.36731617995869,22.42573605985203,73.1836126968183
2026-01-07 22:05:00,D01,36.423474761998946,22.93302963449809,73.94213532509376
2026-01-07 22:05:00,D02,54.7063889383444,22.93302963449809,73.94213532509376
2026-01-07 22:05:00,D03,35.10356493560863,22.93302963449809,73.94213532509376
2026-01-07 22:05:00,D04,36.27124854436939,22.93302963449809,73.94213532509376
2026-01-07 22:05:00,D05,60.020837907109154,22.93302963449809,73.94213532509376
2026-01-07 22:10:00,D01,34.64349992662103,22.576261260447342,75.47738223515374
2026-01-07 22:10:00,D02,56.35501137335937,22.576261260447342,75.47738223515374
2026-01-07 22:10:00,D03,35.040743752101605,22.576261260447342,75.47738223515374
2026-01-07 22:10:00,D04,36.17087149548623,22.576261260447342,75.47738223515374
2026-01-07 22:10:00,D05,62.616627727038306,22.576261260447342,75.47738223515374
2026-01-07 22:15:00,D01,38.66334315971319,21.812854765408424,71.70892637004127
2026-01-07 22:15:00,D02,56.079294277390886,21.812854765408424,71.70892637004127
2026-01-07 22:15:00,D03,38.17228937510666,21.812854765408424,71.70892637004127
2026-01-07 22:15:00,D04,37.83613449368021,21.812854765408424,71.70892637004127
2026-01-07 22:15:00,D05,61.92611650277256,21.812854765408424,71.70892637004127
2026-01-07 22:20:00,D01,36.67395111842425,21.975964501908244,71.11474403315174
2026-01-07 22:20:00,D02,55.67201061467266,21.975964501908244,71.11474403315174
2026-01-07 22:20:00,D03,35.709835812134806,21.975964501908244,71.11474403315174
2026-01-07 22:20:00,D04,,21.975964501908244,71.11474403315174
2026-01-07 22:20:00,D05,60.95392255753622,21.975964501908244,71.11474403315174
2026-01-07 22:25:00,D01,34.99785900035713,22.522782609176478,73.27244188526423
2026-01-07 22:25:00,D02,54.26862267500249,22.522782609176478,73.27244188526423
2026-01-07 22:25:00,D03,34.648626685430045,22.522782609176478,73.27244188526423
2026-01-07 22:25:00,D04,33.7672949364892,22.522782609176478,73.27244188526423
2026-01-07 22:25:00,D05,57.91380100328671,22.522782609176478,73.27244188526423
2026-01-07 22:30:00,D01,35.217811075614215,22.34106866651129,71.78791088652393
2026-01-07 22:30:00,D02,56.56387433884149,22.34106866651129,71.78791088652393
2026-01-07 22:30:00,D03,37.523455166305645,22.34106866651129,71.78791088652393
2026-01-07 22:30:00,D04,37.63278866418163,22.34106866651129,71.78791088652393
2026-01-07 22:30:00,D05,62.09878938649703,22.34106866651129,71.78791088652393
2026-01-07 22:35:00,D01,34.17910755917711,22.05039859876813,73.68283167153953
2026-01-07 22:35:00,D02,56.50869018101449,22.05039859876813,73.68283167153953
2026-01-07 22:35:00,D03,35.61185032677945,22.05039859876813,73.68283167153953
2026-01-07 22:35:00,D04,34.88182489806885,22.05039859876813,73.68283167153953
2026-01-07 22:35:00,D05,60.22549525759494,22.05039859876813,73.68283167153953
2026-01-07 22:40:00,D01,33.936319766389566,22.061120001314475,75.15067575205302
2026-01-07 22:40:00,D02,53.71588231620417,22.061120001314475,75.15067575205302
2026-01-07 22:40:00,D03,36.488328222537355,22.061120001314475,75.15067575205302
2026-01-07 22:40:00,D04,35.45296115179041,22.061120001314475,75.15067575205302
2026-01-07 22:40:00,D05,60.42581024455802,22.061120001314475,75.15067575205302
2026-01-07 22:45:00,D01,36.580440507298235,22.613433351104113,73.13317799962267
2026-01-07 22:45:00,D02,56.305136333097074,22.613433351104113,73.13317799962267
2026-01-07 22:45:00,D03,36.59124939500803,22.613433351104113,73.13317799962267
2026-01-07 22:45:00,D04,35.80292683878275,22.613433351104113,73.13317799962267
2026-01-07 22:45:00,D05,61.14398204293744,22.613433351104113,73.13317799962267
2026-01-07 22:50:00,D01,34.32769483367883,21.97256895982426,72.39692964231025
2026-01-07 22:50:00,D02,55.00273460984859,21.97256895982426,72.39692964231025
2026-01-07 22:50:00,D03,34.600886485472884,21.97256895982426,72.39692964231025
2026-01-07 22:50:00,D04,34.97814351716244,21.97256895982426,72.39692964231025
2026-01-07 22:50:00,D05,58.40675261456494,21.97256895982426,72.39692964231025
2026-01-07 22:55:00,D01,35.40837029516265,22.15570510605582,74.70450428643231
2026-01-07 22:55:00,D02,56.90042978662104,22.15570510605582,74.70450428643231
2026-01-07 22:55:00,D03,36.527920641197596,22.15570510605582,74.70450428643231
2026-01-07 22:55:00,D04,,22.15570510605582,74.70450428643231
2026-01-07 22:55:00,D05,,22.15570510605582,74.70450428643231
2026-01-07 23:00:00,D01,33.20088949815651,23.25533916259493,75.95307348981345
2026-01-07 23:00:00,D02,53.73106784456161,23.25533916259493,75.95307348981345
2026-01-07 23:00:00,D03,32.819828401348055,23.25533916259493,75.95307348981345
2026-01-07 23:00:00,D04,,23.25533916259493,75.95307348981345
2026-01-07 23:00:00,D05,59.34179438658008,23.25533916259493,75.95307348981345
2026-01-07 23:05:00,D01,37.56057231629993,21.431448332491733,72.17096054035768
2026-01-07 23:05:00,D02,57.597926665620975,21.431448332491733,72.17096054035768
2026-01-07 23:05:00,D03,39.608023448256596,21.431448332491733,72.17096054035768
2026-01-07 23:05:00,D04,39.66971135571242,21.431448332491733,72.17096054035768
2026-01-07 23:05:00,D05,141.74684223410372,21.431448332491733,72.17096054035768
2026-01-07 23:10:00,D01,37.300036282521425,21.192598598613003,75.9933086686583
2026-01-07 23:10:00,D02,57.307782597918624,21.192598598613003,75.9933086686583
2026-01-07 23:10:00,D03,38.62840588787885,21.192598598613003,75.9933086686583
2026-01-07 23:10:00,D04,36.221748665576285,21.192598598613003,75.9933086686583
2026-01-07 23:10:00,D05,63.20493960712801,21.192598598613003,75.9933086686583
2026-01-07 23:15:00,D01,36.881364114542585,22.487868430383152,76.0338121096398
2026-01-07 23:15:00,D02,55.21906419601703,22.487868430383152,76.0338121096398
2026-01-07 23:15:00,D03,36.9354320143306,22.487868430383152,76.0338121096398
2026-01-07 23:15:00,D04,35.78175644608752,22.487868430383152,76.0338121096398
2026-01-07 23:15:00,D05,60.00504924962782,22.487868430383152,76.0338121096398
2026-01-07 23:20:00,D01,39.6610573623458,21.736639704291914,76.279205183357
2026-01-07 23:20:00,D02,60.50039223441345,21.736639704291914,76.279205183357
2026-01-07 23:20:00,D03,40.81795276242363,21.736639704291914,76.279205183357
2026-01-07 23:20:00,D04,38.10213286381922,21.736639704291914,76.279205183357
2026-01-07 23:20:00,D05,62.58861356282178,21.736639704291914,76.279205183357
2026-01-07 23:25:00,D01,40.065750382842815,21.89907368378989,76.71133542698513
2026-01-07 23:25:00,D02,60.75355724507753,21.89907368378989,76.71133542698513
2026-01-07 23:25:00,D03,38.33384999883071,21.89907368378989,76.71133542698513
2026-01-07 23:25:00,D04,41.67826965987025,21.89907368378989,76.71133542698513
2026-01-07 23:25:00,D05,65.29591165619065,21.89907368378989,76.71133542698513
2026-01-07 23:30:00,D01,35.66263127737303,21.65219750406539,78.21746950072753
2026-01-07 23:30:00,D02,56.347758755293405,21.65219750406539,78.21746950072753
2026-01-07 23:30:00,D03,36.067756300404206,21.65219750406539,78.21746950072753
2026-01-07 23:30:00,D04,35.443344862762444,21.65219750406539,78.21746950072753
2026-01-07 23:30:00,D05,59.62006458060491,21.65219750406539,78.21746950072753
2026-01-07 23:35:00,D01,36.39435465324327,21.89981823850465,74.4064253092946
2026-01-07 23:35:00,D02,57.035783324621775,21.89981823850465,74.4064253092946
2026-01-07 23:35:00,D03,36.07523591004353,21.89981823850465,74.4064253092946
2026-01-07 23:35:00,D04,37.099492349115124,21.89981823850465,74.4064253092946
2026-01-07 23:35:00,D05,61.85364683923944,21.89981823850465,74.4064253092946
2026-01-07 23:40:00,D01,37.6954364968585,22.818295565589445,75.12630435103425
2026-01-07 23:40:00,D02,56.90354572931642,22.818295565589445,75.12630435103425
2026-01-07 23:40:00,D03,37.58290217448316,22.818295565589445,75.12630435103425
2026-01-07 23:40:00,D04,37.98776134749422,22.818295565589445,75.12630435103425
2026-01-07 23:40:00,D05,,22.818295565589445,75.12630435103425
2026-01-07 23:45:00,D01,37.61676499832551,22.411769613116046,74.353931582514
2026-01-07 23:45:00,D02,56.36799632222633,22.411769613116046,74.353931582514
2026-01-07 23:45:00,D03,37.15445491301366,22.411769613116046,74.353931582514
2026-01-07 23:45:00,D04,38.865177286197905,22.411769613116046,74.353931582514
2026-01-07 23:45:00,D05,61.25407110375636,22.411769613116046,74.353931582514
2026-01-07 23:50:00,D01,39.71970895085265,22.4358706480342,74.99344748295229
2026-01-07 23:50:00,D02,61.571747835638135,22.4358706480342,74.99344748295229
2026-01-07 23:50:00,D03,41.884492422307076,22.4358706480342,74.99344748295229
2026-01-07 23:50:00,D04,41.43882456426392,22.4358706480342,74.99344748295229
2026-01-07 23:50:00,D05,66.13015859196928,22.4358706480342,74.99344748295229
2026-01-07 23:55:00,D01,40.3898926264791,21.293076336704132,77.29693030425355
2026-01-07 23:55:00,D02,58.354405647580506,21.293076336704132,77.29693030425355
2026-01-07 23:55:00,D03,39.62238616106969,21.293076336704132,77.29693030425355
2026-01-07 23:55:00,D04,40.5368495580712,21.293076336704132,77.29693030425355
2026-01-07 23:55:00,D05,,21.293076336704132,77.29693030425355
